T(K) \ P(MPa),0.1,0.6,1.1,1.6,2.1,2.6,3.1,3.6,4.1,4.6,5.1,5.6,6.1,6.6,7.1,7.6,8.1,8.6,9.1,9.6,10.1,10.6,11.1,11.6,12.1,12.6,13.0,13.05,13.1,13.15,13.2,13.25,13.3,13.35,13.4,13.45,13.5,13.55,13.6,13.65,13.7,13.75,13.8,13.85,13.9,13.95,14.0,14.05,14.1,14.15,14.2,14.25,14.3,14.35,14.4,14.45,14.5,14.55,14.6,14.65,14.7,14.75,14.8,14.85,14.9,14.95,15.0,15.05,15.1,15.15,15.2,15.25,15.3,15.35,15.4,15.45,15.5,15.55,15.6,15.65,15.7,15.75,15.8,15.85,15.9,15.95,16.0,16.05,16.1,16.15,16.2,16.25,16.3,16.35,16.4,16.45,16.5,16.55,16.6,16.65,16.7,16.75,16.8,16.85,16.9,16.95,17.0,17.1,17.6
273.15,0.059662252247094476,0.568792371440138,1.0775336656187693,1.5858872934968944,2.093854410876656,2.6014361706453437,3.1086337227720215,3.6154482143045983,4.121880789366567,4.627932589154086,5.133604751932906,5.638898413035431,6.143814704857785,6.648354756856839,7.152519695547544,7.656310644499923,8.159728724336437,8.662775052729074,9.165450744396876,9.667756911103053,10.169694661652464,10.671265101889025,11.172469334693131,11.673308459979069,12.173783574692557,12.673895772808432,13.07372496460371,13.123687359195811,13.173646145328,13.223601324086957,13.27355289655903,13.323500863830334,13.373445226986613,13.423385987113475,13.473323145296005,13.523256702619161,13.573186660167531,13.623113019025435,13.673035780276816,13.72295494500544,13.772870514294699,13.822782489227707,13.872690870887263,13.922595660355894,13.972496858715813,14.022394467048914,14.072288486436877,14.122178917960957,14.172065762702228,14.221949021741368,14.271828696158872,14.3217047870348,14.37157729544902,14.421446222481045,14.471311569210105,14.52117333671516,14.571031526074854,14.620886138367469,14.6707371746711,14.720584636063478,14.770428523621998,14.820268838423871,14.870105581545948,14.9199387540647,14.969768357056434,15.01959439159704,15.06941685876227,15.119235759627413,15.169051095267532,15.218862866757384,15.268671075171381,15.31847572158376,15.36827680706834,15.418074332698689,15.467868299548076,15.517658708689451,15.567445561195427,15.617228858138455,15.667008600590547,15.716784789623526,15.766557426308792,15.81632651171756,15.866092046920706,15.915854032988738,15.965612470992,16.01536736200044,16.065118707083688,16.114866507311213,16.16461076375203,16.214351477474885,16.26408864954832,16.313822281040473,16.363552373019232,16.413278926552167,16.463001942706615,16.512721422549504,16.562437367147528,16.61214977756705,16.6618586548742,16.711564000134697,16.76126581441411,16.810964098777575,16.86065885428994,16.910350082015814,16.960037783019562,17.009721958365088,17.059402609116088,17.158753341087856,17.655295886529974
278.15,21.11804394135534,21.615627039946226,22.112875354011926,22.609789824098492,23.10637138857312,23.602620983620124,24.098539543237315,24.594127999232203,25.089387281218375,25.584318316611913,26.078922030627812,26.57319934627638,27.067151184359894,27.56077846346907,28.05408209997978,28.547063008049566,29.03972209961444,29.53206028438575,30.02407846984671,30.515777561249443,31.007158461611773,31.498222071714142,31.988969290096712,32.47940101305611,32.96951813464267,33.45932154665755,33.85093900323046,33.89987713104591,33.94881213864966,33.99774402692799,34.046672796766956,34.09559844905237,34.144520984669825,34.19344040450475,34.24235670944223,34.2912699003672,34.340179978164414,34.38908694371828,34.43799079791307,34.48689154163283,34.535789175761266,34.58468370118204,34.63357511877843,34.68246342943362,34.731348634030425,34.78023073345155,34.82910972857942,34.87798562029624,34.926858409484026,34.97572809702449,35.024594683799215,35.073458170689435,35.122318558576325,35.171175848340624,35.22003004086307,35.26888113702397,35.31772913770355,35.366574043781746,35.41541585613827,35.46425457565266,35.51309020320408,35.56192273967167,35.61075218593424,35.65957854287031,35.708401811358286,35.757221992276264,35.80603908650222,35.85485309491377,35.90366401838838,35.95247185780331,36.00127661403551,36.050078287961824,36.098876880458704,36.14767239240254,36.19646482466939,36.24525417813517,36.29404045367541,36.34282365216565,36.39160377448097,36.440380821496376,36.489154794086595,36.53792569312615,36.58669351948929,36.63545827405002,36.68421995768228,36.73297857125955,36.781734115655205,36.83048659174248,36.87923600039418,36.92798234248301,36.976725618881495,37.0254658304618,37.07420297809594,37.1229370626557,37.17166808501264,37.22039604603802,37.26912094660302,37.31784278757845,37.36656156983496,37.415277294242905,37.46398996167261,37.512699572993874,37.56140612907649,37.61010963078997,37.65881007900356,37.70750747458634,37.75620181840706,37.85358135423661,38.340296222756216
283.15,42.117430150193165,42.60495357295929,43.092187115448546,43.579131536897336,44.0657875949691,44.55215604574968,45.03823764374299,45.52403314186657,46.00954329144725,46.49476884221689,46.97971054230811,47.464369138250255,47.94874537496514,48.432839995763054,48.91665374233874,49.40018735476754,49.8834415715013,50.36641712936467,50.84911476355137,51.331535207620206,51.81367919349162,52.295547451443916,52.77714071010974,53.25845969647237,53.739505135862515,54.22027775195457,54.60469989730345,54.65274043929719,54.7007782667634,54.74881338042168,54.79684578099146,54.844875469192026,54.892902445742386,54.94092671136161,54.98894826676843,55.03696711268139,55.08498324981897,55.13299667889944,55.18100740064092,55.22901541576129,55.27702072497835,55.325023329009724,55.37302322857281,55.42102042438488,55.469014917163044,55.51700670762421,55.56499579648519,55.61298218446257,55.660965872272776,55.708946860632025,55.75692515025649,55.80490074186206,55.8528736361645,55.90084383387944,55.94881133572227,55.99677614240819,56.04473825465241,56.09269767316978,56.140654398675125,56.18860843188299,56.23655977350778,56.284508424263755,56.33245438486503,56.38039765602551,56.42833823845897,56.476276132878944,56.52421133999888,56.572143860532044,56.62007369519148,56.66800084469013,56.71592530974069,56.76384709105581,56.81176618934784,56.85968260532904,56.90759633971151,56.955507393207114,57.00341576652758,57.05132146038456,57.09922447548935,57.147124812553244,57.195022472287256,57.24291745540236,57.29080976260923,57.338699394618466,57.3865863521404,57.43447063588526,57.48235224656314,57.530231184883895,57.5781074515573,57.62598104729286,57.67385197279992,57.7217202287877,57.76958581596534,57.8174487350416,57.86530898672527,57.91316657172481,57.96102149074866,58.00887374450496,58.05672333370179,58.104570259046966,58.15241452124825,58.200256121013126,58.2480950590489,58.295931336062836,58.34376495276193,58.391595909853024,58.43942420804276,58.53507283054425,59.013156649017816
288.15,63.07776303075151,63.55633255733969,64.03465018679971,64.51271652625331,64.99053218175831,65.46809775830313,65.94541385980186,66.42248108908868,66.89930004791304,67.37587133693455,67.8521955557179,68.32827330272802,68.80410517532518,69.27969176976022,69.7550336811698,70.2301315035718,70.70498582986059,71.17959725180268,71.65396636003187,72.12809374404534,72.60197999219882,73.07562569170253,73.54903142861696,74.02219778784851,74.49512535314544,74.96781470709388,75.34579506883517,75.39303193551221,75.44026643111371,75.4874985562194,75.53472831140886,75.58195569726163,75.62918071435698,75.67640336327429,75.72362364459252,75.77084155889092,75.81805710674818,75.86527028874322,75.91248110545462,75.95968955746098,76.00689564534068,76.0540993696721,76.10130073103338,76.14849973000264,76.1956963671577,76.24289064307659,76.29008255833693,76.33727211351633,76.38445930919225,76.43164414594207,76.4788266243431,76.52600674497249,76.57318450840711,76.62035991522397,76.66753296599974,76.71470366131123,76.76187200173487,76.8090379878471,76.85620162022421,76.90336289944244,76.95052182607773,76.9976784007062,77.04483262390357,77.09198449624557,77.13913401830777,77.1862811906657,77.23342601389469,77.28056848856991,77.32770861526654,77.37484639455951,77.42198182702381,77.46911491323412,77.51624565376504,77.56337404919118,77.61050010008692,77.65762380702651,77.70474517058419,77.75186419133388,77.79898086984959,77.84609520670506,77.8932072024741,77.94031685773014,77.98742417304675,78.03452914899714,78.08163178615455,78.1287320850921,78.1758300463828,78.22292567059942,78.27001895831475,78.3171099101013,78.3641985265317,78.41128480817821,78.4583687556132,78.50545036940866,78.55252965013672,78.59960659836916,78.64668121467787,78.69375349963445,78.74082345381045,78.78789107777719,78.83495637210612,78.88201933736828,78.92907997413482,78.9761382829766,79.02319426446448,79.07024791916912,79.11729924766112,79.21139492828881,79.68173395250207
293.15,84.01181116713623,84.48226223927274,84.95249409058268,85.42250719919305,85.89230204260296,86.361879097677,86.83123884063941,87.30038174706783,87.7693082918873,88.23801894936412,88.70651419310049,89.17479449602791,89.64286033040209,90.11071216779705,90.57835047909958,91.04577573450365,91.51298840350526,91.97998895489661,92.44677785676122,92.91335557646853,93.37972258066873,93.8458793352879,94.31182630552259,94.77756395583533,95.24309274994934,95.70841315084418,96.08051973908657,96.1270237174964,96.17352562075062,96.22002544931036,96.26652320363661,96.31301888419043,96.35951249143275,96.40600402582439,96.4524934878261,96.49898087789859,96.54546619650242,96.59194944409809,96.63843062114604,96.6849097281068,96.73138676544056,96.7778617336076,96.82433463306799,96.87080546428186,96.91727422770913,96.96374092380981,97.0102055530437,97.05666811587065,97.1031286127502,97.14958704414202,97.19604341050567,97.24249771230062,97.2889499499863,97.33540012402192,97.38184823486678,97.42829428297992,97.47473826882053,97.52118019284751,97.56762005551991,97.61405785729649,97.66049359863604,97.70692727999723,97.75335890183871,97.7997884646189,97.84621596879639,97.89264141482951,97.93906480317669,97.98548613429594,98.03190540864549,98.07832262668343,98.12473778886772,98.17115089565641,98.21756194750712,98.26397094487781,98.31037788822606,98.35678277800942,98.40318561468553,98.44958639871183,98.49598513054559,98.54238181064423,98.58877643946495,98.63516901746475,98.68155954510077,98.72794802282998,98.7743344511094,98.82071883039568,98.8671011611457,98.91348144381604,98.95985967886334,99.0062358667441,99.05261000791472,99.09898210283163,99.14535215195103,99.19172015572909,99.23808611462204,99.2844500290858,99.33081189957647,99.37717172654982,99.42352951046176,99.4698852517679,99.51623895092392,99.56259060838529,99.60894022460775,99.65528780004651,99.70163333515694,99.7479768303944,99.79431828621391,99.88699508141957,100.35025684702714
298.15,104.92806751189623,105.39104049150559,105.85382281542556,106.31641485105864,106.77881696556118,107.24102952583603,107.70305289852496,108.16488745000228,108.62653354636677,109.08799155343509,109.54926183673514,110.01034476149857,110.47124069265476,110.93194999482324,111.39247303230819,111.85281016909109,112.31296176882485,112.77292819482716,113.23270981007455,113.6923069771958,114.15172005846652,114.6109494158025,115.06999541075429,115.52885840450116,115.98753875784546,116.44603683120685,116.81270429026256,116.85852954542078,116.90435298461676,116.95017460820989,116.99599441655967,117.0418124100254,117.08762858896654,117.1334429537422,117.17925550471185,117.22506624223456,117.27087516666954,117.31668227837599,117.36248757771291,117.40829106503948,117.45409274071459,117.49989260509732,117.54569065854652,117.59148690142112,117.63728133407999,117.68307395688194,117.72886477018582,117.77465377435026,117.82044096973388,117.8662263566955,117.91200993559363,117.95779170678689,118.00357167063383,118.0493498274928,118.0951261777224,118.14090072168092,118.18667345972678,118.2324443922183,118.27821351951377,118.32398084197153,118.36974635994946,118.41551007380606,118.46127198389921,118.50703209058705,118.55279039422774,118.59854689517911,118.64430159379921,118.69005449044586,118.73580558547695,118.78155487925028,118.82730237212368,118.87304806445495,118.91879195660161,118.96453404892144,119.01027434177205,119.05601283551088,119.10174953049568,119.1474844270837,119.19321752563255,119.23894882649954,119.28467833004208,119.33040603661742,119.37613194658287,119.42185606029574,119.46757837811312,119.5132989003921,119.55901762748985,119.60473455976343,119.65044969756988,119.69616304126617,119.74187459120915,119.78758434775577,119.8332923112629,119.87899848208723,119.92470286058558,119.97040544711473,120.01610624203124,120.06180524569187,120.10750245845298,120.15319788067136,120.19889151270333,120.24458335490542,120.29027340763403,120.33596167124554,120.3816481460962,120.42733283254236,120.47301573094016,120.56437616501579,121.02107117355689
303.15,125.83250624202114,126.28849789667137,126.74432425020176,127.19998557365767,127.65548213818207,128.1108142150064,128.565982075442,129.02098599087188,129.47582623274224,129.93050307255393,130.3850167818549,130.83936763223156,131.29355589530135,131.7475818427044,132.20144574609617,132.65514787713974,133.10868850749821,133.5620679088273,134.01528635276804,134.4683441109395,134.92124145493167,135.37397865629862,135.82655598655114,136.27897371715014,136.7312321195,137.18333146494172,137.54489660261808,137.59008510639006,137.63527202474657,137.6804573579587,137.72564110629762,137.77082327003455,137.81600384944045,137.8611828447866,137.90636025634407,137.95153608438395,137.99671032917738,138.04188299099548,138.0870540701092,138.13222356678966,138.17739148130804,138.2225578139353,138.2677225649425,138.31288573460063,138.35804732318076,138.403207330954,138.44836575819122,138.49352260516343,138.5386778721417,138.58383155939705,138.62898366720032,138.67413419582257,138.71928314553466,138.76443051660763,138.80957630931238,138.85472052391978,138.8998631607008,138.94500421992635,138.9901437018673,139.0352816067945,139.0804179349789,139.12555268669138,139.17068586220265,139.21581746178373,139.26094748570532,139.30607593423827,139.35120280765346,139.3963281062216,139.44145183021348,139.48657397990002,139.53169455555184,139.57681355743972,139.62193098583444,139.6670468410068,139.71216112322736,139.757273832767,139.8023849698964,139.84749453488607,139.8926025280069,139.93770894952956,139.98281379972454,140.02791707886254,140.07301878721435,140.1181189250504,140.16321749264137,140.20831449025792,140.25340991817052,140.29850377664988,140.34359606596652,140.38868678639096,140.43377593819378,140.47886352164545,140.52394953701653,140.56903398457746,140.6141168645989,140.65919817735121,140.70427792310483,140.7493561021303,140.794432714698,140.8395077610784,140.8845812415419,140.9296531563589,140.97472350579983,141.01979229013506,141.0648595096349,141.1099251645698,141.15498925521,141.2451127446879,141.69563642629757
308.15,146.72963846386136,147.17903758809354,147.6282942453524,148.07740862152522,148.52638090291407,148.97521127622605,149.42389992856303,149.87244704741175,150.32085282063386,150.76911743645636,151.21724108346217,151.6652239505803,152.11306622707687,152.56076810254572,153.00832976689935,153.45575141036005,153.90303322345102,154.3501753969875,154.79717812206832,155.24404159006744,155.6907659926254,156.13735152164122,156.58379836926395,157.03010672788525,157.47627679013056,157.9223087488523,158.2790350110289,158.3236195927576,158.368202797121,158.41278462431256,158.4573650745256,158.50194414795362,158.54652184478988,158.59109816522806,158.63567310946164,158.68024667768387,158.72481887008854,158.76938968686898,158.81395912821884,158.85852719433169,158.90309388540112,158.9476592016208,158.99222314318425,159.03678571028513,159.08134690311726,159.12590672187423,159.17046516674972,159.21502223793752,159.25957793563143,159.304132260025,159.34868521131227,159.3932367896869,159.43778699534286,159.48233582847374,159.5268832892737,159.57142937793637,159.61597409465583,159.66051743962586,159.7050594130405,159.74960001509356,159.7941392459792,159.83867710589135,159.88321359502396,159.9277487135711,159.97228246172688,160.0168148396851,160.06134584764015,160.10587548578607,160.15040375431667,160.19493065342652,160.2394561833095,160.28398034416003,160.32850313617195,160.37302455953954,160.41754461445726,160.46206330111917,160.50658061971959,160.55109657045273,160.59561115351278,160.64012436909425,160.68463621739127,160.72914669859844,160.77365581290985,160.81816356052005,160.86266994162324,160.907174956414,160.95167860508667,160.99618088783572,161.04068180485555,161.0851813563407,161.12967954248566,161.1741763634848,161.21867181953283,161.26316591082403,161.30765863755326,161.35214999991481,161.39663999810338,161.44112863231362,161.48561590274005,161.53010180957733,161.5745863530201,161.619069533263,161.6635513505006,161.7080318049278,161.75251089673932,161.7969886261296,161.84146499329353,161.93041364172154,162.3750752165097
313.15,167.62313882384714,168.0662511667749,168.50924189486966,168.95211111745655,169.39485894457877,169.83748548698654,170.27999085612387,170.72237516411786,171.1646385237669,171.60678104852926,172.04880285251178,172.4907040504591,172.93248475774232,173.37414509034875,173.8156851648702,174.25710509849398,174.698405008991,175.13958501470674,175.58064523455042,176.02158578798506,176.4624067950183,176.90310837619197,177.34369065257255,177.78415374574246,178.22449777778976,178.6647228713,179.0168173930504,179.06082386471985,179.1048291493462,179.14883324705295,179.1928361579639,179.23683788220313,179.28083841989448,179.3248377711617,179.36883593612907,179.41283291492053,179.4568287076601,179.50082331447203,179.54481673548037,179.5888089708095,179.63280002058357,179.67678988492705,179.72077856396407,179.76476605781934,179.80875236661723,179.8527374904821,179.89672142953862,179.94070418391135,179.9846857537249,180.0286661391042,180.07264534017366,180.11662335705827,180.16060018988279,180.20457583877212,180.24855030385106,180.2925235852447,180.33649568307803,180.38046659747596,180.4244363285638,180.46840487646648,180.51237224130938,180.5563384232176,180.6003034223165,180.6442672387312,180.68822987258733,180.73219132401013,180.7761515931251,180.82011068005767,180.8640685849334,180.90802530787803,180.9519808490169,180.99593520847588,181.0398883863806,181.0838403828569,181.12779119803045,181.17174083202707,181.2156892849728,181.2596365569935,181.30358264821524,181.34752755876377,181.39147128876533,181.43541383834602,181.47935520763193,181.52329539674923,181.5672344058242,181.61117223498306,181.65510888435205,181.69904435405775,181.74297864422638,181.7869117549844,181.83084368645842,181.87477443877466,181.91870401205986,181.96263240644072,182.0065596220438,182.05048565899565,182.09441051742326,182.13833419745316,182.18225669921242,182.22617802282764,182.2700981684258,182.31401713613388,182.35793492607883,182.40185153838763,182.44576697318738,182.48968123060519,182.53359431076808,182.6214169398384,183.06045949318144
318.15,188.51621135243164,188.9532772598414,189.3902408505044,189.82710216361613,190.26386123938877,190.70051811903707,191.13707284476433,191.57352545974874,192.00987600812996,192.4461245349953,192.88227108636767,193.31831570919138,193.75425845131988,194.1900993615033,194.62583848937533,195.0614758854416,195.49701160106727,195.93244568846455,196.3677782006815,196.80300919159,197.23813871587456,197.67316682902035,198.1080935873028,198.54291904777574,198.97764326826072,199.41226630733675,199.7598919278251,199.80334058141779,199.8467882243293,199.89023485661997,199.93368047835034,199.97712508958082,200.0205686903721,200.06401128078485,200.10745286087996,200.1508934307179,200.19433299035978,200.2377715398667,200.28120907929954,200.3246456087193,200.36808112818738,200.411515637765,200.45494913751335,200.4983816274941,200.54181310776835,200.58524357839784,200.62867303944427,200.67210149096903,200.71552893303434,200.7589553657015,200.8023807890327,200.84580520308984,200.889228607935,200.9326510036302,200.97607239023765,201.01949276781966,201.06291213643846,201.10633049615643,201.14974784703605,201.1931641891399,201.23657952253046,201.2799938472706,201.32340716342267,201.36681947104975,201.4102307702148,201.4536410609806,201.49705034341014,201.54045861756651,201.58386588351297,201.62727214131243,201.6706773910286,201.71408163272457,201.75748486646387,201.80088709230986,201.8442883103261,201.88768852057646,201.9310877231244,201.97448591803374,202.0178831053682,202.0612792851919,202.10467445756862,202.14806862256242,202.1914617802375,202.23485393065798,202.27824507388794,202.32163520999197,202.36502433903416,202.40841246107914,202.45179957619138,202.4951856844353,202.5385707858757,202.58195488057706,202.62533796860444,202.6687200500226,202.7121011248963,202.75548119329056,202.79886025527045,202.8422383109011,202.8856153602476,202.92899140337522,202.9723664403494,203.0157404712352,203.05911349609818,203.10248551500388,203.1458565280178,203.18922653520565,203.23259553663303,203.31933052246953,203.75294512844656
323.15,209.41179856705747,209.843005603387,210.27412841387627,210.70516697219543,211.13612125333376,211.56699123358237,211.99777689051783,212.42847820298647,212.85909515108833,213.28962771616182,213.72007588076784,214.1504396286753,214.58071894484542,215.0109138154171,215.44102422769254,215.8710501701227,216.30099163229244,216.73084860490798,217.16062107978127,217.5903090498174,218.01991250900082,218.4494314523823,218.87886587606474,219.30821577719198,219.7374811539342,220.16666200547687,220.50994582865974,220.55285250295378,220.59575833200714,220.6386633158213,220.681567454398,220.72447074773916,220.7673731958464,220.8102747987221,220.8531755563682,220.8960754687869,220.93897453598052,220.98187275795132,221.0247701347021,221.0676666662353,221.11056235255347,221.15345719365953,221.1963511895564,221.2392443402469,221.28213664573437,221.32502810602176,221.36791872111235,221.41080849100953,221.4536974157169,221.4965854952378,221.53947272957606,221.58235911873513,221.62524466271927,221.66812936153198,221.71101321517767,221.75389622366023,221.79677838698404,221.83965970515325,221.88254017817232,221.92541980604582,221.9682985887782,222.0111765263742,222.05405361883888,222.09692986617668,222.13980526839282,222.18267982549241,222.22555353748055,222.2684264043624,222.31129842614342,222.35416960282896,222.39703993442464,222.439909420936,222.48277806236874,222.52564585872878,222.56851281002196,222.61137891625435,222.654244177432,222.697108593561,222.7399721646477,222.7828348906984,222.82569677171986,222.86855780771816,222.91141799870024,222.9542773446727,222.99713584564248,223.03999350161658,223.08285031260164,223.12570627860515,223.1685613996341,223.21141567569572,223.2542691067975,223.29712169294694,223.33997343415137,223.3828243304187,223.42567438175652,223.4685235881727,223.51137194967512,223.55421946627197,223.59706613797096,223.6399119647805,223.68275694670885,223.72560108376456,223.76844437595565,223.81128682329106,223.85412842577932,223.89696918342904,223.9398090962491,224.02548638743582,224.45382215670398
328.15,230.31269791250477,230.73818998108123,231.16361499456255,231.58897286412537,232.01426350257938,232.43948682434572,232.86464274543994,233.28973118345206,233.71475205752876,234.13970528835472,234.56459079813501,234.98940851057665,235.41415835087167,235.83884024567945,236.26345412310957,236.68799991270532,237.11247754542657,237.5368869536338,237.96122807107113,238.38550083285136,238.80970517543918,239.23384103663642,239.65790835556584,240.08190707265692,240.50583712963015,240.92969846948276,241.2687380275379,241.3111148761162,241.35349103647366,241.3958665085568,241.43824129231126,241.48061538768394,241.52298879462072,241.56536151306867,241.60773354297407,241.650104884284,241.69247553694512,241.73484550090478,241.77721477610984,241.81958336250784,241.8619512600461,241.90431846867224,241.9466849883337,241.9890508189784,242.03141596055428,242.0737804130095,242.11614417629173,242.1585072503497,242.20086963513157,242.24323133058596,242.28559233666132,242.32795265330668,242.37031228047064,242.41267121810236,242.45502946615068,242.49738702456514,242.5397438932951,242.58210007228985,242.6244555614988,242.666810360872,242.70916447035927,242.75151788991042,242.7938706194754,242.8362226590045,242.87857400844823,242.92092466775676,242.96327463688058,243.0056239157705,243.04797250437733,243.09032040265197,243.132667610545,243.1750141280081,243.21735995499225,243.25970509144906,243.30204953732948,243.34439329258566,243.38673635716907,243.4290787310316,243.4714204141251,243.51376140640176,243.55610170781364,243.5984413183131,243.64078023785262,243.68311846638463,243.72545600386175,243.76779285023687,243.81012900546284,243.85246446949256,243.8947992422792,243.937133323776,243.9794667139363,244.02179941271345,244.06413142006127,244.106462735933,244.14879336028298,244.19112329306472,244.23345253423247,244.27578108374016,244.31810894154228,244.36043610759307,244.40276258184724,244.44508836425905,244.48741345478325,244.52973785337488,244.5720615599888,244.61438457458016,244.65670689710385,244.74134946577004,245.16452076995785
333.15,251.2216247756133,251.6415087634046,252.06134218940952,252.4811249039591,252.90085675934978,253.32053760981984,253.74016731152824,254.159745722532,254.57927270276548,254.99874811401781,255.41817181991246,255.83754368588683,256.25686357917124,256.6761313687685,257.0953469254343,257.5145101216576,257.93362083164055,258.3526789312798,258.7716842981472,259.19063681147185,259.60953635212024,260.0283828025797,260.44717604693875,260.8659159708714,261.2846024616173,261.70323540796653,262.038103139326,262.07995918854175,262.12181470024166,262.1636696743178,262.20552411066296,262.2473780091701,262.2892313697321,262.33108419224214,262.3729364765934,262.4147882226791,262.4566394303931,262.4984900996292,262.5403402302809,262.5821898222425,262.624038875408,262.6658873896719,262.70773536492817,262.74958280107205,262.7914296979979,262.83327605560066,262.8751218737757,262.91696715241756,262.95881189142216,263.0006560906847,263.04249975010094,263.0843428695666,263.1261854489777,263.16802748822994,263.20986898722,263.25170994584414,263.2935503639987,263.3353902415805,263.3772295784861,263.4190683746128,263.46090662985733,263.5027443441172,263.54458151728977,263.5864181492722,263.6282542399627,263.6700897892586,263.71192479705826,263.7537592632595,263.79559318776074,263.83742657046025,263.87925941125656,263.92109171004836,263.96292346673454,264.0047546812141,264.046585353386,264.0884154831495,264.13024507040427,264.1720741150493,264.21390261698474,264.2557305761102,264.2975579923257,264.33938486553143,264.38121119562743,264.42303698251413,264.4648622260921,264.50668692626226,264.5485110829251,264.5903346959814,264.6321577653327,264.67398029087985,264.71580227252457,264.7576237101683,264.79944460371235,264.8412649530588,264.8830847581097,264.92490401876677,264.9667227349324,265.00854090650904,265.0503585333992,265.0921756155052,265.1339921527301,265.17580814497654,265.21762359214785,265.25943849414716,265.30125285087775,265.3430666622429,265.38487992814635,265.46850482318354,265.8865965380756
338.15,272.1412458722167,272.55559651850217,272.9699126289044,273.3841939933089,273.7984404039263,274.2126516552669,274.62682754411327,275.0409678694967,275.45507243266985,275.8691410370838,276.2831734883617,276.6971695942755,277.1111291647219,277.5250520116984,277.93893794928005,278.3527867935965,278.7665983628091,279.1803724770887,279.59410895859304,280.0078076314459,280.42146832171386,280.835090857387,281.24867506835636,281.6622207863942,282.07572784513303,282.48919608004576,282.8199426054218,282.86128416258174,282.9026253284259,282.94396610279426,282.9853064855269,283.02664647646395,283.0679860754458,283.10932528231325,283.15066409690706,283.19200251906824,283.2333405486378,283.27467818545705,283.3160154293676,283.35735228021105,283.39868873782933,283.44002480206433,283.48136047275847,283.5226957497538,283.56403063289304,283.6053651220191,283.6466992169747,283.6880329176029,283.72936622374704,283.7706991352504,283.8120316519568,283.8533637737098,283.8946955003535,283.93602683173185,283.9773577676896,284.0186883080706,284.0600184527198,284.1013482014822,284.1426775542024,284.1840065107259,284.2253350708978,284.2666632345638,284.3079910015694,284.3493183717605,284.39064534498334,284.43197192108374,284.4732980999085,284.5146238813037,284.5559492651163,284.59727425119326,284.6385988393813,284.679923029528,284.72124682148075,284.7625702150867,284.803893210194,284.8452158066504,284.8865380043041,284.9278598030033,284.969181202596,285.01050220293126,285.05182280385776,285.09314300522425,285.1344628068799,285.1757822086739,285.21710121045595,285.25841981207526,285.2997380133818,285.34105581422546,285.3823732144563,285.42369021392466,285.4650068124809,285.50632300997546,285.5476388062596,285.58895420118347,285.63026919459895,285.67158378635685,285.7128979763086,285.7542117643061,285.79552515020083,285.83683813384476,285.87815071509004,285.9194628937889,285.96077466979364,286.00208604295693,286.0433970131317,286.0847075801707,286.12601774392687,286.2086368610045,286.6217081996961
343.15,293.0741972317975,293.48306070125335,293.891905379472,294.3007309951372,294.70953727965394,295.11832396711793,295.52709079428524,295.9358375005431,296.344563827879,296.753269520853,297.16195432656843,297.57061799464316,297.9792602771829,298.38788092875166,298.79647970634636,299.20505636936906,299.6136106796001,300.02214240117246,300.43065130054606,300.83913714648156,301.24759971001595,301.65603876443686,302.0644540852591,302.47284545019977,302.8812126391549,303.28955543417544,303.616211961459,303.65704291446343,303.6978736194445,303.73870407618915,303.77953428448484,303.8203642441195,303.86119395488066,303.90202341655663,303.9428526289356,303.98368159180615,304.02451030495666,304.0653387681762,304.10616698125415,304.1469949439795,304.1878226561419,304.22865011753106,304.26947732793684,304.3103042871494,304.35113099495925,304.3919574511565,304.43278365553243,304.47360960787773,304.5144353079836,304.55526075564137,304.5960859506428,304.6369108927794,304.67773558184336,304.71856001762654,304.75938419992184,304.80020812852143,304.8410318032183,304.88185522380553,304.922678390076,304.96350130182316,305.004323958841,305.0451463609229,305.0859685078631,305.1267903994558,305.1676120354952,305.20843341577614,305.2492545400935,305.290075408242,305.33089602001695,305.37171637521385,305.4125364736282,305.453356315056,305.49417589929305,305.5349952261357,305.57581429538027,305.61663310682354,305.65745166026204,305.6982699554929,305.7390879923134,305.77990577052094,305.82072328991296,305.8615405502875,305.9023575514424,305.94317429317573,305.98399077528603,306.02480699757194,306.06562295983207,306.1064386618658,306.1472541034718,306.1880692844497,306.22888420459896,306.2696988637195,306.3105132616109,306.35132739807375,306.39214127290825,306.4329548859151,306.4737682368947,306.5145813256482,306.5553941519767,306.5962067156815,306.6370190165639,306.677831054426,306.71864282906955,306.75945434029643,306.80026558790934,306.8410765717104,306.8818872915023,306.9635079382709,307.3715952647349
348.15,314.0230950994607,314.42649159224607,314.8298849262853,315.2332747672016,315.63666078377935,316.0400426479291,316.44342003465164,316.846792622003,317.25016009106116,317.65352212589085,318.05687841351124,318.4602286438611,318.86357250976897,319.2669097069177,319.6702399338151,320.07356289176164,320.47687828481935,320.88018581978207,321.2834852061435,321.68677615606947,322.0900583843683,322.49333160846004,322.89659554835026,323.2998499266,323.7030944682993,324.10632890103903,324.42890898730144,324.46923102419254,324.5095529548845,324.54987477911067,324.59019649660445,324.6305181071008,324.6708396103332,324.711161006037,324.7514822939464,324.79180347379685,324.8321245453236,324.8724455082619,324.9127663623478,324.953087107317,324.99340774290636,325.03372826885175,325.0740486848904,325.11436899075886,325.15468918619473,325.1950092709349,325.2353292447178,325.27564910728057,325.31596885836206,325.35628849770046,325.396608025034,325.4369274401023,325.4772467426439,325.51756593239844,325.5578850091053,325.5982039725043,325.6385228223357,325.67884155833946,325.71916018025644,325.7594786878273,325.79979708079287,325.8401153588946,325.8804335218738,325.92075156947203,325.9610695014318,326.00138731749485,326.0417050174033,326.08202260090036,326.1223400677284,326.1626574176309,326.202974650351,326.2432917656322,326.28360876321847,326.3239256428535,326.364242404282,326.4045590472481,326.4448755714966,326.48519197677217,326.525508262821,326.56582442938713,326.60614047621715,326.6464564030562,326.6867722096511,326.7270878957476,326.7674034610926,326.80771890543326,326.84803422851536,326.888349430087,326.9286645098954,326.9689794676886,327.00929430321423,327.0496090162201,327.08992360645516,327.1302380736677,327.1705524176063,327.2108666380207,327.25118073465967,327.2914947072729,327.3318085556097,327.37212227942035,327.412435878455,327.4527493524642,327.49306270119837,327.5333759244082,327.57368902184487,327.61400199326016,327.654314838405,327.7349401488908,328.13805904091384
353.15,334.99054446083875,335.38847009137066,335.7864082409861,336.18435850930473,336.58232049960145,336.9802938187652,337.3782780772578,337.77627288907115,338.1742778716903,338.5722926460526,338.9703168365086,339.3683500707824,339.7663919799355,340.1644421983288,340.5625003635841,340.9605661165491,341.358639101261,341.75671896490996,342.15480535780506,342.5528979333389,342.95099634795355,343.34910026110737,343.74720933524105,344.1453232357438,344.5434416309235,344.9415641919724,345.26006502110135,345.2998777892753,345.33969059293673,345.37950343176374,345.41931630543456,345.45912921362805,345.49894215602325,345.53875513229934,345.5785681421356,345.6183811852123,345.65819426120925,345.6980073698066,345.7378205106855,345.77763368352623,345.8174468880107,345.8572601238196,345.89707339063534,345.93688668813957,345.9767000160148,346.0165133739432,346.056326761608,346.0961401786922,346.1359536248792,346.17576709985246,346.21558060329613,346.2553941348945,346.2952076943318,346.3350212812928,346.37483489546275,346.41464853652684,346.4544622041704,346.4942758980797,346.53408961794054,346.5739033634393,346.6137171342626,346.6535309300977,346.69334475063135,346.7331585955511,346.77297246454486,346.8127863573007,346.8526002735068,346.89241421285146,346.9322281750235,346.97204215971226,347.01185616660695,347.05167019539704,347.09148424577273,347.1312983174238,347.1711124100406,347.21092652331424,347.2507406569356,347.29055481059527,347.3303689839854,347.3701831767973,347.4099973887229,347.44981161945503,347.48962586868544,347.52944013610784,347.56925442141437,347.6090687242988,347.6488830444545,347.68869738157576,347.7285117353561,347.76832610549013,347.8081404916726,347.84795489359806,347.8877693109621,347.92758374345976,347.9673981907866,348.00721265263894,348.0470271287127,348.0868416187046,348.12665612231115,348.1664706392294,348.2062851691563,348.24609971178955,348.28591426682704,348.32572883396637,348.3655434129061,348.40535800334465,348.445172604981,348.52480184064257,348.92294858873146
358.15,355.97914771247537,356.3715758190343,356.7640323181781,357.15651673948474,357.54902861674645,357.9415674879194,358.3341328950768,358.7267243843611,359.11934150593777,359.5119838139489,359.904650866467,360.2973422254519,360.69005745670444,361.0827961298236,361.47555781816334,361.8683420987895,362.2611485524384,362.65397676347465,363.0468263198505,363.4396968130651,363.8325878381255,364.22549899350605,364.6184298811104,365.0113801062325,365.4043492775207,365.7973370069369,366.11174029365577,366.1510415125418,366.19034290972377,366.2296444848215,366.2689462374556,366.3082481672462,366.3475502738148,366.38685255678206,366.4261550157695,366.4654576503995,366.50476046029354,366.5440634450749,366.58336660436595,366.62266993778985,366.66197344497,366.70127712553017,366.7405809790945,366.77988500528727,366.81918920373334,366.85849357405766,366.89779811588585,366.93710282884297,366.9764077125552,367.0157127666493,367.05501799075125,367.0943233844885,367.13362894748775,367.17293467937697,367.2122405797837,367.2515466483363,367.2908528846631,367.33015928839313,367.3694658591552,367.4087725965787,367.4480795002935,367.48738656992975,367.5266938051175,367.56600120548745,367.60530877067066,367.64461650029847,367.683924394002,367.72323245141405,367.7625406721659,367.80184905589016,367.84115760222,367.8804663107883,367.91977518122883,367.95908421317466,367.9983934062603,368.0377027601197,368.07701227438804,368.1163219486998,368.15563178269036,368.19494177599546,368.23425192825056,368.27356223909203,368.3128727081564,368.35218333508027,368.3914941195007,368.4308050610555,368.4701161593817,368.50942741411734,368.54873882490085,368.58805039137127,368.6273621131668,368.6666739899267,368.70598602129064,368.7452982068983,368.78461054638996,368.8239230394056,368.8632356855859,368.90254848457187,368.94186143600524,368.9811745395273,369.02048779477957,369.05980120140424,369.09911475904426,369.1384284673419,369.17774232594036,369.217056334483,369.25637049261337,369.33499925621356,369.7281519287064
363.15,376.9915147078335,377.3783967066172,377.7653233140972,378.15229398463555,378.5393081774417,378.9263653565159,379.3134649905936,379.7006065530896,380.08778952204443,380.4750133800704,380.8622776142973,381.2495817163225,381.6369251821571,382.0243075121765,382.4117282110678,382.79918678778307,383.1866827554878,383.5742156315145,383.9617849373129,384.34939019840465,384.73703094433495,385.12470670863,385.512417028747,385.90016144603396,386.28793950568246,386.6757507566863,386.98602335459,387.0248088914719,387.0635947517984,387.1023809351276,387.14116744101796,387.17995426902854,387.2187414187182,387.2575288896471,387.2963166813747,387.33510479346177,387.3738932254686,387.4126819769564,387.4514710474867,387.49026043662116,387.529050143922,387.56784016895153,387.60663051127295,387.6454211704493,387.6842121460444,387.72300343762186,387.761795044746,387.80058696698217,387.8393792038948,387.87817175504927,387.9169646200115,387.95575779834786,387.9945512896242,388.03334509340806,388.07213920926637,388.11093363676656,388.1497283754767,388.1885234249648,388.22731878479965,388.2661144545504,388.304910433786,388.3437067220764,388.3825033189917,388.4213002241022,388.46009743697863,388.498894957192,388.53769278431434,388.5764909179163,388.6152893575714,388.65408810285135,388.692887153329,388.7316865085776,388.7704861681713,388.80928613168334,388.8480863986881,388.88688696876045,388.9256878414752,388.96448901640764,389.0032904931336,389.04209227122885,389.0808943502697,389.1196967298334,389.15849940949624,389.19730238883636,389.2361056674309,389.27490924485846,389.3137131206969,389.35251729452534,389.39132176592324,389.43012653446937,389.46893159974377,389.50773696132677,389.54654261879887,389.58534857174095,389.62415481973403,389.6629613623598,389.70176819919976,389.7405753298365,389.7793827538525,389.81819047083013,389.8569984803535,389.8958067820056,389.93461537537036,389.9734242600323,390.01223343557587,390.0510429015861,390.08985265764795,390.1674730382699,390.5555922039233
368.15,398.0302746679029,398.41154053082255,398.79286770800695,399.17425557222,399.55570350179687,399.93721088057765,400.3187770978431,400.7004015482492,401.0820836317649,401.46382275360895,401.845618324188,402.227469759036,402.60937647875454,402.9913379089508,403.37335348018223,403.7554226278967,404.13754479237554,404.5197194186781,404.90194595658465,405.28422386054245,405.6665525896121,406.04893160741227,406.43136038206916,406.8138383861624,407.1963650966759,407.578939994945,407.88503426295034,407.92329817871087,407.9615625666087,407.9998274261361,408.03809275678486,408.076358558048,408.1146248294186,408.1528915703899,408.19115878045574,408.2294264591106,408.2676946058492,408.30596322016663,408.3442323015588,408.38250184952096,408.42077186354993,408.45904234314264,408.4973132877963,408.5355846970082,408.5738565702768,408.61212890710027,408.6504017069777,408.6886749694085,408.72694869389164,408.7652228799281,408.8034975270181,408.84177263466245,408.8800482023624,408.9183242296201,408.95660071593755,408.99487766081717,409.033155063762,409.0714329242757,409.10971124186176,409.1479900160244,409.18626924626824,409.22454893209874,409.26282907302067,409.30110966854005,409.33939071816314,409.3776722213969,409.41595417774784,409.45423658672377,409.4925194478324,409.53080276058205,409.5690865244812,409.60737073903886,409.64565540376486,409.68394051816887,409.7222260817609,409.76051209405193,409.79879855455295,409.8370854627749,409.87537281823046,409.91366062043136,409.9519488688903,409.9902375631203,410.02852670263496,410.0668162869479,410.10510631557355,410.1433967880263,410.1816877038213,410.21997906247395,410.2582708635001,410.29656310641616,410.3348557907381,410.37314891598334,410.41144248166916,410.4497364873134,410.4880309324338,410.52632581654956,410.56462113917905,410.602916899842,410.6412130980581,410.67950973334706,410.7178068052298,410.75610431322696,410.79440225685994,410.8327006356502,410.87099944912006,410.9092986967916,410.94759837818793,411.0241990402478,411.40722821229696
373.15,419.09809004253344,419.4736484533202,419.84928552317353,420.22500053556877,420.60079278038256,420.9766615538144,421.35260615831146,421.72862590249395,422.104720101081,422.4808880748176,422.8571291504027,423.23344266041863,423.6098279432597,423.98628434306454,424.36281120964645,424.73940789842703,425.116073770368,425.49280819190784,425.86961053489466,426.2464801765236,426.623416499273,427.00041889084355,427.3774867440946,427.7546194569856,428.13181643251505,428.50907707866185,428.8109310437299,428.8486656132343,428.8864008083277,428.92413662843006,428.96187307296185,428.9996101413437,429.0373478329971,429.07508614734394,429.11282508380674,429.1505646418083,429.1883048207716,429.22604562012066,429.2637870392796,429.3015290776733,429.339271734727,429.3770150098661,429.41475890251695,429.4525034121062,429.4902485380609,429.5279942798083,429.5657406367771,429.60348760839537,429.64123519409225,429.67898339329713,429.71673220544005,429.75448162995104,429.79223166626144,429.8299823138022,429.86773357200553,429.9054854403032,429.9432379181283,429.9809910049138,430.01874470009363,430.05649900310175,430.09425391337277,430.13200943034167,430.1697655534442,430.2075222821159,430.2452796157938,430.2830375539144,430.32079609591517,430.3585552412338,430.39631498930913,430.43407533957907,430.4718362914838,430.5095978444617,430.54735999795423,430.5851227514012,430.62288610424383,430.6606500559234,430.69841460588253,430.7361797535627,430.77394549840744,430.8117118398599,430.84947877736346,430.887246310363,430.92501443830304,430.9627831606284,431.00055247678466,431.03832238621817,431.0760928883752,431.1138639827024,431.15163566864777,431.1894079456588,431.2271808131837,431.2649542706712,431.30272831757054,431.3405029533318,431.37827817740396,431.41605398923843,431.4538303882861,431.4916073739978,431.5293849458263,431.56716310322275,431.60494184564095,431.6427211725332,431.6805010833537,431.7182815775562,431.7560626545956,431.79384431392634,431.83162655500405,431.90719278022414,432.2850586265572
378.15,440.1976722106332,440.5674104356397,440.93724545932514,441.30717646674736,441.67720265031716,442.04732320970885,442.4175373517717,442.78784429044254,443.1582432466607,443.52873344828123,443.89931412999323,444.2699845332355,444.6407439061153,445.011591503327,445.3825265860739,445.75354842198885,446.12465628505544,446.495849455534,446.8671272198841,447.23848887069016,447.6099337065892,447.9814610321972,448.3530701580381,448.72476040047223,449.09653108162803,449.4683815293322,449.7659188713065,449.80311458165255,449.84031107704254,449.87750835681874,449.9147064203223,449.95190526689635,449.98910489588417,450.0263053066292,450.06350649847576,450.1007084707686,450.13791122285306,450.1751147540754,450.2123190637816,450.2495241513188,450.2867300160345,450.3239366572769,450.36114407439436,450.3983522667361,450.43556123365215,450.4727709744924,450.5099814886076,450.5471927753493,450.58440483406923,450.62161766411947,450.65883126485335,450.69604563562416,450.733260775786,450.7704766846935,450.8076933617012,450.8449108061653,450.88212901744186,450.919347994887,450.9565677378587,450.993788245714,451.0310095178114,451.0682315535098,451.1054543521684,451.142677913147,451.1799022358063,451.2171273195066,451.25435316360955,451.2915797674779,451.32880713047297,451.36603525195846,451.40326413129736,451.44049376785443,451.4777241609935,451.51495531008027,451.55218721447994,451.58941987355894,451.626653286684,451.66388745322206,451.7011223725408,451.73835804400846,451.77559446699354,451.81283164086625,451.8500695649952,451.8873082387515,451.92454766150547,451.96178783262866,451.9990287514929,452.0362704174703,452.0735128299341,452.11075598825744,452.14799989181404,452.1852445399788,452.222489932126,452.25973606763154,452.2969829458714,452.33423056622144,452.37147892805933,452.4087280307619,452.44597787370765,452.48322845627456,452.52047977784184,452.55773183778905,452.5949846354962,452.63223817034327,452.66949244171207,452.70674744898355,452.74400319153983,452.81851688003724,453.1911292301614
383.15,461.33179883122637,461.6955823275277,462.05948172115967,462.4234960880244,462.7876245124736,463.1518660872056,463.5162199131609,463.8806850994214,464.2452607631105,464.6099460292935,464.9747400308794,465.33964190852566,465.70465081054215,466.0697658927966,466.434986318623,466.80031125872955,467.1657398911078,467.53127140094387,467.8969049805306,468.2626398291808,468.6284751531404,468.99441016550537,469.36044408613816,469.7265761415844,470.092805564992,470.45913159603225,470.7522614715343,470.788907000276,470.82555348081974,470.86220091242023,470.8988492943338,470.9354986258173,470.97214890612725,471.0088001345222,471.0454523102601,471.0821054326002,471.1187595008021,471.1554145141268,471.1920704718345,471.228727373187,471.2653852174465,471.3020440038758,471.33870373173886,471.3753644002989,471.412026008821,471.4486885565705,471.48535204281336,471.5220164668162,471.5586818278457,471.5953481251701,471.63201535805734,471.668683525777,471.7053526275983,471.7420226627914,471.77869363062706,471.8153655303773,471.8520383613135,471.8887121227086,471.9253868138357,471.96206243396915,471.9987389823827,472.0354164583521,472.0720948611525,472.10877419006033,472.1454544443528,472.18213562330715,472.2188177262016,472.25550075231473,472.29218470092565,472.3288695713148,472.36555536276217,472.40224207454884,472.4389297059569,472.4756182562686,472.5123077247665,472.5489981107343,472.58568941345624,472.6223816322163,472.65907476630093,472.69576881499495,472.7324637775853,472.76915965335866,472.8058564416027,472.84255414160646,472.87925275265764,472.9159522740464,472.9526527050625,472.9893540449962,473.02605629313916,473.06275944878297,473.0994635112196,473.13616847974254,473.17287435364506,473.20958113222116,473.24628881476553,473.28299740057327,473.3197068889406,473.35641727916357,473.3931285705394,473.4298407623653,473.46655385394,473.5032678445619,473.53998273353017,473.5766985201448,473.6134152037065,473.65013278351574,473.6868512588744,473.7602908934497,474.1275425625995
388.15,482.5033326516587,482.86100442425465,483.21881232767464,483.57675531611153,483.9348323534748,484.2930424132693,484.6513844784749,485.00985754142886,485.368460603708,485.72719267601445,486.08605277805987,486.44503993845484,486.8041531945969,487.163391592561,487.5227541869916,487.882240040996,488.2418482260381,488.6015778218356,488.96142791625687,489.3213976052198,489.68148599259166,490.041692190091,490.40201531719026,490.7624545010196,491.12300887627293,491.4836775851138,491.77229430061584,491.8083764752332,491.844459777084,491.8805442053282,491.9166297591271,491.952716437642,491.98880424003505,492.02489316546934,492.0609832131084,492.0970743821168,492.1331666716597,492.1692600809025,492.2053546090122,492.24145025515594,492.27754701850176,492.31364489821783,492.34974389347417,492.3858440034403,492.4219452272875,492.45804756418704,492.4941510133111,492.5302555738326,492.5663612449253,492.60246802576347,492.63857591552204,492.6746849133767,492.71079501850403,492.74690623008087,492.78301854728545,492.81913196929605,492.855246495292,492.89136212445266,492.9274788559594,492.9635966889933,492.999715622736,493.0358356563707,493.07195678908056,493.10807902004933,493.144202348462,493.1803267735045,493.2164522943624,493.2525789102226,493.2887066202727,493.3248354237008,493.36096531969605,493.39709630744784,493.43322838614614,493.46936155498247,493.50549581314806,493.5416311598352,493.5777675942371,493.613905115547,493.65004372295977,493.6861834156702,493.72232419287377,493.75846605376717,493.7946089975474,493.8307530234118,493.8668981305589,493.90304431818834,493.93919158549903,493.97533993169174,494.0114893559677,494.04763985752857,494.0837914355768,494.119944089315,494.15609781794757,494.1922526206785,494.22840849671303,494.26456544525695,494.30072346551646,494.3368825566988,494.3730427180117,494.40920394866333,494.4453662478634,494.4815296148209,494.5176940487464,494.5538595488509,494.59002611434636,494.62619374444495,494.6623624383598,494.73470301449254,495.0964694574167
393.15,503.7152416127038,504.0666213237414,504.41815872441805,504.76985263259616,505.12170187732033,505.47370529867635,505.82586174764936,506.17817008598826,506.5306291860674,506.8832379307531,507.23599521327026,507.58889993707106,507.94195101570625,508.29514737269636,508.64848794140624,509.0019716649208,509.3555974959213,509.70936439656435,510.0632713383633,510.4173173020688,510.7715012775534,511.12582226369585,511.4802792682682,511.834871307824,512.1895974075879,512.544456601347,512.8284391401354,512.8639428793351,512.8994479313423,512.9349542952108,512.970461969996,513.0059709547537,513.0414812485409,513.0769928504151,513.1125057594348,513.1480199746592,513.1835354951479,513.219052319963,513.2545704481653,513.2900898788171,513.3256106109825,513.3611326437252,513.3966559761104,513.4321806072037,513.4677065360718,513.5032337617818,513.5387622834023,513.5742921000019,513.6098232106509,513.6453556144195,513.6808893103795,513.7164242976028,513.7519605751626,513.7874981421326,513.8230369975875,513.8585771406026,513.8941185702546,513.92966128562,513.9652052857768,514.0007505698038,514.0362971367801,514.0718449857859,514.1073941159028,514.1429445262117,514.1784962157956,514.2140491837378,514.2496034291227,514.2851589510351,514.3207157485606,514.3562738207858,514.3918331667977,514.427393785685,514.462955676536,514.4985188384408,514.5340832704893,514.5696489717732,514.605215941384,514.6407841784151,514.6763536819593,514.7119244511114,514.7474964849663,514.7830697826199,514.8186443431689,514.8542201657104,514.889797249343,514.9253755931654,514.9609551962773,514.9965360577793,515.0321181767723,515.0677015523588,515.1032861836414,515.1388720697233,515.1744592097092,515.2100476027042,515.2456372478138,515.2812281441448,515.3168202908043,515.3524136869006,515.3880083315428,515.4236042238401,515.4592013629028,515.494799747843,515.530399377771,515.5660002518003,515.6016023690446,515.6372057286176,515.6728103296341,515.7440232524615,516.1001620532738
398.15,524.9706201442741,525.3155029695358,525.6605665771085,526.0058096315312,526.3512308102228,526.6968288033187,527.0426023135058,527.3885500558631,527.7346707577003,528.0809631584035,528.4274260092776,528.7740580733947,529.1208581254432,529.4678249515775,529.8149573492724,530.1622541271762,530.5097141049683,530.857336113218,531.2051189932448,531.5530615969798,531.9011627868309,532.2494214355484,532.5978364260931,532.9464066515045,533.2951310147737,533.6440084287154,533.92321983196,533.9581280688477,533.993037815844,534.0279490718852,534.0628618359088,534.0977761068531,534.1326918836569,534.1676091652605,534.2025279506053,534.2374482386331,534.2723700282867,534.3072933185102,534.3422181082485,534.3771443964473,534.4120721820533,534.4470014640142,534.4819322412782,534.5168645127953,534.5517982775158,534.5867335343908,534.6216702823729,534.656608520415,534.6915482474716,534.7264894624975,534.7614321644486,534.796376352282,534.8313220249555,534.8662691814275,534.9012178206581,534.9361679416078,534.9711195432376,535.0060726245106,535.0410271843895,535.0759832218388,535.1109407358235,535.14589972531,535.1808601892646,535.2158221266557,535.2507855364518,535.2857504176226,535.3207167691386,535.3556845899714,535.3906538790931,535.4256246354773,535.4605968580981,535.4955705459303,535.5305456979501,535.5655223131342,535.6005003904604,535.6354799289072,535.6704609274543,535.7054433850823,535.7404273007721,535.775412673506,535.8103995022675,535.8453877860399,535.8803775238082,535.9153687145584,535.9503613572771,535.9853554509516,536.0203509945703,536.0553479871229,536.0903464275989,536.1253463149897,536.1603476482868,536.1953504264834,536.2303546485731,536.26536031355,536.3003674204099,536.3353759681489,536.3703859557639,536.4053973822533,536.4404102466158,536.4754245478508,536.5104402849591,536.5454574569424,536.5804760628027,536.6154961015435,536.6505175721683,536.6855404736824,536.7205648050916,536.7906177536217,537.1409679530645
403.15,546.2727116092693,546.6108668301139,546.9492276901539,547.2877926808704,547.6265603085984,547.9655290943329,548.3046975735393,548.6440642959651,548.9836278254531,549.323386739759,549.6633396303704,550.0034851023273,550.3438217740461,550.6843482771454,551.0250632562755,551.365965368946,551.7070532853618,552.0483256882544,552.389781272723,552.7314187460701,553.0732368276449,553.4152342486861,553.7574097521682,554.0997620926485,554.4422900361168,554.7849923598479,555.0592789580649,555.0935725447262,555.1278678522549,555.1621648794553,555.1964636251331,555.2307640880948,555.265066267148,555.299370161101,555.3336757687639,555.367983088947,555.402292120463,555.4366028621243,555.4709153127451,555.5052294711404,555.5395453361265,555.5738629065204,555.608182181141,555.6425031588074,555.6768258383399,555.7111502185599,555.7454762982906,555.7798040763552,555.814133551578,555.8484647227857,555.8827975888044,555.9171321484623,555.9514684005884,555.9858063440121,556.0201459775651,556.0544873000795,556.0888303103878,556.123175007325,556.1575213897255,556.1918694564264,556.2262192062642,556.2605706380779,556.2949237507067,556.3292785429908,556.3636350137721,556.3979931618928,556.4323529861966,556.4667144855281,556.5010776587328,556.5354425046573,556.5698090221497,556.6041772100582,556.6385470672328,556.6729185925243,556.7072917847845,556.741666642866,556.7760431656226,556.8104213519096,556.8448012005824,556.8791827104982,556.9135658805146,556.9479507094909,556.9823371962868,557.0167253397635,557.0511151387826,557.0855065922075,557.1198996989018,557.1542944577303,557.1886908675601,557.2230889272572,557.2574886356897,557.2918899917265,557.3262929942384,557.3606976420956,557.3951039341708,557.4295118693365,557.4639214464665,557.4983326644365,557.5327455221219,557.5671600184002,557.6015761521489,557.6359939222473,557.6704133275749,557.7048343670132,557.7392570394439,557.7736813437501,557.8081072788151,557.8769640367638,558.2213452938934
408.15,567.6249319210594,567.9561012331521,568.2875030619738,568.6191357030332,568.9509974689887,569.2830866894224,569.6154017106171,569.947940895338,570.2807026226122,570.6136852875179,570.9468873009705,571.2803070895139,571.6139430951154,571.9477937749618,572.2818576012583,572.6161330610303,572.9506186559281,573.2853129020344,573.6202143296734,573.9553214832227,574.2906329209286,574.6261472147229,574.9618629500427,575.2977787256519,575.6338931534673,575.9702048583835,576.239395345939,576.2730529385286,576.3067124781031,576.3403739633188,576.3740373928329,576.4077027653043,576.4413700793916,576.4750393337572,576.5087105270621,576.5423836579705,576.5760587251472,576.6097357272573,576.6434146629688,576.6770955309494,576.7107783298693,576.7444630583992,576.7781497152112,576.8118382989782,576.8455288083754,576.8792212420782,576.9129155987633,576.9466118771096,576.9803100757957,577.0140101935033,577.047712228913,577.0814161807085,577.1151220475745,577.1488298281953,577.1825395212588,577.2162511254523,577.2499646394652,577.2836800619873,577.3173973917105,577.3511166273273,577.384837767532,577.4185608110195,577.4522857564856,577.4860126026284,577.5197413481466,577.5534719917397,577.5872045321089,577.6209389679567,577.6546752979864,577.6884135209021,577.7221536354106,577.755895640218,577.7896395340333,577.8233853155648,577.8571329835244,577.8908825366225,577.9246339735724,577.9583872930884,577.9921424938857,578.0258995746805,578.0596585341904,578.093419371134,578.1271820842315,578.160946672204,578.1947131337728,578.2284814676625,578.2622516725969,578.2960237473017,578.3297976905043,578.3635735009321,578.3973511773145,578.4311307183815,578.4649121228651,578.4986953894971,578.5324805170126,578.5662675041449,578.600056349631,578.6338470522079,578.6676396106136,578.701434023588,578.7352302898714,578.7690284082058,578.8028283773336,578.8366301959992,578.8704338629475,578.904239376925,578.9380467366786,579.0056669885109,579.3438785698664
413.15,589.03089442978,589.3547899428971,589.6789471583428,590.0033641490267,590.3280390076873,590.6529698466251,590.9781547974418,591.3035920107847,591.6292796560906,591.9552159213359,592.281399012788,592.6078271547634,592.9344985893829,593.2614115763354,593.5885643926445,593.9159553324339,594.2435827067004,594.5714448430873,594.8995400856631,595.2278667946996,595.5564233464581,595.8852081329718,596.2142195618394,596.5434560560129,596.8729160535942,597.2025980076336,597.4665023493847,597.4995002723739,597.5325003859288,597.5655026885378,597.5985071786911,597.6315138548808,597.6645227156,597.6975337593428,597.7305469846059,597.7635623898861,597.7965799736828,597.8295997344961,597.8626216708277,597.8956457811804,597.9286720640592,597.9617005179701,597.9947311414201,598.0277639329186,598.0607988909746,598.0938360141009,598.1268753008098,598.1599167496164,598.1929603590354,598.2260061275852,598.2590540537835,598.292104136151,598.3251563732084,598.3582107634792,598.3912673054868,598.4243259977577,598.4573868388179,598.4904498271965,598.5235149614228,598.5565822400278,598.5896516615443,598.6227232245059,598.6557969274483,598.6888727689072,598.7219507474215,598.7550308615301,598.7881131097738,598.8211974906943,598.8542840028359,598.8873726447426,598.9204634149613,598.9535563120388,598.9866513345241,599.0197484809679,599.0528477499213,599.0859491399378,599.1190526495709,599.152158277377,599.1852660219124,599.2183758817364,599.2514878554074,599.2846019414874,599.3177181385383,599.3508364451243,599.3839568598095,599.4170793811612,599.4502040077466,599.4833307381347,599.5164595708961,599.5495905046024,599.5827235378264,599.6158586691424,599.6489958971266,599.6821352203553,599.715276637407,599.7484201468615,599.7815657472997,599.8147134373032,599.8478632154566,599.8810150803438,599.9141690305512,599.9473250646668,599.9804831812784,600.0136433789767,600.0468056563532,600.0799700120002,600.1131364445116,600.1794755345107,600.5112951200473
418.15,610.4944362435103,610.8107381391125,611.1273335548007,611.4442203099118,611.7613962467404,612.0788592302266,612.3966071476514,612.7146379083346,613.0329494433375,613.3515397051672,613.6704066674876,613.9895483248332,614.3089626923257,614.6286478053952,614.9486017195063,615.2688225098844,615.5893082712503,615.9100571175526,616.231067181711,616.5523366153556,616.8738635885747,617.1956462896641,617.5176829248801,617.8399717181965,618.1625109110629,618.4852987621703,618.7437069176912,618.7760190054775,618.8083335472138,618.840650541201,618.87296998574,618.9052918791344,618.937616219689,618.9699430057102,619.0022722355067,619.0346039073881,619.0669380196664,619.099274570654,619.131613558666,619.1639549820187,619.1962988390303,619.2286451280205,619.2609938473106,619.2933449952235,619.3256985700839,619.3580545702176,619.3904129939527,619.4227738396187,619.4551371055464,619.4875027900686,619.5198708915193,619.5522414082352,619.5846143385525,619.616989680811,619.6493674333514,619.6817475945157,619.7141301626481,619.7465151360938,619.7789025132,619.8112922923151,619.8436844717899,619.8760790499757,619.9084760252259,619.9408753958958,619.9732771603418,620.0056813169222,620.0380878639966,620.0704967999263,620.1029081230741,620.1353218318046,620.1677379244836,620.2001563994788,620.2325772551596,620.2650004898964,620.2974261020613,620.3298540900282,620.3622844521727,620.3947171868713,620.427152292503,620.4595897674474,620.4920296100859,620.5244718188023,620.5569163919806,620.5893633280075,620.6218126252701,620.6542642821585,620.6867182970623,620.7191746683749,620.7516333944898,620.7840944738025,620.8165579047093,620.8490236856092,620.881491814902,620.9139622909893,620.9464351122739,620.9789102771604,621.0113877840547,621.043867631364,621.0763498174985,621.1088343408674,621.1413211998831,621.1738103929595,621.2063019185118,621.2387957749557,621.2712919607101,621.303790474194,621.3362913138286,621.4012999652413,621.726482256477
423.15,632.0196462234206,632.3280000282073,632.6366821704502,632.9456901798185,633.2550216126058,633.5646740513635,633.8746451045432,634.1849324061402,634.4955336153458,634.8064464162004,635.1176685172537,635.4291976512272,635.741031574685,636.0531680677034,636.36560493355,636.678339998365,636.9913711108464,637.3046961419401,637.6183129845336,637.9322195531549,638.2464137836747,638.5608936330127,638.8756570788483,639.1907021193349,639.5060267728179,639.8216290775574,640.0743095245101,640.105906938101,640.137507091454,640.1691099826564,640.2007156097947,640.232323970959,640.2639350642411,640.2955488877351,640.3271654395351,640.3587847177396,640.3904067204478,640.4220314457601,640.45365889178,640.4852890566126,640.5169219383647,640.5485575351447,640.580195845063,640.6118368662324,640.6434805967673,640.6751270347835,640.706776178399,640.7384280257342,640.770082574911,640.8017398240522,640.833399771284,640.8650624147333,640.8967277525296,640.9283957828045,640.96006650369,640.9917399133207,641.023416009834,641.0550947913681,641.0867762560636,641.1184604020614,641.1501472275069,641.1818367305447,641.2135289093233,641.2452237619914,641.2769212867008,641.3086214816045,641.3403243448571,641.3720298746154,641.403738069038,641.4354489262854,641.4671624445194,641.4988786219036,641.5305974566047,641.56231894679,641.5940430906277,641.6257698862903,641.65749933195,641.6892314257817,641.7209661659622,641.7527035506697,641.7844435780839,641.8161862463871,641.8479315537621,641.8796794983951,641.9114300784734,641.9431832921846,641.9749391377217,642.006697613275,642.0384587170402,642.0702224472128,642.10198880199,642.1337577795717,642.1655293781597,642.1973035959564,642.2290804311668,642.2608598819976,642.2926419466569,642.3244266233546,642.356213910302,642.3880038057137,642.4197963078042,642.4515914147904,642.4833891248908,642.5151894363266,642.5469923473195,642.5787978560928,642.6106059608729,642.6742299513633,642.9925050631792
428.15,653.6108949690331,653.9109083928923,654.2112883899282,654.512032157996,654.813136925881,655.1145999528686,655.4164185283245,655.7185899712734,656.0211116299906,656.3239808815915,656.627195131635,656.930751813726,657.2346483891234,657.5388823463591,657.8434512008562,658.1483524945526,658.4535837955351,658.759142697674,659.0650268202608,659.3712338076574,659.677761328945,659.9846070775791,660.2917687710496,660.599244150545,660.9070309806227,661.2151270488811,661.4618250827593,661.492676098725,661.5235301656421,661.554387281353,661.5852474437035,661.6161106505397,661.6469768997114,661.6778461890701,661.7087185164692,661.7395938797661,661.7704722768177,661.8013537054836,661.8322381636276,661.8631256491146,661.8940161598107,661.9249096935852,661.9558062483082,661.9867058218556,662.0176084121011,662.0485140169225,662.0794226342003,662.1103342618162,662.141248897654,662.172166539601,662.2030871855447,662.2340108333764,662.2649374809887,662.2958671262767,662.3267997671369,662.3577354014692,662.3886740271738,662.4196156421548,662.4505602443184,662.4815078315712,662.5124584018237,662.5434119529873,662.574368482977,662.6053279897078,662.6362904710985,662.6672559250686,662.6982243495427,662.7291957424426,662.7601701016968,662.7911474252335,662.8221277109832,662.8531109568802,662.8840971608569,662.915086320853,662.9460784348054,662.9770735006575,663.0080715163502,663.0390724798317,663.0700763890463,663.1010832419461,663.132093036481,663.1631057706056,663.1941214422749,663.2251400494464,663.2561615900812,663.2871860621389,663.3182134635855,663.3492437923857,663.380277046508,663.411313223921,663.4423523225983,663.4733943405136,663.5044392756421,663.5354871259625,663.5665378894548,663.5975915641013,663.6286481478851,663.6597076387936,663.6907700348137,663.7218353339364,663.7529035341536,663.7839746334596,663.81504862985,663.8461255213235,663.8772053058793,663.9082879815203,663.9393735462509,664.0015533350049,664.3126249481452
433.15,675.2728671935216,675.5641064687261,675.8557544506659,676.1478079560413,676.4402638375582,676.733118983421,677.0263703168343,677.3200147955107,677.6140494111806,677.9084711891172,678.2032771876619,678.4984644977561,678.7940302424823,679.0899715766116,679.3862856861545,679.6829697879182,679.9800211290751,680.2774369867296,680.5752146674982,680.8733515070894,681.1718448698923,681.4706921485729,681.7698907636704,682.0694381632073,682.3693318222953,682.669569242755,682.9100050253521,682.9400747936195,682.9701479527365,683.0002245002682,683.0303044337842,683.0603877508539,683.090474449051,683.1205645259524,683.1506579791352,683.1807548061814,683.2108550046742,683.2409585721992,683.2710655063457,683.3011758047049,683.3312894648706,683.3614064844378,683.3915268610059,683.4216505921769,683.4517776755538,683.4819081087418,683.5120418893517,683.5421790149932,683.5723194832806,683.6024632918295,683.6326104382595,683.662760920191,683.6929147352481,683.7230718810567,683.7532323552458,683.7833961554463,683.8135632792911,683.843733724417,683.8739074884619,683.9040845690671,683.9342649638761,683.9644486705344,683.99463568669,684.0248260099942,684.0550196380995,684.0852165686622,684.1154167993403,684.1456203277928,684.1758271516841,684.2060372686791,684.2362506764451,684.2664673726529,684.2966873549742,684.326910621084,684.3571371686606,684.3873669953826,684.4176000989331,684.4478364769957,684.4780761272569,684.5083190474079,684.5385652351389,684.5688146881446,684.5990674041201,684.6293233807662,684.6595826157827,684.6898451068732,684.7201108517447,684.750379848104,684.7806520936629,684.8109275861334,684.8412063232316,684.871488302675,684.9017735221825,684.9320619794781,684.9623536722855,684.9926485983318,685.0229467553469,685.0532481410618,685.0835527532104,685.1138605895294,685.144171647758,685.1744859256354,685.2048034209072,685.2351241313169,685.2654480546138,685.2957751885467,685.3261055308689,685.3867758317018,685.6903190780979
438.15,697.0105969832694,697.2925826278182,697.5750235621387,697.8579161638438,698.1412568525561,698.4250420893061,698.7092683759395,698.9939322545339,699.2790303068222,699.5645591536237,699.8505154542863,700.1368959061327,700.4236972439157,700.7109162392817,700.9985497002443,701.2865944706579,701.5750474297059,701.8639054913936,702.1531656040477,702.4428247498242,702.7328799442208,703.0233282355987,703.3141667047119,703.605392464239,703.8970026583261,704.1889944621349,704.4228607854153,704.4521110517848,704.4813650813938,704.5106228714917,704.5398844193311,704.5691497221651,704.5984187772543,704.6276915818592,704.6569681332436,704.6862484286746,704.7155324654225,704.7448202407604,704.7741117519641,704.8034069963121,704.8327059710865,704.8620086735716,704.891315101055,704.9206252508287,704.9499391201838,704.9792567064183,705.00857800683,705.037903018723,705.0672317394005,705.0965641661711,705.1259002963461,705.1552401272381,705.1845836561644,705.2139308804445,705.2432817974005,705.2726364043572,705.301994698643,705.3313566775887,705.3607223385279,705.3900916787977,705.4194646957369,705.448841386688,705.478221748996,705.507605780009,705.5369934770772,705.566384837555,705.5957798587983,705.625178538166,705.6545808730206,705.6839868607275,705.7133964986531,705.7428097841685,705.7722267146468,705.8016472874639,705.8310714999983,705.8604993496327,705.88993083375,705.9193659497384,705.9488046949872,705.9782470668895,706.0076930628405,706.037142680238,706.0665959164837,706.0960527689809,706.125513235136,706.1549773123584,706.1844449980592,706.2139162896536,706.2433911845604,706.2728696801973,706.3023517739882,706.331837463359,706.3613267457373,706.3908196185548,706.4203160792441,706.4498161252427,706.4793197539891,706.5088269629255,706.5383377494958,706.5678521111473,706.5973700453299,706.6268915494961,706.6564166211014,706.6859452576035,706.7154774564623,706.7450132151422,706.7745525311082,706.8336418247757,707.1293008722167
443.15,718.8295065452386,719.1017084561507,719.374417326988,719.6476290280283,719.9213394786876,720.1955446468007,720.4702405479198,720.7454232446154,721.0210888457924,721.2972335060166,721.5738534248452,721.8509448461734,722.1285040575871,722.4065273897252,722.6850112156541,722.9639519502437,723.2433460495611,723.523190010271,723.803480369038,724.0842137019466,724.3653866239262,724.646995788179,724.9290378856283,725.2115096443626,725.4944078290938,725.7777292406241,726.0046889659984,726.0330777544427,726.0614707153171,726.0898678455083,726.1182691419078,726.1466746014087,726.1750842209088,726.2034979973093,726.2319159275138,726.2603380084302,726.2887642369694,726.3171946100464,726.3456291245789,726.3740677774888,726.4025105657001,726.4309574861416,726.4594085357443,726.4878637114438,726.516323010178,726.5447864288891,726.5732539645213,726.6017256140235,726.630201374348,726.6586812424492,726.6871652152861,726.7156532898205,726.7441454630174,726.7726417318455,726.8011420932767,726.8296465442866,726.858155081853,726.8866677029584,726.9151844045875,726.9437051837291,726.9722300373752,727.0007589625202,727.0292919561625,727.0578290153044,727.0863701369509,727.1149153181098,727.1434645557928,727.1720178470141,727.2005751887922,727.2291365781489,727.2577020121082,727.286271487698,727.3148450019493,727.3434225518963,727.3720041345775,727.4005897470317,727.4291793863043,727.4577730494425,727.4863707334963,727.51497243552,727.5435781525694,727.5721878817059,727.6008016199917,727.6294193644935,727.6580411122811,727.6866668604274,727.7152966060079,727.7439303461022,727.7725680777927,727.8012097981642,727.8298555043067,727.8585051933112,727.8871588622726,727.9158165082888,727.9444781284624,727.9731437198963,728.0018132796989,728.0304868049806,728.059164292855,728.0878457404393,728.1165311448535,728.1452205032213,728.1739138126678,728.2026110703233,728.2313122733198,728.2600174187927,728.2887265038811,728.3461564814735,728.6335417775904
448.15,740.7354491765218,740.9972809375607,741.2596771564331,741.5226331153578,741.7861441541944,742.0502056695846,742.3148131141078,742.5799619954491,742.8456478755792,743.1118663699485,743.3786131466891,743.6458839258354,743.9136744785487,744.1819806263607,744.4507982404215,744.7201232407643,744.9899515955788,745.2602793204935,745.5311024778738,745.8024171761261,746.0742195690127,746.3465058549783,746.6192722764893,746.8925151193732,747.1662307121815,747.4404154255514,747.6600985506042,747.6875797994165,747.7150656715808,747.7425561635678,747.770051271853,747.7975509929151,747.8250553232377,747.8525642593089,747.8800777976182,747.9075959346627,747.9351186669402,747.9626459909546,747.990177903213,748.0177144002266,748.0452554785105,748.0728011345834,748.1003513649691,748.1279061661943,748.1554655347896,748.18302946729,748.210597960235,748.2381710101658,748.2657486136303,748.2933307671789,748.3209174673659,748.3485087107492,748.3761044938916,748.4037048133586,748.4313096657211,748.4589190475523,748.4865329554304,748.5141513859367,748.5417743356569,748.56940180118,748.5970337790993,748.6246702660122,748.652311258519,748.6799567532254,748.7076067467384,748.7352612356716,748.76292021664,748.7905836862647,748.8182516411687,748.8459240779802,748.8736009933294,748.9012823838532,748.9289682461878,748.9566585769787,748.9843533728706,749.0120526305153,749.0397563465646,749.0674645176779,749.0951771405156,749.1228942117439,749.1506157280307,749.1783416860496,749.206072082476,749.2338069139911,749.2615461772779,749.2892898690235,749.3170379859208,749.3447905246628,749.3725474819495,749.4003088544823,749.428074638968,749.4558448321154,749.4836194306376,749.5113984312525,749.5391818306807,749.5669696256454,749.5947618128758,749.6225583891023,749.6503593510607,749.6781646954898,749.7059744191324,749.7337885187337,749.7616069910441,749.7894298328167,749.8172570408084,749.8450886117794,749.8729245424935,749.9286094702273,750.2072945980653
453.15,762.734757350682,762.9855696121006,763.2370105216769,763.4890746776573,763.7417567461263,763.9950514599732,764.248953617877,764.503458083301,764.7585597835083,765.0142537085912,765.2705349105161,765.5273985021812,765.784839656493,766.0428536054536,766.3014356392634,766.5605811054381,766.8202854079392,767.0805440063166,767.3413524148673,767.6027062018047,767.8646009884422,768.1270324483867,768.3899963067494,768.6534883393638,768.9175043720194,769.1820402797031,769.394040574815,769.4205637195037,769.4470919858584,769.4736253698701,769.500163867537,769.5267074748598,769.5532561878462,769.5798100025073,769.6063689148582,769.6329329209208,769.6595020167194,769.6860761982838,769.712655461649,769.7392398028543,769.7658292179424,769.7924237029634,769.8190232539692,769.8456278670178,769.8722375381715,769.8988522634968,769.9254720390647,769.9520968609527,769.9787267252402,770.0053616280122,770.0320015653596,770.058646533375,770.085296528159,770.1119515458133,770.1386115824467,770.1652766341716,770.1919466971044,770.2186217673668,770.2453018410844,770.2719869143889,770.2986769834137,770.3253720442983,770.3520720931873,770.378777126229,770.4054871395758,770.4322021293851,770.4589220918186,770.4856470230418,770.5123769192269,770.5391117765474,770.5658515911837,770.5925963593188,770.6193460771412,770.6461007408446,770.6728603466246,770.6996248906828,770.7263943692262,770.7531687784639,770.7799481146111,770.806732373886,770.8335215525129,770.8603156467183,770.8871146527351,770.9139185667989,770.9407273851513,770.9675411040363,770.9943597197033,771.0211832284064,771.0480116264036,771.0748449099564,771.1016830753316,771.1285261187998,771.1553740366363,771.1822268251201,771.2090844805351,771.2359469991687,771.262814377314,771.2896866112662,771.3165636973264,771.3434456317984,771.370332410993,771.397224031222,771.4241204888033,771.4510217800586,771.4779279013143,771.5048388488995,771.5317546191483,771.585600612997,771.8551187012838
458.15,784.8342970164117,785.0733697698151,785.3131430691136,785.5536107140161,785.7947665843839,786.0366046389682,786.2791189141814,786.5223035228771,786.7661526531596,787.0106605672036,787.2558216001038,787.5016301587326,787.7480807206261,787.9951678328819,788.2428861110774,788.4912302382036,788.7401949636204,788.9897751020254,789.2399655324391,789.4907611972077,789.742157101023,789.9941483099553,790.2467299505053,790.4998972086662,790.7536453290068,791.0079696137644,791.2118407593246,791.2373502536907,791.2628654219554,791.288386259558,791.3139127619442,791.3394449245645,791.3649827428759,791.3905262123401,791.416075328424,791.4416300866005,791.4671904823482,791.4927565111512,791.5183281684969,791.5439054498822,791.5694883508048,791.5950768667716,791.6206709932925,791.646270725885,791.6718760600687,791.6974869913723,791.7231035153269,791.7487256274708,791.7743533233469,791.7999865985034,791.8256254484946,791.8512698688786,791.8769198552202,791.9025754030896,791.9282365080609,791.9539031657143,791.9795753716364,792.0052531214166,792.0309364106519,792.0566252349435,792.0823195898979,792.1080194711271,792.133724874248,792.1594357948829,792.1851522286595,792.2108741712103,792.2366016181735,792.262334565192,792.2880730079147,792.3138169419938,792.3395663630894,792.3653212668646,792.3910816489885,792.4168475051355,792.4426188309843,792.4683956222204,792.4941778745325,792.5199655836149,792.5457587451683,792.5715573548971,792.597361408512,792.6231709017269,792.6489858302622,792.6748061898436,792.7006319762011,792.7264631850697,792.7522998121907,792.778141853308,792.803989304173,792.8298421605414,792.8557004181735,792.8815640728338,792.9074331202936,792.9333075563284,792.9591873767184,792.9850725772492,793.0109631537108,793.0368591018996,793.062760417614,793.0886670966607,793.1145791348501,793.140496527996,793.1664192719192,793.1923473624446,793.2182807954024,793.2442195666264,793.2701636719568,793.3220678683205,793.5819074884937
463.15,807.0415294604416,807.2680629871921,807.4953778635656,807.7234669530824,807.9523232143774,808.1819396996603,808.4123095532033,808.6434260098553,808.8752823935828,809.1078721160334,809.3411886751292,809.5752256536794,809.809976718019,810.0454356166732,810.2815961790401,810.5184523141,810.7559980091436,810.9942273285249,811.2331344124319,811.4727134756827,811.7129588065349,811.9538647655235,812.1954257843116,812.4376363645628,812.6804910768354,812.9239845594867,813.1192356998871,813.1436704649427,813.1681115176079,813.192558852682,813.2170124649721,813.2414723492898,813.2659385004569,813.2904109132968,813.3148895826432,813.3393745033353,813.3638656702175,813.388363078141,813.4128667219643,813.4373765965515,813.4618926967735,813.4864150175068,813.5109435536356,813.5354783000481,813.5600192516416,813.5845664033178,813.6091197499857,813.63367928656,813.6582450079613,813.6828169091182,813.7073949849633,813.7319792304373,813.7565696404865,813.7811662100628,813.8057689341249,813.830377807638,813.854992825573,813.879613982907,813.9042412746237,813.9288746957127,813.9535142411696,813.978159905997,814.0028116852016,814.027469573799,814.0521335668088,814.076803659258,814.1014798461782,814.1261621226089,814.1508504835945,814.1755449241862,814.2002454394401,814.2249520244197,814.2496646741939,814.2743833838381,814.2991081484317,814.3238389630641,814.3485758228268,814.3733187228197,814.3980676581469,814.4228226239208,814.4475836152568,814.4723506272791,814.4971236551157,814.5219026939023,814.5466877387796,814.5714787848938,814.5962758273982,814.6210788614509,814.645887882216,814.6707028848645,814.6955238645718,814.7203508165207,814.745183735899,814.7700226179007,814.7948674577244,814.8197182505771,814.8445749916687,814.8694376762166,814.8943062994441,814.9191808565785,814.944061342856,814.9689477535165,814.9938400838054,815.0187383289749,815.043642484282,815.0685525449907,815.0934685063692,815.1433181122406,815.3929185808646
468.15,829.3645824192588,829.5776866322022,829.7916633291414,830.0065042708865,830.2222013316981,830.4387464973836,830.6561318634281,830.8743496331589,831.093392115948,831.3132517254404,831.5339209778268,831.7553924901337,831.9776589785581,832.200713256823,832.4245482345674,832.6491569157657,832.8745323971724,833.1006678667972,833.327556602408,833.5551919700588,833.7835674226451,834.0126764984824,834.2425128199167,834.4730700919483,834.7043421008927,834.9363227130546,835.122413325527,835.1457061136857,835.1690058734301,835.1923125988187,835.2156262839154,835.2389469227917,835.262274509528,835.2856090382123,835.3089505029387,835.33229889781,835.3556542169359,835.3790164544348,835.4023856044313,835.4257616610574,835.449144618454,835.4725344707686,835.4959312121563,835.5193348367789,835.5427453388071,835.5661627124177,835.5895869517956,835.6130180511336,835.6364560046308,835.6599008064936,835.6833524509373,835.7068109321834,835.7302762444607,835.7537483820051,835.7772273390618,835.8007131098799,835.8242056887199,835.8477050698452,835.8712112475304,835.8947242160554,835.9182439697063,835.941770502779,835.9653038095747,835.9888438844032,836.0123907215801,836.0359443154293,836.0595046602815,836.0830717504739,836.1066455803527,836.1302261442688,836.1538134365824,836.1774074516594,836.2010081838732,836.2246156276055,836.2482297772419,836.2718506271794,836.2954781718188,836.319112405569,836.3427533228462,836.3664009180732,836.39005518568,836.4137161201044,836.4373837157888,836.4610579671852,836.4847388687517,836.5084264149532,836.5321206002611,836.5558214191549,836.5795288661202,836.6032429356486,836.6269636222414,836.6506909204041,836.6744248246498,836.6981653294998,836.7219124294803,836.7456661191254,836.7694263929762,836.7931932455804,836.8169666714919,836.8407466652723,836.86453322149,836.8883263347194,836.9121259995419,836.9359322105466,836.9597449623279,836.9835642494885,837.0073900666359,837.0550612693611,837.2938072580952
473.15,851.8123325614009,852.0110143819675,852.2106718571752,852.4112954421399,852.6128757281023,852.8154034400412,853.0188694343417,853.2232646965055,853.4285803389091,853.6348075986045,853.8419378351643,854.0499625285676,854.2588732771296,854.468661795467,854.6793199125103,854.8908395695428,855.1032128182904,855.3164318190363,855.5304888387803,855.7453762494266,855.9610865260094,856.1776122449518,856.3949460823563,856.6130808123252,856.8320093053175,857.0517245265306,857.2280584799435,857.2501351390803,857.2722195343174,857.2943116588455,857.3164115058647,857.338519068583,857.3606343402189,857.3827573139994,857.4048879831595,857.4270263409447,857.4491723806076,857.4713260954117,857.4934874786278,857.5156565235361,857.5378332234257,857.5600175715953,857.5822095613507,857.6044091860077,857.6266164388912,857.6488313133339,857.6710538026774,857.6932839002731,857.71552159948,857.7377668936666,857.7600197762094,857.7822802404942,857.804548279915,857.8268238878745,857.8491070577851,857.8713977830656,857.893696057146,857.9160018734633,857.9383152254637,857.9606361066012,857.9829645103398,858.0053004301503,858.0276438595138,858.0499947919188,858.0723532208617,858.0947191398494,858.1170925423961,858.1394734220233,858.1618617722633,858.1842575866553,858.2066608587477,858.229071582096,858.2514897502658,858.2739153568303,858.2963483953703,858.3187888594766,858.3412367427468,858.3636920387883,858.3861547412155,858.4086248436511,858.4311023397275,858.4535872230839,858.4760794873681,858.4985791262368,858.5210861333542,858.5436005023932,858.5661222270343,858.5886513009668,858.6111877178878,858.6337314715032,858.6562825555259,858.6788409636782,858.7014066896892,858.7239797272973,858.7465600702483,858.7691477122967,858.791742647204,858.8143448687406,858.836954370685,858.8595711468232,858.8821951909497,858.9048264968666,858.9274650583843,858.9501108693204,858.9727639235024,858.9954242147625,859.0180917369448,859.0634484494807,859.2906637842699
478.15,874.3945020433666,874.5776503520326,874.761891580552,874.9472146288232,875.1336085611734,875.3210626033479,875.5095661395529,875.6991087095738,875.8896800059448,876.0812698711841,876.273868295085,876.4674654120653,876.6620514985699,876.8576169705277,877.0541523808637,877.2516484170573,877.4500958987559,877.6494857754301,877.8498091240855,878.0510571470111,878.2532211695807,878.4562926380922,878.6602631176551,878.865124290115,879.070867952025,879.2774860126482,879.4434046620065,879.4641832804043,879.484970492012,879.5057662890075,879.52657066358,879.5473836079262,879.5682051142576,879.589035174793,879.6098737817639,879.6307209274111,879.6515766039872,879.6724408037542,879.6933135189854,879.7141947419648,879.7350844649858,879.7559826803532,879.7768893803819,879.7978045573984,879.8187282037375,879.8396603117457,879.8606008737808,879.881549882209,879.9025073294083,879.9234732077664,879.9444475096819,879.9654302275628,879.9864213538285,880.0074208809076,880.0284288012399,880.0494451072748,880.070469791472,880.0915028463014,880.1125442642444,880.1335940377905,880.15465215944,880.1757186217047,880.1967934171039,880.2178765381699,880.2389679774434,880.2600677274747,880.2811757808254,880.3022921300666,880.3234167677805,880.3445496865569,880.3656908789978,880.3868403377134,880.4079980553258,880.4291640244652,880.450338237773,880.4715206879,880.4927113675069,880.5139102692639,880.5351173858509,880.5563327099599,880.5775562342894,880.5987879515495,880.6200278544601,880.6412759357503,880.6625321881594,880.6837966044362,880.705069177339,880.7263498996359,880.7476387641054,880.7689357635351,880.7902408907214,880.8115541384717,880.832875499602,880.8542049669394,880.875542533318,880.8968881915839,880.9182419345921,880.9396037552066,880.9609736463008,880.9823516007576,881.0037376114706,881.0251316713417,881.0465337732829,881.0679439102144,881.0893620750672,881.1107882607814,881.132222460306,881.1751148726305,881.3900553780883
483.15,897.121772622673,897.28814018014,897.4557345228817,897.6245426859582,897.7945519045954,897.9657496103106,898.1381234271399,898.3116611679427,898.4863508307984,898.6621805954807,898.8391388200145,899.0172140373087,899.1963949518658,899.3766704365626,899.5580295295046,899.7404614309446,899.9239555002769,900.1085012530871,900.294088358273,900.4807066352241,900.6683460510627,900.8569967179403,901.0466488903984,901.2372929627784,901.4289194666881,901.6215190685215,901.7762931928705,901.7956831013711,901.8150825670338,901.8344915808451,901.8539101338049,901.873338216925,901.8927758212303,901.9122229377595,901.9316795575621,901.9511456717008,901.9706212712518,901.9901063473034,902.0096008909561,902.0291048933236,902.0486183455316,902.068141238718,902.087673564034,902.1072153126433,902.126766475722,902.146327044457,902.1658970100507,902.1854763637145,902.2050650966747,902.224663200169,902.2442706654472,902.2638874837713,902.2835136464168,902.3031491446698,902.3227939698294,902.3424481132072,902.3621115661264,902.3817843199224,902.4014663659433,902.4211576955491,902.440858300111,902.4605681710138,902.4802872996536,902.5000156774373,902.5197532957868,902.5395001461326,902.5592562199197,902.5790215086035,902.5987960036529,902.6185796965468,902.6383725787771,902.6581746418477,902.6779858772728,902.6978062765816,902.7176358313119,902.7374745330143,902.757322373252,902.777179343599,902.7970454356409,902.8169206409763,902.8368049512137,902.8566983579742,902.8766008528904,902.8965124276067,902.9164330737789,902.936362783075,902.956301547173,902.9762493577638,902.9962062065489,903.016172085242,903.0361469855683,903.0561308992643,903.0761238180768,903.0961257337652,903.1161366381012,903.1361565228652,903.1561853798516,903.1762232008643,903.1962699777199,903.2163257022446,903.2363903662776,903.2564639616679,903.2765464802776,903.2966379139776,903.3167382546513,903.3368474941932,903.3569656245094,903.3972285251414,903.5990737374291
488.15,920.005921868766,920.1541034134829,920.3036652884899,920.4545922758884,920.606869403586,920.7604819402577,920.9154153904386,921.0716554897391,921.2291882001815,921.3879997056496,921.5480764074521,921.7094049199903,921.8719720665373,922.0357648751108,922.2007705744471,922.3669765900733,922.5343705404645,922.702940233296,922.8726736617813,923.0435590010915,923.2155846048606,923.3887390017679,923.5630108921966,923.73838914497,923.9148627941629,924.0924210359735,924.235241377587,924.2531419791915,924.2710532256821,924.2889751066388,924.3069076116583,924.3248507303512,924.3428044523465,924.3607687672846,924.3787436648229,924.3967291346346,924.4147251664072,924.4327317498426,924.4507488746597,924.4687765305906,924.4868147073838,924.5048633948026,924.5229225826237,924.5409922606403,924.5590724186608,924.5771630465077,924.5952641340175,924.6133756710439,924.6314976474539,924.649630053128,924.6677728779647,924.6859261118742,924.7040897447832,924.7222637666328,924.7404481673775,924.758642936988,924.7768480654481,924.7950635427579,924.8132893589315,924.8315255039962,924.8497719679947,924.8680287409846,924.8862958130375,924.9045731742385,924.9228608146892,924.9411587245037,924.959466893811,924.9777853127541,924.996113971491,925.014452860194,925.0328019690484,925.0511612882542,925.069530808026,925.0879105185928,925.1063004101966,925.1247004730942,925.1431106975568,925.1615310738688,925.1799615923284,925.1984022432492,925.2168530169575,925.2353139037943,925.2537848941138,925.2722659782839,925.2907571466876,925.3092583897209,925.3277696977933,925.3462910613287,925.3648224707638,925.3833639165512,925.4019153891542,925.4204768790516,925.4390483767356,925.4576298727121,925.4762213575008,925.4948228216333,925.5134342556571,925.5320556501318,925.5506869956307,925.569328282741,925.5879795020624,925.6066406442097,925.6253116998097,925.6439926595018,925.6626835139414,925.6813842537954,925.7000948697437,925.7375456927119,925.9253892222414
493.15,943.0599874569881,943.1883929205237,943.3183557628656,943.4498580211557,943.5828820374063,943.7174104518353,943.8534261963875,943.9909124884338,944.1298528246463,944.2702309750381,944.4120309771587,944.5552371304514,944.6998339907514,944.8458063649289,944.9931393056753,945.1418181064112,945.2918282963354,945.4431556355901,945.595786110548,945.7497059292178,945.9049015167607,946.0613595111147,946.2190667587305,946.3780103104002,946.5381774171967,946.699555526501,946.8295216233375,946.845821012412,946.8621322781287,946.878455408401,946.8947903911597,946.9111372143545,946.927495865953,946.9438663339421,946.9602486063256,946.9766426711278,946.9930485163885,947.0094661301683,947.0258955005451,947.0423366156141,947.05878946349,947.0752540323035,947.091730310207,947.1082182853671,947.1247179459707,947.1412292802216,947.157752276342,947.1742869225722,947.1908332071695,947.2073911184098,947.2239606445874,947.2405417740118,947.2571344950129,947.2737387959371,947.2903546651485,947.3069820910293,947.3236210619783,947.3402715664129,947.3569335927668,947.3736071294929,947.3902921650599,947.4069886879549,947.4236966866815,947.440416149762,947.4571470657338,947.4738894231539,947.4906432105955,947.5074084166489,947.5241850299219,947.5409730390384,947.557772432641,947.5745831993888,947.5914053279566,947.6082388070388,947.6250836253442,947.6419397716004,947.6588072345505,947.6756860029557,947.692576065593,947.7094774112567,947.7263900287581,947.7433139069252,947.7602490346012,947.7771954006487,947.7941529939449,947.811121803384,947.8281018178769,947.8450930263512,947.8620954177518,947.8791089810378,947.8961337051871,947.9131695791934,947.9302165920649,947.9472747328294,947.9643439905284,947.9814243542211,947.9985158129813,948.0156183559027,948.0327319720902,948.0498566506685,948.0669923807776,948.0841391515728,948.1012969522258,948.1184657719255,948.1356455998751,948.1528364252944,948.1700382374202,948.2044747788118,948.3773130494886
498.15,966.2984675232477,966.4052889369368,966.5138730836067,966.624198624057,966.7362446015153,966.8499904326488,966.9654158988641,967.0825011378608,967.2012266354494,967.3215732176095,967.4435220427815,967.5670545943864,967.692152673555,967.8187983920717,967.9469741655056,968.0766627065456,968.2078470185076,968.3405103890232,968.4746363838991,968.6102088411373,968.7472118651152,968.8856298209192,969.025447328821,969.1666492589023,969.3092207258144,969.4531470836673,969.5692539992091,969.5838273216972,969.5984139210565,969.6130137832079,969.6276268940944,969.6422532396814,969.6568928059575,969.6715455789325,969.6862115446381,969.7008906891302,969.7155829984858,969.7302884588037,969.7450070562049,969.759738776834,969.7744836068551,969.7892415324562,969.8040125398467,969.8187966152573,969.8335937449411,969.8484039151738,969.8632271122516,969.8780633224917,969.8929125322363,969.9077747278446,969.9226498957016,969.9375380222111,969.9524390937996,969.967353096915,969.9822800180254,969.9972198436228,970.0121725602171,970.0271381543428,970.0421166125526,970.0571079214237,970.072112067551,970.0871290375527,970.1021588180683,970.1172013957563,970.1322567572981,970.1473248893944,970.1624057787689,970.177499412163,970.192605776343,970.2077248580928,970.2228566442169,970.2380011215428,970.2531582769175,970.2683280972068,970.2835105693006,970.2987056801065,970.3139134165523,970.3291337655891,970.3443667141861,970.3596122493333,970.3748703580399,970.3901410273378,970.4054242442772,970.4207199959297,970.4360282693859,970.4513490517567,970.4666823301739,970.4820280917877,970.4973863237705,970.5127570133129,970.5281401476263,970.5435357139407,970.5589436995067,970.5743640915955,970.5897968774963,970.6052420445202,970.6206995799955,970.636169471272,970.6516517057175,970.6671462707209,970.6826531536893,970.6981723420504,970.7137038232498,970.729247584754,970.7448036140485,970.7603718986365,970.775952426043,970.8071501595012,970.9638691794702
503.15,989.7375678358368,989.8207379818032,989.9059106256213,989.9930602304478,990.0821617453577,990.1731905929878,990.2661226576026,990.3609342735638,990.457602214183,990.556103680945,990.6564162930792,990.7585180774704,990.8623874588833,990.9680032505015,991.0753446447553,991.184391204427,991.2951228540304,991.4075198714397,991.5215628797708,991.6372328394946,991.7545110407774,991.87337909604,991.9938189327232,992.1158127862591,992.2393431932306,992.3643929847206,992.4655154212932,992.4782229129219,992.4909452798418,992.5036825055782,992.5164345736868,992.5292014677482,992.5419831713709,992.5547796681916,992.5675909418734,992.5804169761075,992.593257754612,992.6061132611317,992.6189834794391,992.6318683933331,992.6447679866401,992.6576822432133,992.6706111469325,992.6835546817048,992.6965128314631,992.7094855801678,992.7224729118055,992.7354748103901,992.7484912599607,992.7615222445836,992.7745677483516,992.7876277553835,992.8007022498247,992.8137912158463,992.8268946376467,992.8400124994478,992.8531447855013,992.8662914800813,992.8794525674904,992.8926280320557,992.9058178581301,992.9190220300936,992.9322405323501,992.9454733493302,992.9587204654902,992.9719818653116,992.9852575333007,992.9985474539902,993.0118516119388,993.0251699917286,993.0385025779683,993.0518493552916,993.0652103083571,993.0785854218486,993.0919746804759,993.1053780689714,993.1187955720947,993.132227174629,993.1456728613839,993.1591326171919,993.1726064269116,993.1860942754253,993.19959614764,993.2131120284889,993.2266419029271,993.240185755936,993.2537435725211,993.267315337712,993.2809010365625,993.2945006541503,993.3081141755791,993.3217415859752,993.3353828704879,993.3490380142936,993.3627070025901,993.3763898206006,993.3900864535711,993.4037968867727,993.4175211054994,993.4312590950688,993.4450108408225,993.4587763281269,993.4725555423692,993.4863484689637,993.5001550933447,993.5139754009723,993.5278093773298,993.5555182782794,993.6948780019522
508.15,1013.3955104694382,1013.4526505813863,1013.5120752329324,1013.5737536051485,1013.6376555055625,1013.7037513508211,1013.7720121499907,1013.8424094884762,1013.9149155125309,1013.9895029143245,1014.066144917553,1014.1448152635564,1014.225488197927,1014.3081384575795,1014.3927412582688,1014.4792722825207,1014.567707667975,1014.6580239961046,1014.7501982812994,1014.8442079603054,1014.940030881988,1015.0376452974181,1015.1370298502616,1015.2381635674595,1015.3410258501847,1015.4455964650699,1015.5304695873947,1015.5411542073567,1015.5518555356897,1015.5625735530215,1015.5733082400141,1015.584059577362,1015.594827545795,1015.6056121260768,1015.6164132990043,1015.6272310454078,1015.6380653461525,1015.6489161821344,1015.6597835342861,1015.6706673835721,1015.68156771099,1015.6924844975703,1015.7034177243779,1015.7143673725103,1015.7253334230962,1015.7363158573,1015.7473146563174,1015.7583298013764,1015.7693612737392,1015.7804090546992,1015.7914731255836,1015.8025534677499,1015.8136500625907,1015.8247628915287,1015.83589193602,1015.847037177552,1015.8581985976463,1015.8693761778526,1015.8805698997566,1015.8917797449741,1015.903005695151,1015.9142477319685,1015.9255058371361,1015.9367799923975,1015.9480701795256,1015.9593763803268,1015.9706985766375,1015.9820367503252,1015.9933908832896,1016.0047609574613,1016.016146954801,1016.0275488573014,1016.0389666469869,1016.0504003059106,1016.0618498161576,1016.0733151598446,1016.0847963191164,1016.0962932761514,1016.1078060131559,1016.1193345123686,1016.1308787560575,1016.1424387265214,1016.1540144060887,1016.1656057771188,1016.177212822,1016.1888355231524,1016.2004738630241,1016.2121278240945,1016.2237973888723,1016.2354825398961,1016.2471832597347,1016.2588995309845,1016.2706313362743,1016.2823786582597,1016.294141479628,1016.305919783095,1016.3177135514048,1016.3295227673325,1016.3413474136805,1016.3531874732813,1016.3650429289976,1016.376913763719,1016.3887999603646,1016.4007015018828,1016.412618371251,1016.4245505514747,1016.4364980255876,1016.4604387877625,1016.5810545016482
513.15,1037.292924307927,1037.3212770337718,1037.3522489031432,1037.3858023596042,1037.4219006675407,1037.4605078873672,1037.5015888517153,1037.545109142551,1037.5910350692004,1037.6393336472386,1037.6899725781996,1037.7429202300839,1037.7981456186121,1037.8556183891967,1037.915308799601,1037.977187703237,1038.0412265330888,1038.1073972862164,1038.1756725088153,1038.2460252818073,1038.3184292069313,1038.3928583933102,1038.4692874444775,1038.5476914458238,1038.6280459524723,1038.7103269775282,1038.7775230570376,1038.786007608229,1038.7945109807154,1038.8030331515856,1038.8115740979724,1038.8201337970481,1038.8287122260303,1038.837309362177,1038.845925182789,1038.8545596652082,1038.8632127868198,1038.8718845250492,1038.8805748573652,1038.8892837612761,1038.898011214333,1038.9067571941287,1038.9155216782954,1038.9243046445092,1038.9331060704842,1038.941925933978,1038.950764212788,1038.9596208847515,1038.9684959277486,1038.9773893196973,1038.9863010385586,1038.9952310623319,1039.0041793690582,1039.0131459368174,1039.022130743731,1039.031133767959,1039.040154987702,1039.0491943812003,1039.0582519267339,1039.067327602622,1039.076421387224,1039.0855332589383,1039.0946631962017,1039.103811177491,1039.1129771813244,1039.122161186254,1039.1313631708751,1039.1405831138206,1039.149820993761,1039.1590767894068,1039.1683504795064,1039.1776420428469,1039.1869514582536,1039.1962787045902,1039.2056237607585,1039.2149866056982,1039.224367218387,1039.2337655778413,1039.2431816631133,1039.2526154532961,1039.2620669275166,1039.2715360649424,1039.2810228447775,1039.290527246262,1039.3000492486754,1039.3095888313328,1039.319145973587,1039.328720654828,1039.3383128544815,1039.3479225520116,1039.3575497269185,1039.3671943587387,1039.3768564270458,1039.3865359114493,1039.3962327915956,1039.4059470471675,1039.4156786578828,1039.4254276034976,1039.435193863802,1039.444977418622,1039.4547782478226,1039.4645963312998,1039.474431648989,1039.48428418086,1039.4941539069177,1039.5040408072032,1039.5139448617927,1039.5338043543643,1039.6341243481795
513.65,1039.696714384393,1039.7220196741825,1039.7499809489748,1039.7805598798327,1039.813718981918,1039.849421588776,1039.8876318276377,1039.9283145956947,1039.9714355373196,1040.0169610221826,1040.064858124236,1040.1150946015175,1040.1676388767444,1040.2224600186564,1040.2795277240673,1040.338812300597,1040.400284650048,1040.4639162523906,1040.5296791503322,1040.5975459344343,1040.667489728757,1040.7394841769972,1040.8135034291051,1040.889522128347,1040.9675153987935,1041.0474588332258,1041.1128015892286,1041.1210555103055,1041.129328481422,1041.1376204792718,1041.1459314805925,1041.1542614621644,1041.1626104008112,1041.1709782734001,1041.1793650568397,1041.1877707280855,1041.1961952641307,1041.2046386420147,1041.213100838819,1041.2215818316668,1041.2300815977226,1041.2386001141972,1041.247137358339,1041.255693307441,1041.2642679388389,1041.272861229907,1041.2814731580645,1041.2901037007714,1041.2987528355286,1041.3074205398789,1041.316106791407,1041.3248115677377,1041.3335348465382,1041.3422766055162,1041.3510368224197,1041.3598154750389,1041.368612541204,1041.377427998785,1041.3862618256944,1041.3951139998842,1041.4039844993463,1041.4128733021134,1041.4217803862582,1041.4307057298938,1041.4396493111728,1041.4486111082879,1041.4575910994718,1041.4665892629964,1041.4756055771736,1041.4846400203544,1041.4936925709296,1041.502763207329,1041.511851908022,1041.5209586515168,1041.5300834163604,1041.539226181139,1041.5483869244774,1041.55756562504,1041.5667622615288,1041.575976812685,1041.5852092572877,1041.5944595741541,1041.6037277421415,1041.6130137401428,1041.6223175470911,1041.6316391419562,1041.6409785037467,1041.650335611508,1041.6597104443244,1041.6691029813164,1041.678513201644,1041.687941084503,1041.6973866091262,1041.7068497547857,1041.7163305007891,1041.7258288264818,1041.7353447112464,1041.7448781345017,1041.7544290757032,1041.7639975143436,1041.7735834299529,1041.7831868020971,1041.7928076103774,1041.802445834434,1041.812101453941,1041.821774448611,1041.8314647981895,1041.8508974812464,1041.9490953530974
514.15,1042.1031569339823,1042.1253821293303,1042.1503008254122,1042.1778739004765,1042.208063100957,1042.2408310148,1042.2761410458468,1042.3139573892254,1042.354245007733,1042.3969696091544,1042.4420976244803,1042.4895961869863,1042.539433112137,1042.5915768782675,1042.6459966080126,1042.7026620504446,1042.7615435638797,1042.8226120993284,1042.8858391845488,1042.9511969086764,1043.0186579074025,1043.0881953486683,1043.1597829188552,1043.2333948094436,1043.3090057041168,1043.386590766292,1043.4500638253103,1043.4580850850832,1043.4661256270554,1043.4741854275178,1043.4822644628043,1043.490362709294,1043.4984801434098,1043.5066167416176,1043.51477248043,1043.5229473364025,1043.531141286132,1043.5393543062628,1043.5475863734803,1043.5558374645145,1043.5641075561373,1043.5723966251662,1043.5807046484597,1043.5890316029206,1043.597377465495,1043.6057422131694,1043.6141258229757,1043.6225282719874,1043.6309495373214,1043.6393895961344,1043.6478484256284,1043.6563260030462,1043.6648223056723,1043.6733373108345,1043.6818709959014,1043.6904233382834,1043.6989943154335,1043.707583904845,1043.7161920840547,1043.724818830638,1043.7334641222133,1043.7421279364412,1043.7508102510205,1043.7595110436935,1043.7682302922415,1043.7769679744883,1043.7857240682974,1043.794498551573,1043.8032914022606,1043.812102598343,1043.8209321178483,1043.8297799388406,1043.838646039425,1043.8475303977486,1043.856432991996,1043.8653538003923,1043.8742928012036,1043.8832499727332,1043.892225293326,1043.9012187413653,1043.9102302952735,1043.9192599335124,1043.9283076345841,1043.9373733770285,1043.9464571394242,1043.9555589003896,1043.9646786385813,1043.9738163326938,1043.982971961462,1043.9921455036576,1044.0013369380915,1044.010546243613,1044.0197733991085,1044.0290183835039,1044.0382811757622,1044.0475617548843,1044.0568600999095,1044.0661761899146,1044.0755100040137,1044.0848615213586,1044.094230721139,1044.1036175825816,1044.1130220849495,1044.122444207545,1044.1318839297062,1044.141341230807,1044.1508160902617,1044.169818402062,1044.265876511297
514.65,1044.512277626124,1044.53138953605,1044.5532331530578,1044.577768541601,1044.6049566592526,1044.6347593290318,1044.6671392128235,1044.7020597858618,1044.7394853122325,1044.7793808213585,1044.8217120854238,1044.8664455976952,1044.9135485517088,1044.9629888212608,1045.0147349411943,1045.0687560889057,1045.125022066574,1045.183503284041,1045.2441707423363,1045.3069960177966,1045.3719512467605,1045.439009110802,1045.5081428224803,1045.5793261115768,1045.652533211798,1045.7277388479254,1045.789325623603,1045.797112164569,1045.8049182233751,1045.8127437759001,1045.820588798067,1045.8284532658433,1045.8363371552425,1045.8442404423247,1045.8521631031927,1045.8601051139956,1045.8680664509277,1045.8760470902262,1045.8840470081757,1045.8920661811017,1045.900104585377,1045.9081621974176,1045.9162389936837,1045.9243349506794,1045.9324500449518,1045.9405842530937,1045.9487375517415,1045.9569099175728,1045.965101327312,1045.9733117577234,1045.981541185617,1045.9897895878462,1045.9980569413053,1046.0063432229342,1046.0146484097127,1046.0229724786655,1046.0313154068597,1046.0396771714038,1046.04805774945,1046.0564571181926,1046.0648752548666,1046.0733121367512,1046.081767741167,1046.0902420454752,1046.0987350270811,1046.1072466634282,1046.1157769320062,1046.1243258103423,1046.1328932760068,1046.141479306612,1046.1500838798092,1046.1587069732934,1046.1673485647987,1046.1760086321005,1046.1846871530151,1046.1933841053997,1046.202099467152,1046.21083321621,1046.219585330552,1046.228355788197,1046.2371445672031,1046.245951645671,1046.2547770017381,1046.2636206135846,1046.2724824594275,1046.2813625175268,1046.2902607661802,1046.2991771837246,1046.308111748538,1046.3170644390352,1046.326035233672,1046.3350241109442,1046.3440310493843,1046.3530560275653,1046.3620990240986,1046.3711600176337,1046.3802389868601,1046.3893359105052,1046.3984507673347,1046.4075835361523,1046.4167341958007,1046.4259027251612,1046.4350891031515,1046.4442933087298,1046.45351532089,1046.4627551186638,1046.4720126811228,1046.4905810165637,1046.5844815087166
515.15,1046.9241024979249,1046.9400673868531,1046.9588028966905,1046.980268256429,1047.0044236139918,1047.0312300075152,1047.0606493377743,1047.092644341712,1047.12717856703,1047.1642163478032,1047.2037227810783,1047.2456637044074,1047.290005674278,1047.3367159454012,1047.3857624508069,1047.4371137827159,1047.4907391741492,1047.5466084812283,1047.6046921661416,1047.6649612807387,1047.7273874507216,1047.7919428603946,1047.8586002379627,1047.927332841329,1047.9981144443836,1048.0709193237499,1048.1306030131611,1048.1381527510518,1048.1457222459705,1048.153311473375,1048.1609204087672,1048.1685490276975,1048.176197305761,1048.1838652185997,1048.1915527419021,1048.199259851402,1048.206986522879,1048.2147327321588,1048.2224984551133,1048.2302836676577,1048.2380883457556,1048.2459124654129,1048.253756002683,1048.2616189336638,1048.2695012344968,1048.2774028813699,1048.285323850515,1048.2932641182085,1048.3012236607722,1048.3092024545701,1048.317200476013,1048.3252177015545,1048.333254107693,1048.3413096709694,1048.3493843679696,1048.3574781753234,1048.3655910697034,1048.3737230278266,1048.3818740264514,1048.390044042383,1048.3982330524661,1048.4064410335902,1048.4146679626883,1048.4229138167357,1048.431178572749,1048.4394622077896,1048.4477646989606,1048.4560860234074,1048.464426158318,1048.4727850809218,1048.4811627684915,1048.4895591983413,1048.4979743478266,1048.5064081943458,1048.5148607153392,1048.523331888287,1048.5318216907112,1048.5403301001772,1048.5488570942894,1048.557402650695,1048.5659667470816,1048.574549361177,1048.5831504707512,1048.591770053615,1048.600408087619,1048.6090645506536,1048.6177394206527,1048.6264326755875,1048.6351442934717,1048.6438742523571,1048.652622530337,1048.6613891055456,1048.670173956154,1048.678977060376,1048.687798396464,1048.6966379427092,1048.705495677444,1048.7143715790396,1048.7232656259052,1048.732177796491,1048.741108069285,1048.7500564228158,1048.7590228356496,1048.7680072863914,1048.777009753686,1048.786030216216,1048.7950686527024,1048.8131993626248,1048.9049241660105
515.65,1049.3386579620471,1049.35144153745,1049.367035372456,1049.3853978382124,1049.4064882515202,1049.4302668450334,1049.4566947386472,1049.4857339120322,1049.5173471782732,1049.5514981585868,1049.5881512580474,1049.6272716423036,1049.6688252152271,1049.712778597453,1049.7590991057732,1049.8077547333341,1049.8587141306048,1049.9119465870745,1049.967422013638,1050.0251109256412,1050.0849844265501,1050.1470141922023,1050.2111724556303,1050.2774319924051,1050.345766106495,1050.4161486165967,1050.4739121964712,1050.481223019784,1050.4885538429292,1050.4959046409335,1050.503275388871,1050.5106660618628,1050.518076635078,1050.5255070837322,1050.5329573830902,1050.5404275084609,1050.5479174352017,1050.555427138717,1050.5629565944578,1050.570505777921,1050.5780746646499,1050.5856632302352,1050.5932714503133,1050.6008993005648,1050.6085467567202,1050.616213794552,1050.6239003898818,1050.6316065185729,1050.639332156538,1050.6470772797322,1050.6548418641585,1050.6626258858626,1050.670429320937,1050.6782521455186,1050.6860943357885,1050.693955867973,1050.7018367183437,1050.7097368632155,1050.7176562789489,1050.7255949419473,1050.7335528286594,1050.741529915577,1050.7495261792365,1050.757541596218,1050.7655761431454,1050.7736297966865,1050.7817025335507,1050.7897943304938,1050.7979051643129,1050.8060350118485,1050.8141838499844,1050.8223516556468,1050.830538405807,1050.8387440774757,1050.8469686477083,1050.8552120936033,1050.863474392299,1050.8717555209791,1050.8800554568677,1050.8883741772315,1050.8967116593785,1050.9050678806607,1050.9134428184689,1050.9218364502378,1050.9302487534433,1050.9386797056022,1050.9471292842736,1050.9555974670568,1050.9640842315935,1050.972589555565,1050.9811134166948,1050.9896557927475,1050.998216661527,1051.0067960008796,1051.0153937886912,1051.0240100028877,1051.0326446214376,1051.0412976223465,1051.0499689836636,1051.0586586834743,1051.0673666999085,1051.0760930111321,1051.0848375953533,1051.0936004308185,1051.1023814958148,1051.111180768668,1051.1199982277435,1051.1376876182214,1051.2272184404592
516.15,1051.7559708148008,1051.7655382144821,1051.7779562552535,1051.7931824272896,1051.8111751940935,1051.8318939615654,1051.8552990483101,1051.8813516571358,1051.9100138477095,1051.9412485103207,1051.9750193407183,1052.011290815964,1052.0500281712705,1052.0911973777627,1052.1347651211377,1052.180698781161,1052.2289664119696,1052.2795367231358,1052.3323790614554,1052.387463393417,1052.444760288329,1052.5042409020552,1052.565876961341,1052.6296407486905,1052.6955050877752,1052.763443329336,1052.8192695521936,1052.8263393217198,1052.8334293375685,1052.8405395743268,1052.8476700066299,1052.8548206091625,1052.8619913566577,1052.8691822238964,1052.8763931857077,1052.88362421697,1052.8908752926088,1052.8981463875966,1052.9054374769562,1052.9127485357556,1052.9200795391114,1052.9274304621865,1052.9348012801938,1052.94219196839,1052.949602502081,1052.957032856619,1052.9644830074035,1052.971952929879,1052.9794425995378,1052.9869519919196,1052.994481082609,1053.0020298472373,1053.009598261481,1053.017186301064,1053.0247939417554,1053.0324211593697,1053.040067929768,1053.0477342288561,1053.0554200325848,1053.0631253169518,1053.0708500579985,1053.078594231811,1053.0863578145218,1053.0941407823084,1053.1019431113912,1053.1097647780364,1053.1176057585542,1053.1254660292998,1053.1333455666722,1053.1412443471154,1053.1491623471156,1053.1570995432046,1053.1650559119582,1053.1730314299941,1053.1810260739758,1053.1890398206085,1053.1970726466416,1053.2051245288678,1053.2131954441238,1053.2212853692877,1053.2293942812805,1053.2375221570685,1053.2456689736584,1053.2538347081002,1053.2620193374873,1053.2702228389537,1053.2784451896775,1053.2866863668787,1053.2949463478185,1053.3032251098,1053.3115226301704,1053.3198388863166,1053.3281738556668,1053.3365275156937,1053.3448998439083,1053.353290817864,1053.361700415157,1053.370128613423,1053.3785753903398,1053.3870407236243,1053.3955245910367,1053.4040269703773,1053.4125478394856,1053.4210871762443,1053.4296449585743,1053.438221164438,1053.4468157718375,1053.464060103456,1053.5513784279158
516.65,1054.1760682444744,1054.1823840234736,1054.191591586326,1054.203647518341,1054.218509406811,1054.2361358089133,1054.2564862208899,1054.2795210484687,1054.3052015784901,1054.333489951688,1054.3643491365885,1054.3977429044696,1054.4336358053513,1054.4719931449495,1054.5127809625658,1054.5559660098575,1054.6015157304448,1054.64939824032,1054.6995823090037,1054.7520373414275,1054.8067333604868,1054.8636409902433,1054.9227314397408,1054.9839764873873,1055.047348465902,1055.112820247774,1055.1666916379756,1055.1735181863137,1055.1803652312208,1055.1872327468363,1055.1941207073476,1055.2010290869928,1055.2079578600592,1055.2149070008832,1055.2218764838515,1055.2288662833998,1055.2358763740128,1055.242906730225,1055.2499573266173,1055.257028137823,1055.2641191385205,1055.2712303034384,1055.2783616073548,1055.2855130250946,1055.2926845315294,1055.2998761015826,1055.3070877102211,1055.3143193324636,1055.3215709433744,1055.3288425180651,1055.336134031695,1055.343445459472,1055.3507767766482,1055.358127958526,1055.3654989804531,1055.372889817823,1055.3803004460788,1055.387730840707,1055.3951809772427,1055.402650831266,1055.4101403784043,1055.4176495943311,1055.425178454764,1055.4327269354683,1055.4402950122553,1055.4478826609804,1055.455489857546,1055.4631165778978,1055.47076279803,1055.4784284939792,1055.486113641828,1055.493818217704,1055.5015421977796,1055.5092855582725,1055.5170482754438,1055.5248303255996,1055.5326316850912,1055.5404523303127,1055.5482922377037,1055.556151383747,1055.5640297449697,1055.5719272979427,1055.5798440192802,1055.5877798856413,1055.595734873727,1055.6037089602821,1055.6117021220957,1055.6197143359993,1055.6277455788675,1055.6357958276174,1055.64386505921,1055.6519532506481,1055.6600603789782,1055.6681864212883,1055.6763313547087,1055.6844951564135,1055.6926778036182,1055.7008792735792,1055.7090995435967,1055.7173385910123,1055.725596393209,1055.733872927612,1055.742168171688,1055.7504821029447,1055.7588146989312,1055.7671659372388,1055.7755357955,1055.7923312826142,1055.877418364796
517.15,1056.5989778399082,1056.6020059570108,1056.6079677810767,1056.6168189678513,1056.6285162047466,1056.6430171775196,1056.66028053829,1056.6802658748336,1056.702933681137,1056.728245329157,1056.756163041737,1056.786649866643,1056.8196696516618,1056.8551870207166,1056.893167350958,1056.9335767507685,1056.9763820386534,1057.02155072296,1057.069050982386,1057.1188516472384,1057.1709221814046,1057.2252326649893,1057.2817537775977,1057.340456782215,1057.4013135096668,1057.4642963436172,1057.5161951933246,1057.522776324381,1057.5293782060855,1057.5360008121177,1057.5426441162085,1057.5493080921392,1057.5559927137417,1057.5626979548997,1057.5694237895466,1057.5761701916665,1057.582937135294,1057.5897245945132,1057.5965325434584,1057.6033609563142,1057.610209807315,1057.6170790707447,1057.623968720936,1057.6308787322728,1057.637809079186,1057.6447597361562,1057.6517306777152,1057.6587218784407,1057.6657333129613,1057.672764955953,1057.6798167821403,1057.6868887662963,1057.6939808832433,1057.701093107851,1057.708225415036,1057.7153777797646,1057.7225501770506,1057.7297425819534,1057.7369549695825,1057.7441873150945,1057.751439593691,1057.7587117806238,1057.7660038511885,1057.7733157807309,1057.7806475446416,1057.787999118358,1057.7953704773647,1057.8027615971926,1057.8101724534185,1057.8176030216653,1057.8250532776033,1057.8325231969472,1057.8400127554587,1057.8475219289446,1057.8550506932572,1057.8625990242952,1057.8701668980013,1057.877754290365,1057.8853611774196,1057.8929875352446,1057.9006333399643,1057.9082985677474,1057.9159831948064,1057.9236871974003,1057.9314105518315,1057.9391532344475,1057.9469152216393,1057.9546964898416,1057.9624970155346,1057.970316775242,1057.9781557455303,1057.9860139030113,1057.9938912243385,1058.0017876862114,1058.0097032653703,1058.0176379386007,1058.0255916827305,1058.0335644746303,1058.0415562912146,1058.0495671094395,1058.0575969063052,1058.0656456588538,1058.0737133441705,1058.081799939382,1058.0899054216584,1058.0980297682106,1058.1061729562932,1058.1225157662748,1058.2053526301029
517.65,1059.0247275993104,1059.0244314031572,1059.0271116370955,1059.0327230017765,1059.0412212602664,1059.0525632034605,1059.066706616878,1059.0836102487908,1059.1032337796617,1059.1255377928328,1059.150483746428,1059.1780339464149,1059.2081515207835,1059.2408003947833,1059.2759452671771,1059.313551587458,1059.3535855339853,1059.3960139929886,1059.4408045384002,1059.4879254124678,1059.5373455071137,1059.5890343459903,1059.6429620672075,1059.6990994066884,1059.7574176821247,1059.817888777497,1059.8677971425377,1059.8741306310208,1059.880485128137,1059.886860607097,1059.8932570411641,1059.899674403654,1059.9061126679337,1059.9125718074224,1059.9190517955917,1059.9255526059649,1059.9320742121145,1059.9386165876663,1059.9451797062986,1059.951763541738,1059.9583680677638,1059.9649932582045,1059.9716390869412,1059.9783055279047,1059.9849925550757,1059.9917001424863,1059.998428264217,1060.005176894401,1060.0119460072194,1060.0187355769024,1060.0255455777321,1060.032375984039,1060.0392267702027,1060.0460979106517,1060.052989379865,1060.05990115237,1060.0668332027421,1060.0737855056068,1060.0807580356372,1060.087750767556,1060.0947636761332,1060.1017967361868,1060.1088499225843,1060.1159232102402,1060.123016574118,1060.1301299892266,1060.1372634306256,1060.1444168734192,1060.1515902927613,1060.1587836638525,1060.1659969619393,1060.173230162317,1060.180483240326,1060.1877561713554,1060.1950489308394,1060.20236149426,1060.2096938371449,1060.217045935068,1060.2244177636499,1060.231809298557,1060.239220515503,1060.2466513902436,1060.2541018985848,1060.261572016376,1060.2690617195124,1060.2765709839346,1060.2840997856279,1060.291648100624,1060.2992159049995,1060.306803174874,1060.3144098864148,1060.322036015831,1060.3296815393792,1060.3373464333592,1060.3450306741138,1060.3527342380323,1060.3604571015467,1060.3681992411343,1060.3759606333142,1060.3837412546523,1060.3915410817558,1060.3993600912763,1060.4071982599094,1060.4150555643935,1060.42293198151,1060.4308274880843,1060.4387420609844,1060.4546283134487,1060.5351957474943
518.15,1061.4533459393392,1061.4496881541186,1061.449050342427,1061.4513862234328,1061.4566506105707,1061.4647993756473,1061.4757894143652,1061.4895786132352,1061.506125817854,1061.5253908024788,1061.5473342408702,1061.5719176783412,1061.5991035049742,1061.6288549299427,1061.6611359568983,1061.695911360358,1061.7331466630585,1061.7728081142156,1061.814862668648,1061.8592779667235,1061.906022315075,1061.9550646680555,1062.0063746098879,1062.0599223374716,1062.1156786438178,1062.1736149020735,1062.2215145977086,1062.2275981886078,1062.233703050108,1062.2398291549412,1062.2459764758935,1062.2521449858034,1062.258334657564,1062.2645454641206,1062.270777378471,1062.2770303736677,1062.2833044228134,1062.289599499066,1062.2959155756332,1062.3022526257776,1062.3086106228109,1062.3149895401004,1062.3213893510624,1062.327810029166,1062.334251547932,1062.3407138809325,1062.3471970017908,1062.353700884182,1062.360225501832,1062.3667708285168,1062.373336838064,1062.3799235043525,1062.3865308013105,1062.3931587029172,1062.399807183202,1062.4064762162443,1062.413165776174,1062.41987583717,1062.4266063734633,1062.43335735933,1062.4401287691012,1062.4469205771534,1062.4537327579133,1062.4605652858575,1062.4674181355113,1062.474291281449,1062.4811846982925,1062.4880983607136,1062.4950322434324,1062.5019863212174,1062.508960568885,1062.5159549612988,1062.522969473373,1062.5300040800676,1062.5370587563898,1062.5441334773977,1062.5512282181928,1062.558342953927,1062.5654776597983,1062.5726323110518,1062.5798068829797,1062.587001350922,1062.5942156902631,1062.6014498764373,1062.608703884923,1062.6159776912461,1062.623271270979,1062.6305845997394,1062.637917653192,1062.6452704070464,1062.6526428370596,1062.6600349190326,1062.6674466288139,1062.6748779422956,1062.6823288354162,1062.6897992841605,1062.6972892645554,1062.7047987526764,1062.7123277246417,1062.7198761566144,1062.727444024804,1062.7350313054626,1062.7426379748883,1062.750264009422,1062.757909385451,1062.7655740794046,1062.7732580677575,1062.7886838337768,1062.8669623873973
518.65,1063.8848617044503,1063.877804415147,1063.873811484068,1063.8728356216054,1063.87483066543,1063.8797515432184,1063.8875542368678,1063.898195748142,1063.9116340657338,1063.927828133686,1063.9467378211239,1063.968323893253,1063.992547983574,1064.0193725672475,1064.0487609355757,1064.0806771715297,1064.1150861262852,1064.1519533967057,1064.1912453037346,1064.2329288716353,1064.2769718080494,1064.32334248482,1064.3720099195427,1064.4229437578026,1064.4761142560674,1064.5314922651949,1064.5773648617956,1064.5831962698464,1064.5890492145297,1064.5949236680872,1064.6008196028172,1064.6067369910716,1064.6126758052574,1064.618636017836,1064.6246176013233,1064.6306205282872,1064.6366447713535,1064.642690303198,1064.6487570965521,1064.6548451242008,1064.6609543589818,1064.6670847737867,1064.6732363415592,1064.679409035297,1064.6856028280504,1064.6918176929216,1064.698053603066,1064.7043105316925,1064.71058845206,1064.7168873374812,1064.7232071613203,1064.7295478969938,1064.7359095179686,1064.7422919977655,1064.7486953099544,1064.7551194281577,1064.761564326049,1064.7680299773522,1064.7745163558443,1064.7810234353503,1064.787551189747,1064.794099592963,1064.800668618975,1064.8072582418117,1064.8138684355508,1064.820499174322,1064.827150432302,1064.8338221837196,1064.8405144028518,1064.8472270640266,1064.8539601416192,1064.8607136100563,1064.8674874438123,1064.8742816174113,1064.8810961054264,1064.8879308824778,1064.8947859232358,1064.9016612024202,1064.9085566947965,1064.9154723751803,1064.9224082184355,1064.9293641994725,1064.9363402932518,1064.9433364747779,1064.9503527191077,1064.9573890013423,1064.9644452966309,1064.9715215801707,1064.9786178272052,1064.9857340130254,1064.992870112969,1065.0000261024204,1065.0072019568117,1065.0143976516197,1065.021613162368,1065.02884846463,1065.036103534019,1065.0433783462006,1065.050672876882,1065.0579871018176,1065.0653209968082,1065.0726745377005,1065.0800477003852,1065.0874404607991,1065.0948527949247,1065.1022846787894,1065.1097360884646,1065.124697389763,1065.2006673691574
519.15,1066.3193041765157,1066.30880881372,1066.301423056714,1066.2970985788968,1066.295788215148,1066.2974459231375,1066.3020267461675,1066.3094867775055,1066.319783126184,1066.3328738842117,1066.3487180951608,1066.3672757240595,1066.388507628564,1066.4123755313276,1066.4388419935374,1066.4678703895454,1066.4994248825483,1066.5334704012685,1066.5699726175708,1066.6088979249837,1066.650213418061,1066.6938868725501,1066.7398867263194,1066.7881820610066,1066.8387425843462,1066.8915386131396,1066.9353654317508,1066.940942340895,1066.946541056845,1066.9521615513434,1066.957803796189,1066.9634677632375,1066.9691534243987,1066.9748607516392,1066.9805897169806,1066.9863402925012,1066.9921124503328,1066.997906162663,1067.0037214017348,1067.0095581398455,1067.0154163493469,1067.0212960026463,1067.0271970722044,1067.0331195305364,1067.0390633502113,1067.0450285038532,1067.0510149641382,1067.0570227037979,1067.0630516956164,1067.0691019124315,1067.0751733271338,1067.0812659126664,1067.0873796420287,1067.0935144882692,1067.0996704244894,1067.105847423845,1067.1120454595446,1067.1182645048466,1067.124504533063,1067.1307655175583,1067.1370474317475,1067.1433502490993,1067.1496739431311,1067.156018487414,1067.1623838555706,1067.1687700212726,1067.175176958245,1067.1816046402628,1067.1880530411513,1067.1945221347871,1067.2010118950975,1067.2075222960593,1067.2140533117004,1067.220604916099,1067.227177083383,1067.2337697877288,1067.2403830033647,1067.2470167045678,1067.253670865665,1067.2603454610319,1067.267040465093,1067.2737558523233,1067.2804915972451,1067.2872476744321,1067.2940240585037,1067.3008207241298,1067.3076376460285,1067.3144747989659,1067.3213321577573,1067.3282096972637,1067.335107392397,1067.3420252181152,1067.3489631494251,1067.35592116138,1067.362899229081,1067.3698973276776,1067.376915432365,1067.3839535183874,1067.3910115610338,1067.3980895356422,1067.405187417595,1067.4123051823244,1067.419442805307,1067.426600262065,1067.4337775281697,1067.4409745792366,1067.4481913909271,1067.4626841990578,1067.5363256632404
519.65,1068.7567030847406,1068.7427304089827,1068.7319134717663,1068.7242028803087,1068.7195504387555,1068.717909108015,1068.7192329671755,1068.7234771764684,1068.7305979417577,1068.7405524804938,1068.7532989890965,1068.768796611707,1068.787005410266,1068.807886335849,1068.8314012012133,1068.8575126544952,1068.886184154004,1068.9173799440534,1068.951065031787,1068.9872051649347,1069.0257668104584,1069.0667171340365,1069.1100239803443,1069.1556558540833,1069.2035819017265,1069.25377189393,1069.2955340017418,1069.3008540645637,1069.3061962085928,1069.3115604050597,1069.3169466252543,1069.3223548405217,1069.3277850222662,1069.333237141948,1069.3387111710845,1069.3442070812503,1069.349724844076,1069.3552644312483,1069.3608258145107,1069.3664089656631,1069.3720138565618,1069.3776404591165,1069.3832887452959,1069.3889586871214,1069.3946502566723,1069.40036342608,1069.4060981675348,1069.4118544532791,1069.417632255611,1069.423431546883,1069.429252299503,1069.4350944859323,1069.440958078687,1069.4468430503366,1069.452749373505,1069.4586770208703,1069.4646259651636,1069.4705961791694,1069.476587635727,1069.4826003077264,1069.4886341681129,1069.4946891898842,1069.5007653460898,1069.5068626098341,1069.5129809542714,1069.5191203526094,1069.525280778109,1069.5314622040821,1069.5376646038937,1069.5438879509584,1069.5501322187458,1069.5563973807743,1069.562683410615,1069.56899028189,1069.5753179682727,1069.581666443488,1069.5880356813107,1069.5944256555667,1069.6008363401336,1069.6072677089371,1069.6137197359565,1069.6201923952194,1069.6266856608036,1069.6331995068367,1069.6397339074979,1069.6462888370133,1069.6528642696617,1069.6594601797683,1069.6660765417105,1069.6727133299128,1069.6793705188497,1069.686048083045,1069.6927459970707,1069.6994642355478,1069.7062027731463,1069.7129615845834,1069.7197406446264,1069.7265399280889,1069.7333594098347,1069.7401990647736,1069.747058867865,1069.7539387941144,1069.760838818576,1069.7677589163518,1069.7746990625894,1069.7816592324853,1069.7886394012833,1069.80265963679,1069.8739523934742
520.15,1071.1970886158647,1071.179598701471,1071.1653115665936,1071.1541767220765,1071.146144912433,1071.1411680741448,1071.139199295602,1071.140192778644,1071.1441038016799,1071.1508886843333,1071.160504753576,1071.1729103112868,1071.188064603189,1071.2059277891083,1071.2264609144906,1071.2496258831209,1071.2753854309938,1071.303703101266,1071.3345432202468,1071.3678708743648,1071.403651888066,1071.4418528025856,1071.4824408555519,1071.5253839613817,1071.5706506924068,1071.6182102607174,1071.6578884664207,1071.6629493035828,1071.6680325006635,1071.6731380283725,1071.6782658574764,1071.6834159588025,1071.6885883032355,1071.6937828617192,1071.6989996052553,1071.7042385049028,1071.7094995317807,1071.7147826570638,1071.720087851986,1071.725415087837,1071.7307643359661,1071.7361355677772,1071.741528754734,1071.746943868355,1071.7523808802157,1071.7578397619484,1071.763320485243,1071.768823021844,1071.7743473435523,1071.779893422226,1071.7854612297774,1071.791050738175,1071.7966619194435,1071.802294745663,1071.807949188967,1071.813625221546,1071.8193228156451,1071.8250419435635,1071.830782577656,1071.8365446903304,1071.8423282540505,1071.8481332413346,1071.853959624752,1071.8598073769285,1071.8656764705447,1071.871566878332,1071.8774785730768,1071.883411527619,1071.8893657148515,1071.8953411077189,1071.9013376792211,1071.90735540241,1071.9133942503893,1071.9194541963157,1071.925535213399,1071.9316372749001,1071.937760354132,1071.9439044244614,1071.9500694593057,1071.9562554321326,1071.9624623164639,1071.9686900858705,1071.9749387139768,1071.9812081744576,1071.9874984410374,1071.993809487493,1072.0001412876513,1072.006493815391,1072.0128670446404,1072.019260949377,1072.025675503631,1072.0321106814808,1072.0385664570563,1072.045042804535,1072.051539698147,1072.05805711217,1072.0645950209316,1072.0711533988087,1072.0777322202277,1072.0843314596648,1072.0909510916429,1072.0975910907362,1072.104251431566,1072.1109320888027,1072.117633037166,1072.124354251422,1072.131095706387,1072.1446392379455,1072.213562839339
520.65,1073.640491424678,1073.6194436431254,1073.6016466140745,1073.5870487207624,1073.5755996181774,1073.5672501897677,1073.5619525058457,1073.5596597836477,1073.560326349032,1073.5639075997647,1073.570359970342,1073.579640898314,1073.5917087920318,1073.6065229997778,1073.6240437802126,1073.6442322740763,1073.6670504770898,1073.6924612139967,1073.7204281136787,1073.7509155853054,1073.7838887954438,1073.819313646097,1073.857156753603,1073.8973854283595,1073.939967655325,1073.9848720752534,1074.0224469242899,1074.0272461239426,1074.0320679666263,1074.0369124225147,1074.0417794618422,1074.046669054904,1074.0515811720554,1074.056515783711,1074.0614728603455,1074.0664523724924,1074.0714542907458,1074.076478585758,1074.0815252282416,1074.086594188966,1074.0916854387606,1074.0967989485139,1074.1019346891717,1074.1070926317386,1074.1122727472773,1074.1174750069083,1074.1226993818095,1074.127945843218,1074.133214362426,1074.1385049107848,1074.1438174597022,1074.1491519806432,1074.1545084451293,1074.159886824739,1074.1652870911078,1074.1707092159263,1074.176153170943,1074.1816189279612,1074.1871064588406,1074.1926157354967,1074.1981467299004,1074.2036994140792,1074.209273760114,1074.214869740143,1074.2204873263584,1074.2261264910069,1074.2317872063904,1074.2374694448658,1074.2431731788447,1074.2488983807918,1074.2546450232264,1074.2604130787236,1074.266202519909,1074.2720133194653,1074.2778454501272,1074.283698884683,1074.2895735959742,1074.2954695568967,1074.3013867403972,1074.3073251194778,1074.3132846671915,1074.3192653566452,1074.325267160997,1074.3312900534595,1074.337334007295,1074.3433989958194,1074.3494849924004,1074.3555919704572,1074.3617199034607,1074.3678687649344,1074.374038528451,1074.3802291676363,1074.3864406561675,1074.3926729677705,1074.398926076225,1074.4051999553592,1074.4114945790539,1074.4178099212384,1074.424145955893,1074.4305026570496,1074.436879998788,1074.4432779552403,1074.449696500586,1074.456135609056,1074.4625952549302,1074.4690754125374,1074.4755760562575,1074.4886386997957,1074.5551724383056
521.15,1076.086942644856,1076.0622956476045,1076.0409483324177,1076.0228479226112,1076.0079429527227,1075.9961832235804,1075.9875197591043,1075.981904764835,1075.979291588145,1075.9796346801095,1075.982889558973,1075.9890127751703,1075.9979618778445,1076.0096953827974,1076.0241727418183,1076.0413543133268,1076.061201334262,1076.0836758931719,1076.1087409044217,1076.1363600834864,1076.1664979232457,1076.1991196712513,1076.2341913078935,1076.2716795254341,1076.3115517078475,1076.3537759114297,1076.3892276811268,1076.393762798317,1076.3983208461368,1076.402901794214,1076.4075056122383,1076.4121322699623,1076.416781737198,1076.4214539838206,1076.4261489797648,1076.4308666950283,1076.435607099667,1076.4403701638005,1076.445155857606,1076.4499641513228,1076.4547950152503,1076.4596484197464,1076.4645243352304,1076.4694227321816,1076.4743435811363,1076.4792868526936,1076.4842525175077,1076.489240546296,1076.4942509098325,1076.4992835789496,1076.5043385245397,1076.509415717552,1076.5145151289953,1076.5196367299357,1076.5247804914977,1076.529946384862,1076.5351343812692,1076.5403444520166,1076.5455765684578,1076.5508307020048,1076.556106824125,1076.5614049063452,1076.5667249202459,1076.5720668374668,1076.5774306297017,1076.5828162687023,1076.588223726275,1076.593652974284,1076.5991039846472,1076.6045767293397,1076.6100711803915,1076.6155873098871,1076.6211250899682,1076.6266844928293,1076.6322654907217,1076.6378680559494,1076.6434921608736,1076.6491377779078,1076.6548048795203,1076.6604934382344,1076.666203426627,1076.671934817328,1076.6776875830221,1076.683461696448,1076.689257130396,1076.6950738577123,1076.700911851294,1076.706771084092,1076.7126515291102,1076.718553159405,1076.7244759480868,1076.730419868317,1076.736384893309,1076.7423709963298,1076.7483781506974,1076.7544063297826,1076.760455507008,1076.7665256558462,1076.772616749823,1076.7787287625154,1076.7848616675512,1076.7910154386107,1076.7971900494222,1076.8033854737675,1076.8096016854786,1076.8158386584378,1076.8220963665776,1076.8346738843825,1076.8987967882238
521.65,1078.536473900122,1078.5081856009108,1078.4832468952834,1078.4616038131874,1078.4432037367205,1078.4279953534815,1078.4159286117201,1078.4069546772628,1078.4010258921921,1078.3980957352337,1078.3981187838126,1078.4010506777227,1078.406848084355,1078.415468665424,1078.4268710451292,1078.441014779687,1078.4578603281789,1078.4773690246293,1078.4995030512853,1078.524225412999,1078.5514999126883,1078.5812911277885,1078.613564387666,1078.6482857519227,1078.6854219895563,1078.724940558915,1078.758249253507,1078.7625178095598,1078.766809588421,1078.7711245591604,1078.7754626909104,1078.7798239528672,1078.7842083142903,1078.7886157445005,1078.793046212882,1078.797499688883,1078.8019761420123,1078.80647554184,1078.810997858001,1078.8155430601896,1078.8201111181634,1078.8247020017388,1078.8293156807972,1078.8339521252783,1078.8386113051838,1078.8432931905759,1078.847997751578,1078.8527249583733,1078.8574747812054,1078.8622471903782,1078.8670421562558,1078.8718596492618,1078.876699639879,1078.881562098651,1078.886446996179,1078.8913543031244,1078.8962839902076,1078.9012360282081,1078.9062103879628,1078.9112070403683,1078.916225956379,1078.921267107009,1078.9263304633273,1078.9314159964633,1078.9365236776039,1078.9416534779925,1078.9468053689316,1078.9519793217787,1078.9571753079504,1078.9623932989198,1078.9676332662161,1078.972895181425,1078.9781790161903,1078.9834847422112,1078.988812331242,1078.9941617550953,1078.9995329856374,1079.0049259947925,1079.0103407545387,1079.01577723691,1079.0212354139956,1079.026715257941,1079.0322167409456,1079.0377398352632,1079.0432845132038,1079.0488507471312,1079.0544385094634,1079.0600477726725,1079.0656785092865,1079.071330691885,1079.0770042931028,1079.082699285629,1079.0884156422042,1079.094153335624,1079.0999123387387,1079.1056926244476,1079.1114941657077,1079.1173169355245,1079.1231609069607,1079.1290260531273,1079.1349123471912,1079.1408197623698,1079.1467482719324,1079.1526978492025,1079.158668467553,1079.1646601004095,1079.1706727212506,1079.1827608210508,1079.2444516497605
522.15,1080.9891173157514,1080.9571448723373,1080.9285729421933,1080.9033463272938,1080.8814112241864,1080.8627151755763,1080.8472070237563,1080.8348368658715,1080.8255560109972,1080.8193169389933,1080.8160732610827,1080.815779682117,1080.8183919644616,1080.8238668934398,1080.832162244282,1080.843236750502,1080.8570500736432,1080.873562774326,1080.892736284534,1080.9145328810694,1080.9389156601228,1080.965848512895,1080.9952961022113,1081.027223840075,1081.0615978661158,1081.0983850268656,1081.1295303723905,1081.1335298542847,1081.1375528558412,1081.141599345557,1081.1456692919965,1081.1497626637865,1081.1538794296184,1081.1580195582505,1081.1621830185013,1081.1663697792583,1081.1705798094688,1081.1748130781455,1081.179069554364,1081.1833492072635,1081.1876520060464,1081.1919779199789,1081.196326918387,1081.200698970663,1081.2050940462605,1081.2095121146936,1081.2139531455407,1081.218417108441,1081.222903973095,1081.227413709267,1081.2319462867813,1081.236501675522,1081.2410798454364,1081.2456807665326,1081.2503044088787,1081.2549507426027,1081.2596197378948,1081.2643113650051,1081.269025594242,1081.2737623959763,1081.2785217406365,1081.2833035987123,1081.2881079407523,1081.2929347373638,1081.2977839592136,1081.3026555770277,1081.3075495615908,1081.3124658837467,1081.3174045143965,1081.3223654245007,1081.3273485850773,1081.3323539672033,1081.337381542012,1081.342431280696,1081.3475031545047,1081.3525971347447,1081.35771319278,1081.3628513000324,1081.3680114279791,1081.3731935481558,1081.3783976321533,1081.3836236516206,1081.3888715782614,1081.3941413838359,1081.3994330401617,1081.4047465191106,1081.4100817926103,1081.4154388326456,1081.4208176112547,1081.4262181005324,1081.4316402726288,1081.4370840997476,1081.4425495541493,1081.4480366081473,1081.4535452341106,1081.459075404462,1081.4646270916792,1081.4702002682936,1081.4757949068912,1081.4814109801102,1081.4870484606445,1081.4927073212407,1081.4983875346986,1081.504089073871,1081.5098119116649,1081.51555602104,1081.5213213750078,1081.5329157090357,1081.5921529488865
522.65,1083.4449055304308,1083.409205325746,1083.3769575892727,1083.3481058591879,1083.3225951122292,1083.3003717134432,1083.2813833678338,1083.2655790739027,1083.2529090790638,1083.2433248368957,1083.2367789661944,1083.2332252117628,1083.232618406903,1083.234914437526,1083.2400702078298,1083.2480436074711,1083.2587934801702,1083.2722795936709,1083.2884626110006,1083.3073040629515,1083.328766321729,1083.3528125757005,1083.3794068051802,1083.4085137592058,1083.4400989332346,1083.4741285477246,1083.5030899868004,1083.506817846529,1083.5105695275422,1083.5143449977545,1083.5181442251462,1083.521967177763,1083.5258138237175,1083.5296841311895,1083.5335780684225,1083.5374956037265,1083.5414367054777,1083.545401342116,1083.5493894821482,1083.5534010941444,1083.557436146739,1083.5614946086332,1083.5655764485912,1083.5696816354412,1083.5738101380755,1083.5779619254497,1083.582136966585,1083.586335230564,1083.5905566865326,1083.5948013037023,1083.599069051344,1083.6033598987935,1083.60767381545,1083.6120107707725,1083.6163707342844,1083.6207536755692,1083.6251595642755,1083.62958837011,1083.6340400628435,1083.6385146123073,1083.6430119883937,1083.6475321610562,1083.6520751003095,1083.6566407762293,1083.6612291589506,1083.6658402186695,1083.670473925643,1083.675130250187,1083.6798091626795,1083.6845106335545,1083.6892346333086,1083.6939811324974,1083.6987501017347,1083.7035415116943,1083.7083553331083,1083.7131915367681,1083.718050093523,1083.7229309742827,1083.7278341500119,1083.7327595917368,1083.7377072705392,1083.7426771575608,1083.7476692239986,1083.752683441109,1083.757719780204,1083.7627782126558,1083.767858709891,1083.7729612433932,1083.7780857847042,1083.783232305421,1083.7884007771986,1083.7935911717468,1083.7988034608325,1083.8040376162774,1083.8092936099615,1083.814571413817,1083.8198709998355,1083.8251923400603,1083.8305354065926,1083.8359001715871,1083.8412866072554,1083.8466946858623,1083.852124379728,1083.8575756612256,1083.8630485027854,1083.8685428768897,1083.8740587560749,1083.88515492011,1083.9419167794206
523.15,1085.9038717084882,1085.8643993311998,1085.8284324403069,1085.795913273108,1085.7667855510692,1085.740994427672,1085.718486438215,1085.699209451562,1085.6831126238296,1085.6701463539785,1085.6602622412634,1085.6534130445038,1085.649552643111,1085.6486359998098,1085.6506191249928,1085.6554590426365,1085.6631137577092,1085.6735422250051,1085.6867043193251,1085.702560806949,1085.7210733183197,1085.7422043218796,1085.7659170989975,1085.7921757199267,1085.820945020729,1085.8521905811212,1085.8789472675962,1085.8824009215025,1085.8858787031882,1085.8893805799669,1085.8929065192247,1085.8964564884104,1085.9000304550461,1085.9036283867197,1085.9072502510844,1085.9108960158635,1085.914565648846,1085.9182591178874,1085.921976390911,1085.9257174359052,1085.929482220927,1085.933270714097,1085.9370828836036,1085.9409186976995,1085.944778124704,1085.948661133001,1085.9525676910403,1085.956497767337,1085.9604513304698,1085.9644283490834,1085.9684287918856,1085.9724526276505,1085.9764998252135,1085.980570353477,1085.9846641814052,1085.9887812780262,1085.9929216124315,1085.9970851537773,1086.0012718712806,1086.0054817342223,1086.009714711947,1086.0139707738608,1086.0182498894312,1086.02255202819,1086.0268771597302,1086.031225253705,1086.035596279833,1086.039990207891,1086.0444070077187,1086.0488466492159,1086.0533091023447,1086.0577943371275,1086.062302323647,1086.066833032047,1086.0713864325314,1086.0759624953653,1086.0805611908713,1086.0851824894346,1086.0898263614988,1086.0944927775668,1086.0991817082017,1086.1038931240255,1086.1086269957186,1086.1133832940213,1086.1181619897327,1086.122963053709,1086.1277864568667,1086.1326321701795,1086.137500164679,1086.1423904114558,1086.1473028816577,1086.1522375464895,1086.1571943772146,1086.162173345153,1086.1671744216821,1086.1721975782373,1086.1772427863082,1086.1823100174452,1086.1873992432504,1086.1925104353859,1086.19764356557,1086.2027986055746,1086.2079755272302,1086.213174302421,1086.2183949030893,1086.2236373012302,1086.2289014688963,1086.239495001286,1086.2937594056295
523.65,1088.3660495524941,1088.3227597769412,1088.2830295981353,1088.2467999141093,1088.2140131543501,1088.1846132256824,1088.158545460152,1088.1357565649218,1088.1161945741592,1088.0998088028978,1088.0865498028315,1088.0763693199892,1088.0692202542425,1088.0650566205802,1088.0638335120796,1088.065507064513,1088.0700344225097,1088.077373707209,1088.0874839853245,1088.1003252395544,1088.1158583402623,1088.1340450183689,1088.1548478393763,1088.1782301784751,1088.2041561966669,1088.2325908178432,1088.2571216113129,1088.2602984394255,1088.2634997067794,1088.2667253800785,1088.2699754260982,1088.2732498116807,1088.2765485037403,1088.2798714692597,1088.28321867529,1088.2865900889528,1088.2899856774375,1088.2934054080013,1088.296849247971,1088.300317164742,1088.3038091257752,1088.307325098602,1088.3108650508202,1088.3144289500947,1088.318016764158,1088.3216284608097,1088.3252640079165,1088.3289233734108,1088.3326065252922,1088.3363134316257,1088.3400440605444,1088.3437983802448,1088.3475763589913,1088.3513779651119,1088.3552031670006,1088.3590519331178,1088.3629242319869,1088.366820032198,1088.3707393024038,1088.3746820113236,1088.3786481277393,1088.3826376204988,1088.3866504585103,1088.3906866107495,1088.3947460462543,1088.3988287341253,1088.402934643527,1088.407063743687,1088.4112160038958,1088.4153913935056,1088.419589881932,1088.4238114386535,1088.4280560332095,1088.432323635202,1088.4366142142949,1088.4409277402137,1088.4452641827447,1088.4496235117374,1088.4540056971002,1088.458410708804,1088.4628385168799,1088.4672890914192,1088.4717624025755,1088.4762584205603,1088.4807771156466,1088.4853184581682,1088.4898824185166,1088.4944689671447,1088.4990780745643,1088.5037097113466,1088.5083638481215,1088.5130404555794,1088.5177395044677,1088.522460965594,1088.5272048098236,1088.5319710080798,1088.5367595313458,1088.5415703506615,1088.5464034371241,1088.5512587618907,1088.5561362961748,1088.5610360112466,1088.565957878435,1088.5709018691252,1088.5758679547596,1088.5808561068375,1088.5858662969144,1088.5959526775735,1088.6476972648768
524.15,1090.831473316272,1090.7843200817547,1090.7407816764025,1090.7007976192388,1090.6643090097707,1090.6312584718378,1090.6015900995196,1090.5752494050957,1090.5521832690765,1090.5323398922617,1090.515668749808,1090.5021205472478,1090.4916471784127,1090.4842016851953,1090.4797382190836,1090.4782120043963,1090.4795793031478,1090.4837973814708,1090.490824477509,1090.500619770725,1090.5131433525353,1090.5283561982092,1090.5462201399587,1090.5666978411589,1090.5897527716306,1090.6153491839264,1090.6376326441184,1090.640529989453,1090.643452090567,1090.6463989135395,1090.6493704245208,1090.652366589731,1090.6553873754635,1090.658432748084,1090.6615026740249,1090.6645971197936,1090.6677160519641,1090.6708594371848,1090.674027242171,1090.6772194337086,1090.6804359786536,1090.6836768439318,1090.6869419965371,1090.6902314035342,1090.6935450320548,1090.6968828493004,1090.7002448225408,1090.7036309191135,1090.7070411064255,1090.7104753519511,1090.713933623231,1090.717415887875,1090.720922113561,1090.7244522680307,1090.7280063190958,1090.731584234635,1090.73518598259,1090.7388115309736,1090.7424608478625,1090.7461339013985,1090.7498306597902,1090.7535510913133,1090.7572951643058,1090.7610628471746,1090.7648541083886,1090.768668916484,1090.77250724006,1090.776369047781,1090.7802543083767,1090.7841629906397,1090.7880950634271,1090.79205049566,1090.7960292563241,1090.8000313144662,1090.804056639198,1090.8081051996958,1090.8121769651952,1090.8162719049978,1090.820389988467,1090.8245311850278,1090.8286954641694,1090.8328827954401,1090.8370931484528,1090.8413264928813,1090.845582798461,1090.8498620349885,1090.8541641723227,1090.8584891803814,1090.8628370291467,1090.8672076886578,1090.8716011290176,1090.8760173203877,1090.88045623299,1090.8849178371077,1090.889402103082,1090.8939090013164,1090.8984385022723,1090.9029905764705,1090.9075651944922,1090.9121623269768,1090.9167819446232,1090.9214240181884,1090.92608851849,1090.9307754164013,1090.9354846828562,1090.9402162888452,1090.9449702054187,1090.9545448548033,1091.0037469703368
524.65,1093.3001778182988,1093.2491142077024,1093.2017218116637,1093.1579387290428,1093.117704690023,1093.0809609978562,1093.0476504727167,1093.017717397668,1092.991107466753,1092.9677677351874,1092.947646571629,1092.9306936124726,1092.9168597181201,1092.9060969311697,1092.8983584364496,1092.8935985228234,1092.8917725467063,1092.8928368971901,1092.8967489627294,1092.903467099291,1092.9129505998965,1092.9251596654901,1092.940055377052,1092.9575996688945,1092.9777553030683,1093.0004858448217,1093.0205002258417,1093.0231153936988,1093.0257556390561,1093.0284209273507,1093.031111224095,1093.0338264948734,1093.0365667053434,1093.039331821237,1093.0421218083573,1093.0449366325797,1093.0477762598528,1093.0506406561983,1093.0535297877066,1093.0564436205425,1093.059382120941,1093.0623452552086,1093.065332989722,1093.0683452909304,1093.0713821253523,1093.0744434595772,1093.0775292602652,1093.0806394941449,1093.0837741280156,1093.0869331287472,1093.0901164632774,1093.0933240986135,1093.096556001833,1093.0998121400812,1093.1030924805714,1093.1063969905865,1093.109725637478,1093.1130783886638,1093.1164552116313,1093.1198560739347,1093.1232809431954,1093.1267297871034,1093.130202573414,1093.1336992699507,1093.1372198446034,1093.140764265329,1093.1443325001499,1093.1479245171545,1093.1515402844987,1093.1551797704028,1093.1588429431529,1093.1625297711012,1093.166240222664,1093.1699742663245,1093.1737318706291,1093.1775130041892,1093.1813176356816,1093.1851457338466,1093.1889972674892,1093.1928722054772,1093.1967705167447,1093.2006921702864,1093.2046371351628,1093.2086053804965,1093.2125968754735,1093.2166115893433,1093.2206494914174,1093.2247105510696,1093.228794737738,1093.23290202092,1093.2370323701778,1093.2411857551342,1093.245362145474,1093.2495615109435,1093.2537838213498,1093.258029046563,1093.2622971565124,1093.2665881211892,1093.270901910645,1093.2752384949918,1093.2795978444028,1093.28397992911,1093.288384719407,1093.292812185647,1093.297262298242,1093.3017350276648,1093.306230344446,1093.3152886225093,1093.3619253137617
525.15,1095.7721984555503,1095.7171766732695,1095.6658836758686,1095.6182560994332,1095.5742322640801,1095.5337521135395,1095.4967571568804,1095.4631904124105,1095.4329963537555,1095.4061208581154,1095.382511156659,1095.3621157870264,1095.3448845478822,1095.3307684554602,1095.3197197020313,1095.3116916162242,1095.3066386251198,1095.3045162180454,1095.3052809119793,1095.3088902185007,1095.3153026121943,1095.3244775004387,1095.3363751945026,1095.3509568818745,1095.3681845997598,1095.3880212096803,1095.4057444541127,1095.4080747113535,1095.4104303731044,1095.4128114041496,1095.4152177693456,1095.4176494336268,1095.4201063620014,1095.4225885195528,1095.4250958714376,1095.4276283828883,1095.430186019212,1095.4327687457865,1095.4353765280669,1095.43800933158,1095.4406671219258,1095.443349864777,1095.4460575258809,1095.448790071055,1095.4515474661912,1095.4543296772524,1095.457136670274,1095.4599684113634,1095.4628248666984,1095.4657060025293,1095.4686117851775,1095.471542181035,1095.474497156564,1095.4774766782982,1095.4804807128417,1095.4835092268684,1095.4865621871227,1095.4896395604162,1095.4927413136338,1095.4958674137276,1095.4990178277192,1095.5021925226993,1095.5053914658272,1095.5086146243311,1095.5118619655068,1095.51513345672,1095.5184290654015,1095.5217487590533,1095.5250925052424,1095.5284602716051,1095.5318520258434,1095.5352677357264,1095.5387073690918,1095.5421708938427,1095.5456582779482,1095.5491694894442,1095.552704496434,1095.5562632670842,1095.5598457696287,1095.563451972368,1095.5670818436663,1095.5707353519538,1095.5744124657244,1095.5781131535389,1095.5818373840211,1095.5855851258602,1095.5893563478096,1095.593151018687,1095.5969691073728,1095.600810582812,1095.604675414014,1095.6085635700508,1095.6124750200565,1095.616409733231,1095.620367678835,1095.6243488261916,1095.6283531446888,1095.632380603774,1095.6364311729594,1095.6405048218178,1095.644601519984,1095.6487212371546,1095.6528639430878,1095.6570296076038,1095.6612182005822,1095.665429691966,1095.6696640517569,1095.678201256874,1095.722249268313
525.65,1098.247571217767,1098.1885425669159,1098.1333014892398,1098.0817831139177,1098.0339243088144,1097.9896636178214,1097.948941200389,1097.9116987732798,1097.8778795545657,1097.8474282098705,1097.8202908008182,1097.7964147356693,1097.775748722083,1097.758242721951,1097.7438479082343,1097.7325166237297,1097.7242023416918,1097.7188596282194,1097.7164441063433,1097.7169124217123,1097.7202222098108,1097.7263320646257,1097.735201508674,1097.7467909643342,1097.7610617263892,1097.7779759357263,1097.7933856685952,1097.7954282428962,1097.7974965541232,1097.7995905663875,1097.8017102438782,1097.8038555508629,1097.8060264516841,1097.8082229107627,1097.8104448925944,1097.8126923617529,1097.8149652828865,1097.8172636207196,1097.8195873400532,1097.821936405761,1097.8243107827957,1097.82671043618,1097.8291353310162,1097.8315854324776,1097.8340607058133,1097.8365611163456,1097.8390866294721,1097.8416372106622,1097.8442128254594,1097.8468134394798,1097.8494390184148,1097.8520895280249,1097.8547649341458,1097.8574652026846,1097.8601902996209,1097.8629401910055,1097.865714842962,1097.8685142216843,1097.871338293439,1097.874187024562,1097.877060381462,1097.8799583306165,1097.8828808385751,1097.8858278719572,1097.8887993974517,1097.8917953818172,1097.8948157918846,1097.8978605945501,1097.9009297567832,1097.9040232456189,1097.907141028165,1097.910283071593,1097.9134493431488,1097.9166398101422,1097.9198544399528,1097.9230932000282,1097.926356057883,1097.9296429810997,1097.9329539373284,1097.9362888942871,1097.939647819759,1097.9430306815957,1097.9464374477138,1097.9498680860984,1097.9533225647992,1097.956800851932,1097.9603029156806,1097.9638287242906,1097.9673782460775,1097.9709514494186,1097.9745483027582,1097.9781687746054,1097.981812833533,1097.9854804481802,1097.9891715872486,1097.9928862195059,1097.996624313782,1098.0003858389728,1098.004170764036,1098.0079790579941,1098.0118106899324,1098.0156656289994,1098.0195438444066,1098.0234453054293,1098.0273699814031,1098.0313178417289,1098.035288855868,1098.043300223745,1098.0847359914565
526.15,1100.7263327021883,1100.6632475610597,1100.6040100335438,1100.54855369621,1100.4968139209789,1100.448727810155,1100.40423413369,1100.3632732687117,1100.3257871413723,1100.291719170986,1100.2610142164676,1100.23361852502,1100.2094796830347,1100.1885465691428,1100.17076930935,1100.156099234184,1100.144488837775,1100.1358917387838,1100.1302626431018,1100.1275573082264,1100.1277325092408,1100.1307460062994,1100.1365565135582,1100.1451236694452,1100.1564080082246,1100.17037093275,1100.1834444553194,1100.1851965344156,1100.186974688371,1100.188778880611,1100.1906090746409,1100.1924652340438,1100.1943473224837,1100.1962553037017,1100.1981891415182,1100.2001487998311,1100.2021342426165,1100.2041454339283,1100.2061823378974,1100.2082449187326,1100.21033314072,1100.2124469682212,1100.2145863656754,1100.2167512975975,1100.218941728579,1100.2211576232878,1100.223398946466,1100.2256656629327,1100.2279577375816,1100.2302751353802,1100.2326178213743,1100.2349857606794,1100.23737891849,1100.239797260072,1100.2422407507659,1100.2447093559852,1100.2472030412193,1100.2497217720281,1100.2522655140465,1100.2548342329812,1100.2574278946122,1100.2600464647921,1100.2626899094448,1100.2653581945667,1100.2680512862266,1100.2707691505645,1100.2735117537918,1100.2762790621912,1100.2790710421166,1100.2818876599922,1100.2847288823136,1100.2875946756456,1100.2904850066252,1100.2933998419574,1100.2963391484172,1100.2993028928522,1100.3022910421746,1100.3053035633695,1100.3083404234897,1100.311401589657,1100.314487029062,1100.3175967089637,1100.3207305966885,1100.3238886596328,1100.327070865259,1100.330277181098,1100.3335075747482,1100.336762013875,1100.340040466211,1100.3433428995563,1100.346669281777,1100.3500195808065,1100.3533937646432,1100.356791801353,1100.3602136590678,1100.3636593059846,1100.3671287103657,1100.3706218405412,1100.3741386649028,1100.3776791519106,1100.3812432700872,1100.3848309880216,1100.3884422743668,1100.3920770978395,1100.3957354272213,1100.3994172313585,1100.403122479159,1100.4106031817082,1100.449402827912
526.65,1103.2085201287557,1103.1413279265066,1103.0780446657911,1103.0186023232327,1102.9629347295586,1102.9109775022475,1102.8626679804518,1102.8179451622314,1102.7767496441618,1102.739023563305,1102.704710541546,1102.673755632261,1102.6461052692762,1102.6217072180636,1102.6005105291026,1102.5824654933367,1102.5675235996478,1102.5556374942612,1102.546760941997,1102.540848789279,1102.5378569288168,1102.5377422658696,1102.5404626860152,1102.5459770243315,1102.5542450359221,1102.5652273676994,1102.5759416511264,1102.5774003820293,1102.5788855313615,1102.5803970618465,1102.5819349362898,1102.5834991175757,1102.5850895686706,1102.5867062526224,1102.5883491325578,1102.5900181716845,1102.5917133332898,1102.5934345807418,1102.5951818774863,1102.5969551870505,1102.5987544730385,1102.600579699134,1102.6024308290991,1102.6043078267762,1102.6062106560812,1102.6081392810127,1102.6100936656437,1102.6120737741273,1102.61407957069,1102.6161110196388,1102.6181680853558,1102.6202507323003,1102.6223589250058,1102.624492628086,1102.6266518062257,1102.6288364241884,1102.631046446811,1102.6332818390083,1102.6355425657675,1102.637828592151,1102.6401398832963,1102.6424764044152,1102.6448381207933,1102.6472249977908,1102.6496370008392,1102.6520740954468,1102.6545362471925,1102.6570234217293,1102.659535584783,1102.6620727021518,1102.6646347397068,1102.6672216633906,1102.6698334392172,1102.6724700332747,1102.6751314117198,1102.6778175407828,1102.6805283867648,1102.6832639160364,1102.6860240950407,1102.6888088902901,1102.6916182683688,1102.6944521959294,1102.697310639696,1102.700193566461,1102.7031009430873,1102.7060327365073,1102.708988913723,1102.7119694418022,1102.714974287886,1102.7180034191808,1102.721056802964,1102.724134406578,1102.7272361974362,1102.7303621430176,1102.7335122108705,1102.736686368609,1102.7398845839168,1102.7431068245417,1102.7463530583009,1102.7496232530766,1102.752917376818,1102.7562353975416,1102.759577283328,1102.762943002326,1102.7663325227481,1102.769745812874,1102.773182841047,1102.7801279852417,1102.8162673126833
527.15,1105.6941713558017,1105.6228205473358,1105.5554413323614,1105.4919640385299,1105.4323209085032,1105.3764460301516,1105.3242752690542,1105.2757462033653,1105.2307980611013,1105.189371659858,1105.1514093489727,1105.1168549540885,1105.0856537240957,1105.05775228039,1105.0330985683906,1105.0116418112304,1104.9933324655594,1104.9781221793546,1104.9659637516618,1104.9568110941789,1104.9506191945818,1104.9473440815136,1104.9469427911415,1104.9493733352015,1104.9545946704416,1104.9625666693896,1104.970898348215,1104.9720608364105,1104.9732500923674,1104.9744660780884,1104.9757087556613,1104.9769780872543,1104.978274035123,1104.979596561602,1104.98094562911,1104.9823212001477,1104.983723237298,1104.9851517032253,1104.9866065606757,1104.9880877724763,1104.989595301536,1104.9911291108433,1104.9926891634682,1104.9942754225615,1104.9958878513528,1104.9975264131513,1104.9991910713477,1105.0008817894109,1105.0025985308885,1105.004341259408,1105.0061099386746,1105.0079045324726,1105.0097250046654,1105.0115713191917,1105.0134434400711,1105.0153413313983,1105.0172649573467,1105.0192142821666,1105.0211892701839,1105.0231898858033,1105.0252160935038,1105.0272678578417,1105.0293451434488,1105.0314479150338,1105.0335761373797,1105.0357297753437,1105.0379087938609,1105.0401131579397,1105.042342832663,1105.0445977831882,1105.0468779747475,1105.0491833726462,1105.0515139422648,1105.0538696490553,1105.056250458545,1105.0586563363333,1105.0610872480927,1105.06354315957,1105.0660240365808,1105.0685298450167,1105.071060550839,1105.0736161200834,1105.0761965188544,1105.0788017133302,1105.0814316697588,1105.0840863544609,1105.0867657338256,1105.0894697743158,1105.0921984424629,1105.0949517048682,1105.0977295282046,1105.1005318792136,1105.1033587247077,1105.1062100315673,1105.109085766743,1105.111985897255,1105.1149103901907,1105.1178592127085,1105.1208323320332,1105.1238297154591,1105.1268513303485,1105.1298971441313,1105.1329671243052,1105.1360612384356,1105.1391794541555,1105.1423217391646,1105.1454880612291,1105.151892687928,1105.1853471741385
527.65,1108.1833248962603,1108.1077629362728,1108.0362365835888,1107.9686744661044,1107.9050071898635,1107.8451672667388,1107.7890890444364,1107.7367086389077,1107.6879638692387,1107.6427941950378,1107.601140656327,1107.5629458159306,1107.5281537043093,1107.4967097668111,1107.4685608132577,1107.443654969803,1107.421941632983,1107.4033714258662,1107.3878961562252,1107.37546877662,1107.3660433463176,1107.3595749949445,1107.3560198877835,1107.3553351926255,1107.3574790480911,1107.3624105333329,1107.3683358988012,1107.3691992074368,1107.3700896390487,1107.3710071549026,1107.371951716352,1107.3729232848339,1107.373921821871,1107.374947289072,1107.3759996481288,1107.3770788608192,1107.3781848890033,1107.3793176946272,1107.380477239719,1107.3816634863906,1107.382876396838,1107.384115933339,1107.3853820582535,1107.3866747340264,1107.3879939231817,1107.3893395883276,1107.3907116921528,1107.3921101974267,1107.3935350670022,1107.3949862638112,1107.3964637508668,1107.397967491263,1107.3994974481732,1107.401053584852,1107.402635864632,1107.4042442509274,1107.40587870723,1107.4075391971114,1107.4092256842214,1107.4109381322903,1107.4126765051237,1107.4144407666079,1107.4162308807058,1107.4180468114575,1107.4198885229832,1107.4217559794763,1107.4236491452111,1107.4255679845357,1107.4275124618764,1107.4294825417348,1107.4314781886903,1107.4334993673958,1107.4355460425807,1107.4376181790517,1107.4397157416877,1107.441838695445,1107.4439870053536,1107.4461606365173,1107.4483595541162,1107.4505837234033,1107.4528331097051,1107.4551076784223,1107.4574073950307,1107.4597322250752,1107.462082134179,1107.4644570880346,1107.4668570524075,1107.4692819931365,1107.4717318761332,1107.4742066673798,1107.4767063329316,1107.4792308389135,1107.481780151524,1107.4843542370322,1107.486953061778,1107.4895765921717,1107.4922247946943,1107.4948976358987,1107.4975950824055,1107.500317100907,1107.5030636581662,1107.505834721012,1107.508630256347,1107.5114502311405,1107.5142946124322,1107.5171633673285,1107.5200564630068,1107.525915545756,1107.556660337179
528.15,1110.676019934382,1110.596193250548,1110.5204675888028,1110.4487698246844,1110.3810288773275,1110.3171756345507,1110.2571428802953,1110.2008652245008,1110.1482790355167,1110.0993223750684,1110.053934935805,1110.0120579814127,1109.9736342892734,1109.9386080956112,1109.9069250430753,1109.8785321306832,1109.853377666048,1109.831411219794,1109.812583582085,1109.7968467211479,1109.7841537437218,1109.774458857312,1109.7677173341772,1109.763885476929,1109.7629205856888,1109.7647809266755,1109.7682759198942,1109.7688370689339,1109.769425702177,1109.7700417801348,1109.770685263409,1109.7713561126864,1109.7720542887428,1109.7727797524403,1109.7735324647276,1109.774312386642,1109.7751194793045,1109.775953703924,1109.776815021795,1109.7777033942973,1109.7786187828956,1109.7795611491401,1109.7805304546664,1109.7815266611938,1109.7825497305257,1109.7835996245503,1109.784676305239,1109.7857797346473,1109.7869098749138,1109.7880666882597,1109.7892501369902,1109.7904601834912,1109.7916967902313,1109.7929599197637,1109.7942495347197,1109.7955655978144,1109.796908071844,1109.7982769196851,1109.7996721042962,1109.8010935887144,1109.8025413360592,1109.8040153095299,1109.8055154724045,1109.8070417880424,1109.8085942198807,1109.810172731436,1109.8117772863056,1109.8134078481623,1109.8150643807614,1109.8167468479332,1109.8184552135867,1109.8201894417095,1109.821949496367,1109.8237353417007,1109.8255469419296,1109.8273842613507,1109.8292472643361,1109.8311359153356,1109.833050178874,1109.8349900195533,1109.8369554020503,1109.8389462911184,1109.840962651585,1109.8430044483541,1109.8450716464033,1109.8471642107856,1109.8492821066286,1109.8514252991338,1109.8535937535764,1109.8557874353057,1109.8580063097459,1109.8602503423929,1109.862519498816,1109.8648137446573,1109.8671330456336,1109.8694773675322,1109.8718466762134,1109.8742409376105,1109.8766601177263,1109.8791041826382,1109.8815730984938,1109.884066831512,1109.8865853479826,1109.889128614267,1109.891696596798,1109.8942892620762,1109.8969065766753,1109.9022150204771,1109.9302249264585
528.65,1113.1722963430257,1113.0881503082792,1113.0081721518611,1112.9322869424595,1112.860421860198,1112.79250611906,1112.7284708916754,1112.6682492365946,1112.6117760281256,1112.5589878887981,1112.5098231244788,1112.4642216621255,1112.422124990177,1112.3834761015162,1112.3482194389612,1112.3163008432173,1112.2876675031969,1112.2622679086294,1112.2400518048717,1112.220970149808,1112.2049750727563,1112.192019835271,1112.1820587937473,1112.1750473637364,1112.1709419858646,1112.1697000932716,1112.1707402981879,1112.1709962635507,1112.1712800804892,1112.171591708742,1112.1719311081392,1112.1722982386004,1112.172693060135,1112.1731155328423,1112.1735656169103,1112.174043272615,1112.1745484603243,1112.1750811404909,1112.1756412736563,1112.1762288204513,1112.1768437415938,1112.1774859978877,1112.1781555502253,1112.1788523595858,1112.1795763870332,1112.1803275937193,1112.1811059408813,1112.1819113898428,1112.1827439020124,1112.1836034388818,1112.1844899620326,1112.1854034331259,1112.1863438139103,1112.1873110662177,1112.188305151964,1112.189326033148,1112.1903736718534,1112.191448030247,1112.1925490705767,1112.193676755174,1112.1948310464536,1112.1960119069124,1112.1972192991273,1112.1984531857593,1112.1997135295492,1112.2010002933205,1112.202313439976,1112.2036529324998,1112.2050187339578,1112.206410807494,1112.2078291163336,1112.2092736237823,1112.2107442932238,1112.2122410881216,1112.2137639720186,1112.2153129085375,1112.216887861377,1112.218488794317,1112.220115671213,1112.2217684560005,1112.2234471126924,1112.225151605377,1112.2268818982227,1112.2286379554737,1112.2304197414503,1112.2322272205495,1112.2340603572463,1112.2359191160906,1112.2378034617075,1112.2397133587983,1112.241648772141,1112.2436096665872,1112.2455960070647,1112.2476077585748,1112.2496448861953,1112.2517073550762,1112.2537951304432,1112.2559081775958,1112.2580464619066,1112.2602099488213,1112.2623986038607,1112.2646123926174,1112.266851280757,1112.2691152340185,1112.271404218212,1112.2737181992215,1112.276057143002,1112.2808097830552,1112.3060592696936
529.15,1115.672194701487,1115.5836736053814,1115.4993887271796,1115.4192632722766,1115.3432226278069,1115.2711942823394,1115.2031077479419,1115.1388944847583,1115.0784878281968,1115.0218229188051,1114.9688366348548,1114.9194675276574,1114.873655759587,1114.8313430447772,1114.7924725924363,1114.7569890527125,1114.724838465037,1114.695968208845,1114.670326956594,1114.6478646289634,1114.6285323521593,1114.6122824171912,1114.5990682410472,1114.5888443296474,1114.5815662424884,1114.5771905588751,1114.5757511950744,1114.5756989077531,1114.575674845658,1114.575678967738,1114.5757112330332,1114.5757716006763,1114.575860029893,1114.5759764800005,1114.576120910406,1114.5762932806106,1114.5764935502045,1114.5767216788697,1114.576977626378,1114.577261352591,1114.577572817461,1114.5779119810297,1114.578278803427,1114.5786732448744,1114.5790952656791,1114.5795448262384,1114.5800218870384,1114.5805264086523,1114.5810583517414,1114.5816176770531,1114.5822043454245,1114.5828183177766,1114.58345955512,1114.5841280185496,1114.5848236692464,1114.5855464684787,1114.5862963775996,1114.5870733580475,1114.5878773713453,1114.5887083791022,1114.5895663430101,1114.5904512248471,1114.5913629864738,1114.592301589835,1114.5932669969604,1114.594259169961,1114.5952780710318,1114.596323662451,1114.597395906578,1114.5984947658571,1114.5996202028111,1114.6007721800472,1114.6019506602543,1114.6031556062007,1114.6043869807377,1114.6056447467965,1114.6069288673887,1114.608239305607,1114.609576024624,1114.610938987692,1114.6123281581438,1114.6137434993893,1114.6151849749208,1114.616652548308,1114.6181461831984,1114.6196658433196,1114.6212114924763,1114.6227830945525,1114.6243806135087,1114.6260040133845,1114.6276532582951,1114.6293283124342,1114.6310291400714,1114.6327557055547,1114.6345079733057,1114.636285907825,1114.6380894736883,1114.639918635547,1114.6417733581272,1114.643653606232,1114.645559344739,1114.6474905385999,1114.6494471528422,1114.651429152568,1114.6534365029527,1114.6554691692463,1114.6575271167726,1114.6617187171878,1114.6841819010356
529.65,1118.1757563139392,1118.0828033330333,1117.9941564362864,1117.9097369073281,1117.8294682843864,1117.7532762771739,1117.681088686163,1117.6128353243787,1117.5484479418603,1117.4878601528455,1117.4310073657487,1117.3778267159312,1117.3282570012782,1117.2822386205273,1117.2397135143235,1117.200625108913,1117.1649182624192,1117.132539213598,1117.1034355329782,1117.0775560762988,1117.0548509401265,1117.0352714195512,1117.0187699678568,1117.0053001580652,1116.99481664624,1116.9872751364635,1116.983331051783,1116.9829673969346,1116.9826323473833,1116.9823258612657,1116.9820478968154,1116.9817984123572,1116.981577366315,1116.9813847172038,1116.9812204236334,1116.9810844443082,1116.9809767380245,1116.980897263673,1116.9808459802364,1116.9808228467905,1116.9808278225034,1116.9808608666344,1116.9809219385352,1116.981010997649,1116.9811280035087,1116.9812729157402,1116.981445694059,1116.98164629827,1116.9818746882695,1116.982130824042,1116.9824146656636,1116.9827261732974,1116.9830653071965,1116.9834320277027,1116.9838262952458,1116.9842480703435,1116.9846973136018,1116.9851739857147,1116.9856780474622,1116.9862094597122,1116.9867681834196,1116.9873541796244,1116.9879674094548,1116.988607834123,1116.989275414929,1116.9899701132563,1116.9906918905747,1116.9914407084393,1116.9922165284884,1116.9930193124462,1116.9938490221205,1116.9947056194023,1116.9955890662688,1116.996499324777,1116.99743635707,1116.9984001253722,1116.9993905919919,1117.0004077193184,1117.0014514698253,1117.0025218060657,1117.003618690676,1117.0047420863727,1117.0058919559563,1117.007068262305,1117.0082709683797,1117.0095000372212,1117.010755431951,1117.0120371157693,1117.0133450519586,1117.0146792038774,1117.0160395349676,1117.0174260087472,1117.0188385888139,1117.0202772388443,1117.0217419225935,1117.0232326038945,1117.0247492466583,1117.0262918148733,1117.0278602726057,1117.0294545839988,1117.0310747132735,1117.0327206247275,1117.0343922827335,1117.036089651743,1117.0378126962812,1117.039561380951,1117.041335670431,1117.0449609229083,1117.06461156453
530.15,1120.6830232284735,1120.5855803957181,1120.4925150849124,1120.403746597354,1120.3191965644235,1120.2387888616101,1120.1624495249064,1120.090106669752,1120.0216904126623,1119.9571327956496,1119.8963677134877,1119.8393308438542,1119.7859595803548,1119.7361929684018,1119.6899716439063,1119.6472377747184,1119.6079350047414,1119.5720084006366,1119.5394044010136,1119.5100707680149,1119.4839565411787,1119.4610119934805,1119.4411885894372,1119.42443894517,1119.4107167903192,1119.3999769316993,1119.3935025946478,1119.3928244106662,1119.3921752186131,1119.391554975796,1119.3909636396177,1119.39040116758,1119.3898675172823,1119.3893626464187,1119.3888865127824,1119.3884390742605,1119.3880202888372,1119.3876301145929,1119.3872685097015,1119.3869354324336,1119.3866308411534,1119.3863546943205,1119.3861069504876,1119.385887568303,1119.3856965065052,1119.385533723929,1119.385399179502,1119.3852928322426,1119.3852146412632,1119.3851645657667,1119.3851425650505,1119.3851485985,1119.3851826255955,1119.3852446059054,1119.3853344990896,1119.3854522649,1119.3855978631755,1119.3857712538481,1119.3859723969379,1119.3862012525533,1119.3864577808936,1119.3867419422454,1119.387053696985,1119.3873930055759,1119.3877598285708,1119.3881541266076,1119.3885758604144,1119.3890249908059,1119.3895014786826,1119.3900052850315,1119.3905363709273,1119.3910946975307,1119.3916802260862,1119.3922929179257,1119.392932734467,1119.3935996372118,1119.3942935877458,1119.3950145477422,1119.395762478955,1119.3965373432247,1119.3973391024745,1119.3981677187116,1119.3990231540265,1119.3999053705923,1119.400814330665,1119.4017499965844,1119.4027123307703,1119.4037012957272,1119.4047168540394,1119.4057589683732,1119.4068276014775,1119.407922716181,1119.4090442753925,1119.410192242104,1119.4113665793857,1119.4125672503894,1119.4137942183456,1119.4150474465655,1119.4163268984375,1119.4176325374333,1119.4189643270997,1119.4203222310646,1119.4217062130328,1119.4231162367894,1119.4245522661952,1119.4260142651906,1119.4275021977928,1119.4305557202747,1119.447367217646
530.65,1123.1940382567743,1123.0920464298615,1122.99450518065,1122.9013317653612,1122.8124458485065,1122.727769413974,1122.6472266784842,1122.5707440075846,1122.4982498343786,1122.4296745810748,1122.3649505834521,1122.3040120182727,1122.2467948336641,1122.193236682442,1122.1432768583495,1122.0968562351482,1122.05391720848,1122.014403640434,1121.9782608066992,1121.9454353462138,1121.915875213204,1121.8895296314888,1121.8663490509507,1121.8462851060538,1121.8292905763028,1121.8153193485268,1121.8062888405072,1121.8052929180667,1121.8043263808966,1121.8033891854502,1121.8024812882843,1121.8016026460539,1121.8007532155136,1121.799932953519,1121.799141817023,1121.7983797630777,1121.797646748836,1121.7969427315459,1121.7962676685545,1121.7956215173062,1121.7950042353432,1121.7944157803045,1121.7938561099252,1121.7933251820373,1121.7928229545685,1121.7923493855421,1121.7919044330781,1121.7914880553901,1121.7911002107865,1121.7907408576714,1121.7904099545428,1121.7901074599918,1121.7898333327043,1121.789587531459,1121.7893700151271,1121.7891807426745,1121.7890196731569,1121.7888867657248,1121.7887819796183,1121.7887052741721,1121.7886566088089,1121.7886359430456,1121.7886432364874,1121.7886784488312,1121.7887415398636,1121.7888324694622,1121.7889511975939,1121.7890976843144,1121.7892718897692,1121.7894737741924,1121.789703297907,1121.7899604213235,1121.7902451049415,1121.7905573093478,1121.7908969952175,1121.791264123312,1121.79165865448,1121.792080549658,1121.7925297698664,1121.7930062762148,1121.7935100298976,1121.7940409921937,1121.7945991244694,1121.7951843881754,1121.7957967448465,1121.7964361561037,1121.7971025836514,1121.7977959892783,1121.7985163348576,1121.7992635823457,1121.8000376937816,1121.8008386312895,1121.8016663570747,1121.8025208334261,1121.8034020227155,1121.8043098873954,1121.805244390001,1121.8062054931495,1121.8071931595396,1121.8082073519504,1121.8092480332434,1121.8103151663593,1121.8114087143204,1121.812528640228,1121.813674907265,1121.8148474786942,1121.816046317856,1121.818522653141,1121.8324680348962
531.15,1125.708844994452,1125.6022438230825,1125.5001679511806,1125.402532524897,1125.3092551796813,1125.2202559483733,1125.1354571716329,1125.0547834109198,1124.978161364218,1124.9055197846349,1124.8367894019627,1124.7719028472673,1124.7107945805221,1124.653400821287,1124.599659482389,1124.5495101065603,1124.5028938059684,1124.4597532045423,1124.4200323830003,1124.383676826487,1124.3506333746952,1124.3208501743652,1124.2942766340464,1124.2708633810034,1124.2505622201522,1124.233326094911,1124.2217131022385,1124.220396183318,1124.2191090498666,1124.217851657468,1124.2166239618068,1124.215425918672,1124.2142574839545,1124.2131186136473,1124.2120092638459,1124.2109293907454,1124.2098789506442,1124.20885789994,1124.207866195132,1124.2069037928195,1124.205970649701,1124.2050667225753,1124.2041919683393,1124.2033463439902,1124.2025298066237,1124.201742313432,1124.2009838217084,1124.2002542888401,1124.1995536723152,1124.1988819297171,1124.1982390187254,1124.1976248971182,1124.1970395227672,1124.1964828536425,1124.1959548478076,1124.1954554634228,1124.1949846587418,1124.1945423921156,1124.1941286219865,1124.1937433068927,1124.1933864054654,1124.1930578764307,1124.1927576786059,1124.1924857709023,1124.1922421123238,1124.1920266619668,1124.1918393790188,1124.1916802227604,1124.1915491525633,1124.1914461278893,1124.1913711082927,1124.1913240534175,1124.1913049229984,1124.1913136768599,1124.191350274917,1124.1914146771735,1124.1915068437231,1124.1916267347485,1124.1917743105196,1124.1919495313966,1124.1921523578285,1124.1923827503488,1124.1926406695825,1124.1929260762395,1124.1932389311191,1124.1935791951043,1124.1939468291682,1124.194341794367,1124.1947640518451,1124.1952135628326,1124.1956902886443,1124.1961941906814,1124.1967252304278,1124.1972833694554,1124.197868569419,1124.1984807920574,1124.1991199991949,1124.1997861527375,1124.2004792146754,1124.2011991470833,1124.2019459121186,1124.2027194720206,1124.2035197891119,1124.2043468257964,1124.2052005445616,1124.2060809079755,1124.2069878786888,1124.2088814930196,1124.2199334115307
531.65,1128.2274878420587,1128.116215734096,1128.0095453631188,1127.9073896978841,1127.8096642803473,1127.7162871306955,1127.627178654681,1127.5422615535028,1127.4614607364426,1127.3847032364172,1127.3119181285388,1127.2430364517795,1127.1779911337612,1127.116716918674,1127.0591502983075,1127.0052294461393,1126.954894154423,1126.9080857741856,1126.8647471580398,1126.8248226057158,1126.7882578121844,1126.7549998182708,1126.724996963628,1126.6981988419634,1126.6745562583776,1126.6540211887275,1126.6397989944403,1126.6381577713144,1126.636546740872,1126.6349658578038,1126.6334150769019,1126.6318943530673,1126.6304036413048,1126.628942896724,1126.6275120745406,1126.6261111300726,1126.6247400187426,1126.6233986960785,1126.6220871177086,1126.6208052393652,1126.6195530168848,1126.6183304062029,1126.617137363361,1126.615973844498,1126.6148398058574,1126.6137352037813,1126.612659994714,1126.6116141351995,1126.610597581882,1126.609610291504,1126.608652220911,1126.607723327043,1126.6068235669409,1126.6059528977455,1126.605111276693,1126.6042986611183,1126.6035150084547,1126.6027602762324,1126.6020344220774,1126.6013374037138,1126.6006691789596,1126.6000297057326,1126.599418942042,1126.5988368459953,1126.5982833757946,1126.5977584897353,1126.5972621462097,1126.596794303702,1126.5963549207913,1126.5959439561507,1126.5955613685455,1126.5952071168363,1126.5948811599726,1126.594583457001,1126.5943139670555,1126.5940726493668,1126.5938594632532,1126.5936743681266,1126.5935173234896,1126.593388288934,1126.593287224145,1126.5932140888956,1126.593168843049,1126.5931514465594,1126.5931618594695,1126.5932000419114,1126.5932659541056,1126.5933595563608,1126.5934808090756,1126.5936296727355,1126.5938061079141,1126.594010075272,1126.5942415355573,1126.5945004496061,1126.5947867783398,1126.5951004827668,1126.5954415239828,1126.5958098631666,1126.5962054615852,1126.596628280591,1126.5970782816198,1126.5975554261943,1126.5980596759205,1126.5985909924893,1126.5991493376757,1126.5997346733388,1126.6003469614213,1126.6016522430302,1126.609782967325
532.15,1130.7500120268128,1130.634006113271,1130.5226801414726,1130.4159448330472,1130.3137135697,1130.215902295128,1130.1224294191893,1130.0332157246035,1129.9481842764155,1129.8672603343982,1129.7903712685268,1129.7174464776035,1129.6484173111044,1129.583216994235,1129.5217805562036,1129.4640447616564,1129.4099480452248,1129.3594304490935,1129.3124335635025,1129.2689004700776,1129.2287756878736,1129.1920051220118,1129.1585360147922,1129.128316899154,1129.1012975543624,1129.0774289638002,1129.0605704392462,1129.0586015534577,1129.056663274742,1129.0547555568717,1129.052878353727,1129.051031619297,1129.049215307679,1129.0474293730779,1129.0456737698053,1129.0439484522826,1129.0422533750348,1129.0405884926954,1129.0389537600029,1129.0373491318014,1129.0357745630417,1129.0342300087777,1129.0327154241697,1129.0312307644815,1129.0297759850816,1129.0283510414408,1129.0269558891348,1129.0255904838414,1129.0242547813416,1129.0229487375182,1129.0216723083563,1129.0204254499433,1129.019208118467,1129.018020270217,1129.016861861583,1129.015732849056,1129.0146331892263,1129.0135628387839,1129.0125217545199,1129.0115098933222,1129.0105272121789,1129.0095736681767,1129.0086492184994,1129.007753820431,1129.00688743135,1129.0060500087354,1129.0052415101607,1129.004461893297,1129.0037111159124,1129.00298913587,1129.0022959111293,1129.001631399745,1129.000995559868,1129.0003883497425,1128.9998097277082,1128.9992596521997,1128.9987380817442,1128.9982449749639,1128.9977802905728,1128.9973439873806,1128.9969360242876,1128.9965563602877,1128.9962049544663,1128.9958817660024,1128.9955867541648,1128.9953198783155,1128.9950810979064,1128.9948703724806,1128.9946876616725,1128.9945329252048,1128.9944061228935,1128.9943072146414,1128.9942361604424,1128.9941929203794,1128.9941774546242,1128.9941897234369,1128.9942296871661,1128.994297306249,1128.994392541211,1128.9945153526642,1128.994665701308,1128.9948435479303,1128.9950488534046,1128.995281578691,1128.9955416848363,1128.9958291329735,1128.9961438843206,1128.9968551419486,1129.0020365504547
532.65,1133.2764636250554,1133.1556597238866,1133.039615789762,1132.9282402249503,1132.8214441817488,1132.719141461213,1132.621248414101,1132.5276838443112,1132.4383689150877,1132.3532270581798,1132.272183886122,1132.1951671077313,1132.122106446887,1132.0529335646288,1131.987581984557,1131.9259870215117,1131.86808571347,1131.813816756587,1131.7631204432828,1131.7159386032822,1131.672214547481,1131.6318930145203,1131.5949201199564,1131.5612433078754,1131.5308113048502,1131.503574076095,1131.4840516723018,1131.4817517136012,1131.4794827837015,1131.477244835433,1131.4750378217411,1131.472861695681,1131.4707164104188,1131.4686019192309,1131.466518175506,1131.464465132743,1131.4624427445472,1131.4604509646354,1131.4584897468349,1131.4565590450795,1131.4546588134112,1131.4527890059808,1131.4509495770471,1131.4491404809742,1131.447361672235,1131.4456131054083,1131.4438947351782,1131.4422065163365,1131.440548403778,1131.4389203525045,1131.4373223176226,1131.435754254342,1131.4342161179786,1131.4327078639492,1131.4312294477775,1131.4297808250867,1131.4283619516063,1131.4269727831659,1131.4256132756984,1131.4242833852377,1131.4229830679194,1131.4217122799812,1131.420470977761,1131.4192591176961,1131.4180766563263,1131.4169235502895,1131.4157997563236,1131.4147052312662,1131.413639932054,1131.4126038157215,1131.4115968394012,1131.410618960326,1131.4096701358244,1131.4087503233222,1131.4078594803434,1131.4069975645084,1131.4061645335341,1131.4053603452337,1131.4045849575157,1131.4038383283846,1131.4031204159417,1131.4024311783796,1131.4017705739896,1131.4011385611548,1131.400535098354,1131.399960144159,1131.3994136572348,1131.3988955963412,1131.39840592033,1131.3979445881441,1131.3975115588219,1131.397106791492,1131.3967302453752,1131.3963818797838,1131.396061654122,1131.3957695278832,1131.3955054606547,1131.3952694121106,1131.3950613420172,1131.3948812102312,1131.394728976698,1131.3946046014519,1131.3945080446165,1131.3944392664057,1131.3943982271203,1131.39438488715,1131.394399206972,1131.3945106683416,1131.3967142414547
533.15,1135.8068895854706,1135.6812221641019,1135.5603966108008,1135.4443189336669,1135.3328979839305,1135.2260453514646,1135.12367526242,1135.0257044793273,1134.9320522039598,1134.842639983154,1134.7573916177985,1134.6762330750853,1134.5990924041337,1134.5258996550024,1134.4565868011157,1134.3910876650748,1134.3293378477972,1134.2712746609202,1134.2168370623754,1134.1659655950336,1134.118602328298,1134.0746908025308,1134.0341759761811,1133.9970041754855,1133.9631230466061,1133.932481510079,1133.9102672488887,1133.9076327541493,1133.905029717443,1133.9024580906403,1133.8999178257222,1133.8974088747884,1133.89493119005,1133.8924847238347,1133.8900694285805,1133.8876852568403,1133.8853321612805,1133.8830100946777,1133.880719009922,1133.8784588600154,1133.8762295980694,1133.8740311773083,1133.8718635510659,1133.8697266727863,1133.8676204960232,1133.8655449744404,1133.8635000618096,1133.8614857120126,1133.859501879039,1133.8575485169858,1133.855625580059,1133.8537330225697,1133.8518707989388,1133.8500388636924,1133.8482371714613,1133.8464656769852,1133.8447243351072,1133.8430131007774,1133.8413319290487,1133.8396807750803,1133.8380595941346,1133.8364683415793,1133.8349069728836,1133.8333754436217,1133.8318737094694,1133.8304017262074,1133.8289594497148,1133.8275468359757,1133.826163841075,1133.8248104211996,1133.823486532635,1133.82219213177,1133.8209271750916,1133.8196916191898,1133.81848542075,1133.8173085365609,1133.8161609235078,1133.815042538576,1133.8139533388487,1133.8128932815082,1133.8118623238327,1133.8108604231993,1133.8098875370824,1133.8089436230523,1133.8080286387778,1133.8071425420217,1133.8062852906448,1133.8054568426019,1133.804657155945,1133.8038861888185,1133.8031438994647,1133.802430246219,1133.8017451875116,1133.8010886818654,1133.8004606878978,1133.7998611643195,1133.7992900699358,1133.7987473636408,1133.798233004425,1133.7977469513698,1133.7972891636487,1133.796859600526,1133.7964582213585,1133.7960849855938,1133.7957398527697,1133.795422782515,1133.7951337345494,1133.7946395448107,1133.7938363572803
533.65,1138.3413377530935,1138.2107398896724,1138.0850677281926,1137.9642248051025,1137.8481175963404,1137.7366554095634,1137.6297502784216,1137.5273168592528,1137.4292723304995,1137.335536295116,1137.2460306861472,1137.1606796756432,1137.0794095870017,1137.0021488107936,1136.9288277240973,1136.859378613325,1136.793735600496,1136.7318345728927,1136.6736131160153,1136.6190104497255,1136.5679673674715,1136.5204261784647,1136.4763306526843,1136.4356259685665,1136.39825866325,1136.3641765852387,1136.339242050206,1136.336269502305,1136.333328849352,1136.330420042227,1136.327543031929,1136.3246977695735,1136.3218842063948,1136.3191022937438,1136.3163519830875,1136.3136332260094,1136.3109459742097,1136.3082901795033,1136.30566579382,1136.3030727692048,1136.3005110578163,1136.297980611929,1136.2954813839278,1136.2930133263137,1136.2905763916988,1136.2881705328086,1136.2857957024803,1136.2834518536622,1136.281138939415,1136.2788569129107,1136.2766057274296,1136.2743853363645,1136.2721956932178,1136.2700367516002,1136.2679084652336,1136.2658107879456,1136.2637436736757,1136.261707076469,1136.2597009504802,1136.2577252499705,1136.2557799293072,1136.2538649429666,1136.251980245529,1136.2501257916822,1136.24830153622,1136.24650743404,1136.2447434401452,1136.2430095096447,1136.241305597751,1136.2396316597801,1136.237987651152,1136.2363735273907,1136.2347892441228,1136.2332347570766,1136.231710022084,1136.23021499508,1136.2287496320976,1136.2273138892742,1136.2259077228487,1136.2245310891583,1136.2231839446426,1136.22186624584,1136.2205779493893,1136.2193190120297,1136.2180893905982,1136.2168890420305,1136.2157179233623,1136.214575991726,1136.2134632043528,1136.2123795185723,1136.211324891809,1136.2102992815867,1136.2093026455252,1136.2083349413404,1136.2073961268445,1136.2064861599454,1136.2056049986477,1136.2047526010488,1136.203928925344,1136.2031339298196,1136.2023675728599,1136.201629812941,1136.200920608634,1136.2002399186026,1136.199587701604,1136.1989639164883,1136.1983685221983,1136.197262742327,1136.19342345546
534.15,1140.879856894148,1140.7442602374388,1140.6136751085417,1140.488002492014,1140.3671464116037,1140.2510138191517,1140.139514485446,1140.0325608934252,1139.930068134083,1139.8319538053481,1139.7381379141686,1139.6485427819705,1139.5630929536107,1139.481715109902,1139.4043379837365,1139.3308922798099,1139.2613105979167,1139.1955273597425,1139.1334787390845,1139.0751025953925,1139.020338410518,1138.9691272285436,1138.9214115985658,1138.8771355202855,1138.8362443922758,1138.7986849627773,1138.7710012898199,1138.7676871164956,1138.7644052828914,1138.761155738875,1138.757938434435,1138.7547533196787,1138.7516003448386,1138.7484794602644,1138.745390616427,1138.742333763916,1138.73930885344,1138.7363158358276,1138.733354662025,1138.7304252830959,1138.7275276502216,1138.7246617147014,1138.72182742795,1138.7190247414994,1138.7162536069975,1138.7135139762074,1138.7108058010067,1138.7081290333902,1138.705483625465,1138.7028695294514,1138.7002866976864,1138.6977350826176,1138.6952146368071,1138.6927253129293,1138.6902670637694,1138.687839842226,1138.6854436013082,1138.6830782941372,1138.6807438739436,1138.6784402940698,1138.6761675079658,1138.673925469195,1138.6717141314261,1138.6695334484396,1138.6673833741222,1138.6652638624705,1138.6631748675889,1138.6611163436887,1138.6590882450887,1138.6570905262136,1138.655123141596,1138.653186045874,1138.651279193791,1138.6494025401971,1138.6475560400456,1138.6457396483968,1138.6439533204125,1138.6421970113627,1138.640470676617,1138.6387742716518,1138.6371077520444,1138.6354710734754,1138.6338641917278,1138.6322870626875,1138.6307396423422,1138.6292218867793,1138.6277337521904,1138.6262751948645,1138.6248461711937,1138.623446637669,1138.6220765508822,1138.6207358675242,1138.619424544384,1138.6181425383525,1138.6168898064163,1138.6156663056622,1138.614471993274,1138.6133068265333,1138.6121707628201,1138.6110637596103,1138.6099857744773,1138.608936765091,1138.6079166892173,1138.6069255047175,1138.6059631695505,1138.605029641768,1138.6041248795182,1138.6024014846816,1138.5954963383485
534.65,1143.4224967217237,1143.2818314496105,1143.1462655844193,1143.0156974757192,1142.8900286154108,1142.7691635232563,1142.6530096342547,1142.5414771882868,1142.4344791224203,1142.331930966172,1142.233750739995,1142.1398588571706,1142.050178029263,1141.9646331752201,1141.88315133417,1141.805661581927,1141.7320949511816,1141.662384355316,1141.596464515777,1141.5342718928994,1141.4757446200701,1141.4208224411109,1141.369446650735,1141.3215600379497,1141.277106832253,1141.2360326524795,1141.205570520274,1141.2019110929473,1141.1982844581564,1141.1946905647283,1141.1911293616145,1141.1876007978924,1141.1841048227632,1141.1806413855513,1141.1772104357044,1141.1738119227944,1141.1704457965131,1141.167112006677,1141.1638105032232,1141.1605412362096,1141.1573041558147,1141.1540992123391,1141.1509263562011,1141.1477855379403,1141.1446767082152,1141.1415998178018,1141.1385548175967,1141.135541658612,1141.1325602919794,1141.1296106689476,1141.1266927408803,1141.1238064592596,1141.1209517756831,1141.118128641864,1141.1153370096295,1141.112576830924,1141.1098480578044,1141.1071506424435,1141.104484537126,1141.1018496942515,1141.099246066332,1141.0966736059906,1141.094132265966,1141.0916219991063,1141.089142758372,1141.0866944968338,1141.0842771676744,1141.0818907241862,1141.079535119772,1141.0772103079446,1141.0749162423251,1141.0726528766443,1141.0704201647422,1141.0682180605666,1141.066046518173,1141.063905491724,1141.0617949354903,1141.0597148038505,1141.0576650512867,1141.055645632391,1141.0536565018585,1141.0516976144902,1141.0497689251943,1141.0478703889814,1141.0460019609689,1141.0441635963762,1141.0423552505276,1141.0405768788517,1141.038828436879,1141.0371098802434,1141.035421164681,1141.0337622460308,1141.032133080234,1141.0305336233318,1141.0289638314682,1141.0274236608875,1141.0259130679347,1141.024432009055,1141.0229804407936,1141.0215583197955,1141.0201656028053,1141.0188022466662,1141.0174682083205,1141.0161634448084,1141.0148879132694,1141.0136415709394,1141.0124243751522,1141.0100772530297,1141.0000760574753
535.15,1145.9693079223512,1145.8235026988975,1145.6828868781222,1145.5473560885591,1145.4168092077482,1145.2911482443571,1145.1702782220138,1145.0541070653342,1144.9425454885402,1144.8355068870183,1144.7329072321006,1144.634664969287,1144.5407009200833,1144.4509381875587,1144.3653020656948,1144.283719952549,1144.2061212672158,1144.132437370548,1144.062601489557,1143.9965486454057,1143.9342155848776,1143.8755407151964,1143.8204640420645,1143.768927110771,1143.7208729502258,1143.6762460197674,1143.6429756398857,1143.6389672724526,1143.634992158601,1143.6310502460915,1143.6271414828132,1143.6232658167837,1143.6194231961483,1143.615613569179,1143.6118368842751,1143.6080930899625,1143.6043821348924,1143.6007039678414,1143.5970585377124,1143.5934457935311,1143.589865684449,1143.5863181597401,1143.5828031688031,1143.5793206611588,1143.5758705864512,1143.572452894445,1143.5690675350281,1143.5657144582083,1143.562393614117,1143.559104953002,1143.5558484252344,1143.5526239813041,1143.5494315718197,1143.546271147509,1143.543142659218,1143.5400460579115,1143.536981294672,1143.5339483206976,1143.5309470873053,1143.527977545928,1143.5250396481138,1143.5221333455274,1143.5192585899488,1143.5164153332735,1143.5136035275098,1143.5108231247818,1143.5080740773271,1143.505356337496,1143.5026698577535,1143.5000145906756,1143.4973904889514,1143.494797505382,1143.4922355928798,1143.489704704469,1143.487204793284,1143.4847358125703,1143.4822977156834,1143.4798904560882,1143.477513987359,1143.4751682631806,1143.4728532373447,1143.4705688637528,1143.4683150964127,1143.4660918894422,1143.4638991970644,1143.4617369736102,1143.4596051735177,1143.457503751331,1143.4554326616988,1143.4533918593772,1143.4513812992273,1143.4494009362147,1143.44745072541,1143.4455306219866,1143.4436405812244,1143.4417805585044,1143.4399505093143,1143.4381503892403,1143.4363801539746,1143.4346397593101,1143.4329291611427,1143.4312483154702,1143.4295971783897,1143.4279757061008,1143.4263838549048,1143.4248215812022,1143.4232888414929,1143.4203117905563,1143.4071839180108
535.65,1148.520342183484,1148.3693241144915,1148.2235876262318,1148.0830255371093,1147.9475340248428,1147.8170125051286,1147.6913635118985,1147.5704925796529,1147.4543081283166,1147.3427213510029,1147.2356461049858,1147.132998806146,1147.0346983270742,1146.9406658989635,1146.8508250173866,1146.76510135199,1146.6834226601052,1146.6057187042404,1146.531921173395,1146.4619636080952,1146.3957813290529,1146.3333113693147,1146.2744924097635,1146.2192647178392,1146.167570089306,1146.119351792937,1146.083242899709,1146.0788818472975,1146.0745545179395,1146.0702608582994,1146.0660008151779,1146.061774335505,1146.0575813663422,1146.0534218548826,1146.0492957484498,1146.0452029944954,1146.0411435406036,1146.0371173344856,1146.0331243239818,1146.029164457061,1146.0252376818182,1146.0213439464783,1146.0174831993909,1146.0136553890336,1146.0098604640084,1146.0060983730439,1146.0023690649944,1145.9986724888374,1145.995008593675,1145.9913773287342,1145.9877786433647,1145.984212487039,1145.9806788093526,1145.9771775600232,1145.9737086888902,1145.9702721459132,1145.9668678811756,1145.9634958448785,1145.9601559873445,1145.9568482590157,1145.953572610453,1145.9503289923368,1145.9471173554673,1145.943937650759,1145.940789829249,1145.9376738420876,1145.9345896405455,1145.9315371760065,1145.9285163999743,1145.9255272640644,1145.9225697200118,1145.919643719664,1145.9167492149822,1145.9138861580454,1145.9110545010444,1145.9082541962819,1145.9054851961769,1145.9027474532595,1145.9000409201726,1145.8973655496707,1145.8947212946211,1145.8921081080014,1145.8895259428994,1145.886974752516,1145.8844544901601,1145.8819651092508,1145.8795065633185,1145.8770788060008,1145.8746817910446,1145.8723154723052,1145.8699798037471,1145.8676747394409,1145.865400233566,1145.863156240408,1145.86094271436,1145.8587596099205,1145.8566068816956,1145.854484484395,1145.8523923728358,1145.8503305019392,1145.8482988267301,1145.8462973023404,1145.8443258840034,1145.8423845270581,1145.8404731869452,1145.8385918192096,1145.8367403794982,1145.8331271072507,1145.8168414833253
536.15,1151.0756522219406,1150.919346808947,1150.7684174050207,1150.6227539261956,1150.482249761846,1150.346801649879,1150.216309553354,1150.0906765390673,1149.96980865857,1149.853614832042,1149.742006735366,1149.6348986906787,1149.5322075606207,1149.4338526464492,1149.3397555901122,1149.2498402803424,1149.1640327627895,1149.0822611541578,1149.004455560301,1148.9305479981797,1148.860472321587,1148.7941641505083,1148.7315608039812,1148.6726012363106,1148.6172259764776,1148.5653770705921,1148.5263989106882,1148.5216813683828,1148.516998027227,1148.512348832765,1148.5077337306757,1148.5031526667742,1148.4986055870122,1148.4940924374728,1148.4896131643766,1148.4851677140755,1148.4807560330555,1148.476378067936,1148.472033765468,1148.467723072535,1148.4634459361498,1148.459202303459,1148.4549921217383,1148.4508153383924,1148.4466719009574,1148.4425617570973,1148.4384848546058,1148.4344411414033,1148.4304305655407,1148.4264530751923,1148.422508618663,1148.418597144382,1148.414718600905,1148.4108729369138,1148.4070601012152,1148.403280042741,1148.399532710546,1148.395818053811,1148.3921360218385,1148.3884865640553,1148.3848696300097,1148.3812851693735,1148.3777331319393,1148.3742134676218,1148.370726126456,1148.3672710585986,1148.3638482143251,1148.360457544032,1148.357098998235,1148.3537725275683,1148.3504780827843,1148.3472156147552,1148.3439850744699,1148.3407864130343,1148.3376195816725,1148.3344845317247,1148.3313812146466,1148.3283095820113,1148.325269585507,1148.3222611769354,1148.3192843082145,1148.316338931377,1148.3134249985678,1148.3105424620471,1148.3076912741878,1148.3048713874753,1148.3020827545085,1148.2993253279965,1148.296599060763,1148.2939039057392,1148.2912398159715,1148.2886067446148,1148.2860046449343,1148.283433470305,1148.2808931742127,1148.2783837102518,1148.275905032125,1148.273457093644,1148.2710398487302,1148.268653251409,1148.2662972558182,1148.2639718161986,1148.2616768869007,1148.2594124223801,1148.2571783771975,1148.254974706022,1148.252801363627,1148.2485454847933,1148.2290705796654
536.65,1153.6352918133357,1153.4736229060004,1153.3174267567433,1153.166590283725,1153.0210039963035,1152.8805618667202,1152.7451612030418,1152.6147025239338,1152.4890894357718,1152.3682285125387,1152.252029178897,1152.1404035967341,1152.0332665554533,1151.9305353661678,1151.8321297599477,1151.7379717901883,1151.64798573912,1151.5620980284662,1151.4802371341816,1151.4023335052084,1151.3283194861365,1151.2581292436569,1151.1916986966596,1151.1289654498335,1151.0698687306083,1151.0143493292792,1150.9724706510044,1150.9673927525346,1150.9623495421433,1150.9573409642214,1150.9523669633013,1150.9474274840513,1150.9425224712825,1150.9376518699419,1150.9328156251172,1150.9280136820303,1150.9232459860436,1150.9185124826538,1150.9138131174943,1150.9091478363341,1150.9045165850782,1150.8999193097648,1150.8953559565668,1150.8908264717925,1150.8863308018801,1150.8818688934039,1150.8774406930693,1150.8730461477126,1150.8686852043031,1150.864357809939,1150.860063911852,1150.8558034574019,1150.8515763940777,1150.8473826694988,1150.8432222314127,1150.8390950276953,1150.8350010063507,1150.8309401155093,1150.8269123034295,1150.8229175184965,1150.8189557092205,1150.8150268242377,1150.81113081231,1150.8072676223235,1150.8034372032898,1150.7996395043426,1150.7958744747411,1150.7921420638663,1150.788442221223,1150.7847748964368,1150.7811400392566,1150.7775375995525,1150.7739675273149,1150.7704297726557,1150.7669242858062,1150.7634510171192,1150.7600099170654,1150.7566009362347,1150.753224025336,1150.7498791351973,1150.7465662167626,1150.743285221095,1150.7400360993745,1150.7368188028972,1150.7336332830748,1150.730479491437,1150.7273573796285,1150.7242668994074,1150.7212080026486,1150.718180641341,1150.715184767586,1150.712220333602,1150.7092872917156,1150.7063855943727,1150.7035151941263,1150.7006760436445,1150.697868095707,1150.6950913032035,1150.6923456191357,1150.6896309966164,1150.686947388869,1150.6842947492266,1150.681673031131,1150.6790821881355,1150.6765221738995,1150.6739929421929,1150.6714944468947,1150.6665894815708,1150.6438933009465
537.15,1156.1993158225396,1156.0322055693525,1155.8706672168219,1155.714584586375,1155.5638452124167,1155.4183402104854,1155.2779641464845,1155.142614907587,1155.0121935753664,1154.8866043016376,1154.7657541874241,1154.6495531653982,1154.5379138860828,1154.4307516080084,1154.3279840920052,1154.229531499696,1154.135316296267,1154.045263157495,1153.9592988809998,1153.87735230166,1153.7993542110871,1153.7252372810358,1153.6549359906223,1153.5883865571925,1153.525526870687,1153.466296431324,1153.4214854736133,1153.4160432900069,1153.410636290452,1153.4052644181554,1153.3999276164707,1153.3946258288918,1153.3893589990585,1153.384127070752,1153.3789299878954,1153.3737676945536,1153.3686401349328,1153.3635472533801,1153.3584889943804,1153.3534653025613,1153.348476122687,1153.3435213996615,1153.3386010785268,1153.3337151044627,1153.3288634227843,1153.3240459789458,1153.319262718536,1153.3145135872799,1153.3097985310374,1153.3051174958025,1153.3004704277055,1153.2958572730083,1153.2912779781072,1153.2867324895315,1153.282220753941,1153.2777427181302,1153.2732983290239,1153.2688875336764,1153.264510279275,1153.2601665131358,1153.2558561827038,1153.2515792355553,1153.247335619394,1153.2431252820518,1153.2389481714883,1153.2348042357921,1153.2306934231776,1153.226615681984,1153.2225709606814,1153.218559207861,1153.2145803722412,1153.2106344026658,1153.2067212481022,1153.2028408576414,1153.1989931804992,1153.1951781660134,1153.1913957636457,1153.187645922979,1153.1839285937199,1153.180243725694,1153.1765912688495,1153.1729711732564,1153.1693833891036,1153.1658278666991,1153.162304556472,1153.1588134089698,1153.15535437486,1153.1519274049267,1153.1485324500723,1153.1451694613172,1153.1418383897985,1153.1385391867716,1153.1352718036062,1153.1320361917888,1153.128832302922,1153.1256600887234,1153.1225195010243,1153.1194104917734,1153.1163330130298,1153.1132870169697,1153.1102724558798,1153.107289282162,1153.1043374483304,1153.1014169070106,1153.0985276109398,1153.0956695129685,1153.0928425660566,1153.0872819378085,1153.0613320136545
537.65,1158.7677802352023,1158.5951490324542,1158.4281913419914,1158.2667877861718,1158.1108228261392,1157.9601846264288,1157.8147649204511,1157.6744588774793,1157.5391649717349,1157.4087848540844,1157.2832232268115,1157.1623877218412,1157.0461887827323,1156.9345395506768,1156.827355754694,1156.7245556061264,1156.6260596975158,1156.5317909058663,1156.441674300273,1156.3556370538574,1156.273608359915,1156.1955193521592,1156.1213030289287,1156.0508941812056,1155.9842293242784,1155.9212466328859,1155.873471113991,1155.8676606521879,1155.8618858796713,1155.856146738433,1155.8504431706153,1155.844775118508,1155.8391425245477,1155.8335453313173,1155.827983481548,1155.8224569181139,1155.8169655840359,1155.8115094224795,1155.8060883767532,1155.800702390312,1155.7953514067492,1155.7900353698055,1155.784754223361,1155.7795079114383,1155.7742963781998,1155.7691195679504,1155.7639774251325,1155.7588698943316,1155.753796920269,1155.7487584478063,1155.7437544219424,1155.7387847878144,1155.7338494906962,1155.7289484759983,1155.7240816892672,1155.7192490761852,1155.7144505825715,1155.7096861543762,1155.7049557376872,1155.7002592787242,1155.6955967238416,1155.6909680195258,1155.6863731123954,1155.6818119492018,1155.6772844768277,1155.6727906422857,1155.6683303927202,1155.663903675406,1155.6595104377457,1155.6551506272738,1155.650824191651,1155.6465310786687,1155.6422712362437,1155.6380446124235,1155.6338511553793,1155.6296908134116,1155.6255635349448,1155.6214692685307,1155.617407962846,1155.6133795666929,1155.6093840289961,1155.605421298806,1155.601491325297,1155.597594057766,1155.5937294456326,1155.5898974384384,1155.5860979858483,1155.5823310376477,1155.5785965437447,1155.5748944541651,1155.5712247190577,1155.5675872886923,1155.5639821134544,1155.5604091438515,1155.5568683305096,1155.5533596241726,1155.5498829757023,1155.5464383360784,1155.5430256563982,1155.5396448878746,1155.5362959818383,1155.5329788897352,1155.5296935631275,1155.526439953693,1155.5232180132223,1155.520027693623,1155.5168689469156,1155.510645980831,1155.481409361876
538.15,1161.3407421903923,1161.162508629334,1160.990052739412,1160.8232518379855,1160.661987211144,1160.5061439747403,1160.3556109360984,1160.2102804570336,1160.0700483188295,1159.9348135897158,1159.8044784953486,1159.6789482927102,1159.5581311477774,1159.4419380172337,1159.3302825344329,1159.223080899755,1159.1202517754498,1159.0217161849866,1158.92739741692,1158.8372209331978,1158.7511142818437,1158.6690070138998,1158.590830604491,1158.5165183778608,1158.4460054362198,1158.379228592231,1158.3284556980848,1158.3222728995142,1158.3161263049503,1158.3100158551408,1158.303941490983,1158.2979031535294,1158.2919007839816,1158.2859343236942,1158.2800037141715,1158.274108897067,1158.268249814185,1158.2624264074784,1158.2566386190474,1158.250886391141,1158.245169666156,1158.2394883866339,1158.2338424952645,1158.228231934882,1158.222656648467,1158.2171165791428,1158.211611670179,1158.206141864987,1158.2007071071232,1158.1953073402842,1158.189942508311,1158.184612555184,1158.1793174250265,1158.1740570621014,1158.1688314108117,1158.1636404157005,1158.158484021449,1158.1533621728786,1158.1482748149476,1158.1432218927516,1158.1382033515245,1158.1332191366357,1158.1282691935912,1158.1233534680332,1158.1184719057387,1158.1136244526192,1158.1088110547214,1158.1040316582237,1158.099286209441,1158.0945746548186,1158.0898969409348,1158.0852530145,1158.0806428223573,1158.0760663114793,1158.0715234289694,1158.0670141220617,1158.062538338119,1158.0580960246357,1158.0536871292325,1158.0493115996599,1158.0449693837952,1158.040660429645,1158.0363846853415,1158.0321420991436,1158.0279326194382,1158.0237561947347,1158.019612773672,1158.0155023050095,1158.0114247376353,1158.007380020559,1158.003368102914,1157.999388933959,1157.9954424630723,1157.9915286397586,1157.9876474136406,1157.9837987344663,1157.9799825521018,1157.9761988165362,1157.9724474778784,1157.9687284863564,1157.9650417923199,1157.9613873462358,1157.95776509869,1157.9541750003884,1157.950617002154,1157.9470910549271,1157.9435971097655,1157.936705030455,1157.904148272446
538.65,1163.9182600143822,1163.7343408265165,1163.556306096809,1163.3840297279855,1163.2173897256823,1163.0562680559017,1162.900550502905,1162.7501265282315,1162.604889131499,1162.4647347135945,1162.329562942766,1162.1992766240937,1162.073781572721,1161.952986491145,1161.836802850819,1161.7251447782246,1161.6179289455358,1161.515074465914,1161.4165027934519,1161.3221376277138,1161.231904822813,1161.1457323009017,1161.0635499699579,1160.9852896457128,1160.9108849775544,1160.840271378227,1160.7864677504815,1160.779908489595,1160.773385957157,1160.766900092632,1160.7604508356435,1160.7540381259698,1160.7476619035474,1160.7413221084678,1160.7350186809756,1160.7287515614726,1160.7225206905118,1160.716326008802,1160.7101674572027,1160.7040449767271,1160.6979585085387,1160.6919079939528,1160.685893374434,1160.6799145916,1160.6739715872143,1160.6680643031912,1160.662192681592,1160.6563566646282,1160.6505561946558,1160.644791214179,1160.639061665848,1160.6333674924588,1160.627708636952,1160.6220850424138,1160.6164966520732,1160.610943409304,1160.6054252576214,1160.599942140686,1160.5944940022987,1160.5890807864005,1160.5837024370771,1160.5783588985512,1160.5730501151875,1160.5677760314907,1160.562536592103,1160.5573317418061,1160.5521614255194,1160.547025588301,1160.5419241753443,1160.5368571319807,1160.531824403678,1160.526825936039,1160.5218616748016,1160.5169315658393,1160.5120355551583,1160.5071735889014,1160.502345613342,1160.4975515748874,1160.4927914200784,1160.4880650955863,1160.4833725482147,1160.4787137248973,1160.4740885727006,1160.469497038819,1160.4649390705777,1160.4604146154318,1160.4559236209634,1160.4514660348852,1160.4470418050366,1160.442650879385,1160.4382932060234,1160.4339687331747,1160.4296774091856,1160.4254191825291,1160.4211940018038,1160.4170018157324,1160.4128425731642,1160.4087162230717,1160.4046227145498,1160.4005619968189,1160.3965340192196,1160.3925387312188,1160.3885760824016,1160.3846460224777,1160.3807485012755,1160.3768834687476,1160.3730508749636,1160.3654828045128,1160.3295719602202
539.15,1166.5003932556392,1166.310703256063,1166.1270072136738,1165.949175503092,1165.777082740385,1165.6106076369215,1165.449632853433,1165.2940448549816,1165.1437337675443,1164.9985932368252,1164.858520289886,1164.7234152000794,1164.5931813557231,1164.4677251328467,1164.3469557722924,1164.2307852613606,1164.119128220147,1164.0119017926297,1163.909025542541,1163.8104213539912,1163.71601333678,1163.6257277362997,1163.539492847898,1163.457238935557,1163.3788981547195,1163.3044044790843,1163.2475362028053,1163.2405962855744,1163.2336936311895,1163.2268281778013,1163.219999863721,1163.213208627422,1163.2064544075388,1163.199737142865,1163.1930567723552,1163.1864132351213,1163.179806470436,1163.1732364177274,1163.166703016582,1163.160206206743,1163.1537459281099,1163.1473221207364,1163.140934724833,1163.1345836807632,1163.1282689290451,1163.1219904103493,1163.1157480654997,1163.1095418354716,1163.1033716613936,1163.0972374845426,1163.0911392463483,1163.0850768883895,1163.0790503523945,1163.07305958024,1163.0671045139509,1163.0611850957011,1163.05530126781,1163.049452972746,1163.0436401531213,1163.0378627516948,1163.0321207113702,1163.026413975198,1163.020742486368,1163.0151061882184,1163.009505024229,1163.0039389380206,1162.998407873357,1162.9929117741453,1162.987450584431,1162.9820242484016,1162.976632710384,1162.9712759148458,1162.9659538063925,1162.9606663297689,1162.9554134298573,1162.9501950516787,1162.9450111403894,1162.9398616412846,1162.934746499794,1162.9296656614838,1162.9246190720555,1162.9196066773445,1162.9146284233225,1162.9096842560919,1162.904774121892,1162.899897967092,1162.895055738196,1162.8902473818382,1162.8854728447861,1162.8807320739363,1162.8760250163182,1162.8713516190899,1162.8667118295398,1162.8621055950855,1162.8575328632737,1162.8529935817799,1162.8484876984066,1162.8440151610846,1162.8395759178716,1162.835169916952,1162.8307971066374,1162.8264574353634,1162.822150851693,1162.8178773043132,1162.8136367420357,1162.8094291137957,1162.8052543686545,1162.79700332452,1162.7577039334928
539.65,1169.0872027210557,1168.8916547497781,1168.7022130335517,1168.5187443014563,1168.341119667024,1168.1692144784781,1168.0029081689313,1167.8420841072807,1167.686629450509,1167.5364349980612,1167.391395048923,1167.2514072619142,1167.1163725196946,1166.9861947968354,1166.860781032284,1166.7400410064379,1166.6238872229992,1166.5122347957047,1166.4050013399676,1166.302106869425,1166.2034736973376,1166.1090263427432,1166.0186914412573,1165.9323976603544,1165.8500756189837,1165.7716578113268,1165.711690402334,1165.7043655646987,1165.6970785345118,1165.6898292485712,1165.6826176438437,1165.6754436574593,1165.6683072267167,1165.6612082890776,1165.6541467821683,1165.64712264378,1165.6401358118665,1165.6331862245422,1165.6262738200867,1165.6193985369398,1165.6125603137,1165.605759089129,1165.598994802146,1165.5922673918296,1165.5855767974172,1165.5789229583038,1165.5723058140418,1165.565725304339,1165.5591813690612,1165.5526739482277,1165.5462029820142,1165.5397684107493,1165.5333701749175,1165.5270082151542,1165.520682472249,1165.5143928871425,1165.5081394009278,1165.5019219548483,1165.495740490298,1165.4895949488211,1165.4834852721106,1165.47741140201,1165.4713732805071,1165.465370849742,1165.459404052,1165.4534728297124,1165.4475771254574,1165.4417168819593,1165.435892042087,1165.430102548854,1165.4243483454184,1165.4186293750802,1165.4129455812847,1165.407296907619,1165.4016832978107,1165.3961046957318,1165.3905610453924,1165.3850522909456,1165.3795783766834,1165.3741392470374,1165.3687348465778,1165.3633651200148,1165.3580300121953,1165.3527294681048,1165.347463432866,1165.342231851737,1165.337034670114,1165.331871833527,1165.326743287642,1165.3216489782606,1165.3165888513179,1165.3115628528828,1165.306570929158,1165.3016130264796,1165.2966890913146,1165.2917990702629,1165.286942910057,1165.2821205575592,1165.2773319597625,1165.2725770637912,1165.2678558168984,1165.2631681664668,1165.2585140600086,1165.253893445163,1165.2493062696994,1165.2447524815123,1165.2402320286258,1165.2312909214795,1165.1885679995298
540.15,1171.6787505134766,1171.4772553746413,1171.281981677487,1171.0927923840195,1170.909554988292,1170.7321413630068,1170.5604276058368,1170.3942938862056,1170.23362429326,1170.0783066857518,1169.9282325444713,1169.7832968278137,1169.643397830995,1169.508437049326,1169.3783190458992,1169.2529513239463,1169.1322442040603,1169.0161107064032,1168.9044664379628,1168.7972294848648,1168.694320309695,1168.5956616537549,1168.5011784441358,1168.4107977054662,1168.324448476164,1168.2420617290218,1168.1789601208677,1168.1712460271428,1168.1635702959268,1168.1559328626283,1168.1483336628307,1168.1407726322855,1168.1332497069177,1168.1257648228213,1168.1183179162588,1168.1109089236631,1168.1035377816336,1168.0962044269372,1168.0889087965095,1168.0816508274502,1168.074430457025,1168.067247622666,1168.0601022619674,1168.0529943126885,1168.0459237127504,1168.0388904002393,1168.0318943133998,1168.0249353906404,1168.0180135705295,1168.0111287917948,1168.0042809933245,1167.997470114166,1167.9906960935227,1167.9839588707584,1167.9772583853926,1167.9705945771018,1167.9639673857184,1167.9573767512304,1167.9508226137796,1167.9443049136642,1167.9378235913332,1167.931378587392,1167.9249698425963,1167.918597297854,1167.912260894225,1167.9059605729215,1167.899696275303,1167.8934679428817,1167.8872755173184,1167.8811189404205,1167.8749981541469,1167.8689131006022,1167.8628637220402,1167.8568499608573,1167.8508717596,1167.8449290609585,1167.83902180777,1167.833149943014,1167.8273134098145,1167.8215121514402,1167.8157461113017,1167.810015232953,1167.80431946009,1167.7986587365492,1167.7930330063093,1167.787442213489,1167.7818863023474,1167.7763652172828,1167.7708789028325,1167.7654273036721,1167.7600103646168,1167.7546280306183,1167.7492802467652,1167.7439669582832,1167.7386881105342,1167.7334436490157,1167.7282335193618,1167.723057667338,1167.7179160388475,1167.712808579926,1167.707735236743,1167.7026959556008,1167.6976906829339,1167.6927193653084,1167.687781949424,1167.6828783821086,1167.6780086103245,1167.6683702418368,1167.6221882702546
540.65,1174.2751000705737,1174.067566469497,1173.866372478646,1173.6713771671798,1173.4824442886154,1173.2994421237702,1173.1222433231885,1172.950724749768,1172.7847673223698,1172.6242558611336,1172.469078935194,1172.3191287134218,1172.1743008187416,1172.0344941864764,1171.8996109271252,1171.7695561938503,1171.6442380549156,1171.5235673712107,1171.4074576789596,1171.2958250776273,1171.188588123007,1171.0856677254126,1170.986987052869,1170.8924714391644,1170.8020482966026,1170.7156470332636,1170.6493755638264,1170.641267805066,1170.6331989745927,1170.6251690063891,1170.6171778346156,1170.6092253936088,1170.6013116178822,1170.593436442124,1170.5855998011941,1170.5778016301324,1170.5700418641459,1170.5623204386172,1170.5546372891001,1170.5469923513201,1170.5393855611715,1170.5318168547203,1170.5242861682018,1170.516793438018,1170.5093386007416,1170.5019215931093,1170.494542352028,1170.4872008145683,1170.4798969179672,1170.4726305996264,1170.465401797111,1170.4582104481522,1170.4510564906411,1170.4439398626325,1170.4368605023435,1170.4298183481521,1170.4228133385964,1170.4158454123747,1170.4089145083449,1170.402020565524,1170.395163523087,1170.3883433203653,1170.38155989685,1170.3748131921864,1170.3681031461763,1170.3614296987766,1170.3547927901006,1170.3481923604145,1170.3416283501374,1170.3351006998437,1170.328609350258,1170.3221542422584,1170.3157353168738,1170.3093525152844,1170.3030057788203,1170.2966950489622,1170.290420267339,1170.2841813757293,1170.2779783160588,1170.2718110304022,1170.265679460981,1170.259583550163,1170.253523240461,1170.2474984745354,1170.2415091951912,1170.2355553453763,1170.2296368681855,1170.2237537068545,1170.2179058047636,1170.2120931054337,1170.2063155525314,1170.2005730898609,1170.19486566137,1170.1891932111446,1170.183555683414,1170.1779530225438,1170.172385173041,1170.1668520795502,1170.1613536868535,1170.1558899398715,1170.1504607836619,1170.1450661634192,1170.1397060244738,1170.1343803122911,1170.1290889724735,1170.1238319507556,1170.1186091930101,1170.1082662535828,1170.0585891680703
541.15,1176.8763162051237,1176.6626506830598,1176.4554460181778,1176.2545572566253,1176.059844286068,1175.8711716749524,1175.6884085110019,1175.5114282396703,1175.3401085033395,1175.174330982014,1175.0139812362484,1174.858948552965,1174.7091257947638,1174.5644092532202,1174.4246985066088,1174.2898962823756,1174.1599083246313,1174.0346432668325,1173.9140125097724,1173.7979301049158,1173.686312643079,1173.5790791483892,1173.4761509774346,1173.3774517234572,1173.2829071254441,1173.1924449819267,1173.1229673796206,1173.1144614719271,1173.1059950692884,1173.097568104219,1173.0891805094197,1173.080832217771,1173.0725231623367,1173.0642532763588,1173.0560224932608,1173.0478307466442,1173.0396779702903,1173.031564098157,1173.02348906438,1173.0154528032704,1173.0074552493163,1172.9994963371796,1172.991576001698,1172.983694177881,1172.9758508009131,1172.9680458061503,1172.9602791291197,1172.9525507055207,1172.9448604712218,1172.9372083622627,1172.9295943148518,1172.9220182653648,1172.9144801503476,1172.9069799065103,1172.8995174707325,1172.892092780058,1172.8847057716964,1172.8773563830223,1172.8700445515744,1172.862770215055,1172.8555333113288,1172.8483337784235,1172.841171554527,1172.834046577991,1172.826958787325,1172.8199081212,1172.812894518445,1172.8059179180498,1172.7989782591612,1172.792075481082,1172.7852095232756,1172.7783803253578,1172.7715878271038,1172.7648319684422,1172.7581126894556,1172.751429930383,1172.7447836316148,1172.7381737336964,1172.731600177324,1172.725062903347,1172.7185618527653,1172.71209696673,1172.7056681865427,1172.6992754536545,1172.692918709666,1172.6865978963267,1172.6803129555328,1172.6740638293302,1172.6678504599106,1172.6616727896126,1172.6555307609208,1172.6494243164657,1172.6433533990223,1172.6373179515108,1172.631317916995,1172.6253532386818,1172.619423859922,1172.6135297242083,1172.6076707751758,1172.6018469566002,1172.5960582123996,1172.5903044866318,1172.5845857234942,1172.5789018673247,1172.5732528625992,1172.5676386539337,1172.5620591860813,1172.5510042525143,1172.4977954318292
541.65,1179.4824651467438,1179.2625720132949,1179.0492641623628,1178.8423924823678,1178.6418128654104,1178.4473860428084,1178.2589774196392,1178.076456908989,1177.8996987666958,1177.7285814273753,1177.5629873424807,1177.4028028211158,1177.247917874223,1177.0982260627175,1176.953624350013,1176.8140129593364,1176.6792952361163,1176.5493775156524,1176.4241689962178,1176.30358161765,1176.187529945453,1176.0759310603462,1175.9687044532025,1175.8657719252217,1175.7670574931979,1175.6724872996958,1175.5997666692706,1175.5908580520609,1175.5819895279385,1175.5731610279126,1175.564372483181,1175.5556238251288,1175.5469149853277,1175.5382458955362,1175.529616487698,1175.5210266939398,1175.512476446576,1175.5039656781005,1175.495494321191,1175.4870623087081,1175.478669573691,1175.4703160493614,1175.4620016691201,1175.4537263665466,1175.4454900753983,1175.437292729612,1175.4291342632998,1175.4210146107496,1175.4129337064267,1175.4048914849702,1175.3968878811938,1175.3889228300834,1175.3809962668,1175.3731081266753,1175.3652583452138,1175.3574468580898,1175.349673601148,1175.3419385104044,1175.3342415220413,1175.3265825724116,1175.3189615980352,1175.3113785355993,1175.3038333219574,1175.2963258941286,1175.2888561892976,1175.281424144814,1175.2740296981913,1175.266672787105,1175.2593533493969,1175.2520713230672,1175.2448266462795,1175.2376192573586,1175.230449094789,1175.2233160972153,1175.2162202034426,1175.2091613524324,1175.2021394833043,1175.1951545353395,1175.1882064479703,1175.18129516079,1175.1744206135438,1175.1675827461368,1175.1607814986237,1175.1540168112172,1175.1472886242811,1175.1405968783342,1175.1339415140462,1175.1273224722386,1175.1207396938855,1175.1141931201107,1175.1076826921887,1175.1012083515443,1175.0947700397496,1175.0883676985277,1175.0820012697488,1175.0756706954298,1175.069375917736,1175.0631168789787,1175.0568935216147,1175.050705788248,1175.0445536216257,1175.038436964641,1175.032355760329,1175.0263099518704,1175.0202994825881,1175.0143242959473,1175.008384335555,1174.996609868653,1174.9398321229562
542.15,1182.0936145851467,1181.8673958482136,1181.6478901010876,1181.4349439350308,1181.2284091123017,1181.0281423979193,1180.83400539021,1180.6458643508242,1180.4635900349906,1180.2870575228135,1180.1161460524045,1179.9507388555974,1179.7907229969246,1179.6359892164483,1179.4864317769707,1179.3419483160276,1179.2024397030157,1179.0678099016877,1178.9379658381874,1178.8128172747215,1178.6922766888988,1178.5762591587006,1178.4646822530262,1178.3574659276712,1178.254532426609,1178.155806188382,1178.0798049963025,1178.0704890305196,1178.0612137574103,1178.0519791064348,1178.0427850072472,1178.0336313896933,1178.0245181838145,1178.0154453198413,1178.0064127281964,1177.997420339493,1177.9884680845344,1177.9795558943117,1177.9706837000042,1177.9618514329788,1177.9530590247903,1177.9443064071777,1177.9355935120655,1177.926920271563,1177.9182866179635,1177.909692483743,1177.9011378015593,1177.892622504253,1177.8841465248447,1177.875709796536,1177.8673122527061,1177.8589538269164,1177.8506344529033,1177.8423540645817,1177.8341125960442,1177.8259099815582,1177.817746155567,1177.8096210526896,1177.8015346077163,1177.7934867556157,1177.7854774315238,1177.7775065707522,1177.7695741087828,1177.7616799812683,1177.7538241240318,1177.746006473066,1177.7382269645325,1177.7304855347606,1177.7227821202484,1177.7151166576596,1177.7074890838257,1177.6998993357424,1177.6923473505717,1177.6848330656405,1177.677356418438,1177.669917346619,1177.6625157879987,1177.655151680556,1177.6478249624297,1177.6405355719219,1177.6332834474929,1177.626068527764,1177.618890751515,1177.6117500576843,1177.6046463853686,1177.5975796738223,1177.590549862456,1177.5835568908371,1177.5766006986878,1177.569681225886,1177.5627984124656,1177.5559521986117,1177.5491425246653,1177.5423693311195,1177.5356325586185,1177.5289321479609,1177.5222680400948,1177.5156401761194,1177.5090484972834,1177.502492944987,1177.4959734607773,1177.4894899863527,1177.4830424635566,1177.4766308343821,1177.4702550409684,1177.4639150256023,1177.4576107307148,1177.4451090728319,1177.3847246317262
542.65,1184.7098337149844,1184.4771890081595,1184.2513883877184,1184.0322740034387,1183.819693348738,1183.6134990885903,1183.4135488860443,1183.2197052279625,1183.0318352507484,1182.8498105668723,1182.6735070930058,1182.5028048805614,1182.337587949347,1182.1777441249876,1182.023164880674,1181.8737451836953,1181.729383347142,1181.5899808870508,1181.455442385202,1181.3256753576889,1181.2005901293107,1181.0800997137815,1180.964119699698,1180.8525681421518,1180.7453654598444,1180.642434337529,1180.5631143969251,1180.5533863631981,1180.5436996335814,1180.5340541359408,1180.5244497983429,1180.514886549053,1180.505364316535,1180.4958830294518,1180.486442616662,1180.4770430072217,1180.4676841303808,1180.4583659155862,1180.449088292477,1180.4398511908862,1180.4306545408383,1180.4214982725514,1180.4123823164325,1180.4033066030797,1180.3942710632805,1180.3852756280107,1180.3763202284345,1180.3674047959028,1180.3585292619534,1180.3496935583096,1180.3408976168794,1180.3321413697554,1180.3234247492137,1180.3147476877143,1180.3061101178969,1180.2975119725847,1180.2889531847811,1180.28043368767,1180.2719534146129,1180.2635122991526,1180.255110275007,1180.2467472760745,1180.2384232364268,1180.2301380903143,1180.2218917721611,1180.2136842165664,1180.2055153583035,1180.1973851323187,1180.1892934737307,1180.1812403178312,1180.1732256000819,1180.1652492561163,1180.157311221737,1180.1494114329173,1180.141549825798,1180.1337263366884,1180.1259409020665,1180.1181934585743,1180.1104839430234,1180.1028122923894,1180.0951784438128,1180.0875823345991,1180.0800239022167,1180.072503084299,1180.0650198186397,1180.0575740431966,1180.0501656960876,1180.0427947155922,1180.0354610401491,1180.0281646083583,1180.0209053589772,1180.0136832309229,1180.0064981632693,1179.9993500952487,1179.9922389662493,1179.985164715817,1179.978127283651,1179.9711266096076,1179.9641626336966,1179.9572352960813,1179.9503445370806,1179.9434902971639,1179.9366725169532,1179.929891137224,1179.923146098901,1179.9164373430608,1179.9097648109296,1179.8965281834476,1179.8324986836994
543.15,1187.3311932823383,1187.0920197896319,1186.8598249804152,1186.6344464135627,1186.4157271697534,1186.2035156754412,1185.997665525286,1185.7980353035753,1185.6044884053845,1185.4168928582828,1185.2351211454109,1185.0590500307617,1184.8885603874216,1184.723537029465,1184.563868548106,1184.4094471526244,1184.2601685164807,1184.1159316289404,1183.9766386524552,1183.8421947859404,1183.7125081340398,1183.58748958238,1183.467052678776,1183.3511135202903,1183.2395906460047,1183.132404935335,1183.0497273904944,1183.0395824872455,1183.029479511697,1183.019418390077,1183.009399048818,1182.9994214145604,1182.9894854141469,1182.979590974627,1182.969738023251,1182.9599264874741,1182.9501562949506,1182.9404273735374,1182.9307396512909,1182.9210930564664,1182.9114875175176,1182.9019229630967,1182.892399322051,1182.8829165234263,1182.8734744964615,1182.8640731705905,1182.854712475442,1182.8453923408358,1182.8361126967864,1182.826873473497,1182.8176746013633,1182.8085160109704,1182.799397633093,1182.7903193986922,1182.7812812389209,1182.7722830851144,1182.763324868798,1182.7544065216803,1182.7455279756548,1182.7366891628008,1182.727890015379,1182.7191304658338,1182.7104104467912,1182.7017298910582,1182.6930887316246,1182.684486901656,1182.6759243345007,1182.6674009636831,1182.6589167229083,1182.650471546056,1182.6420653671828,1182.633698120521,1182.62536974048,1182.617080161641,1182.6088293187602,1182.6006171467673,1182.592443580763,1182.584308556023,1182.5762120079896,1182.5681538722797,1182.5601340846788,1182.5521525811405,1182.544209297789,1182.5363041709134,1182.5284371369746,1182.5206081325975,1182.512817094573,1182.5050639598585,1182.4973486655754,1182.4896711490107,1182.482031347614,1182.4744291989994,1182.466864640941,1182.4593376113767,1182.451848048406,1182.4443958902884,1182.436981075443,1182.4296035424493,1182.4222632300462,1182.4149600771293,1182.407694022753,1182.4004650061302,1182.393272966628,1182.3861178437721,1182.3789995772415,1182.3719181068716,1182.3648733726523,1182.3508938733912,1182.283180346325
543.65,1189.9577656329361,1189.7119580107233,1189.4732672849514,1189.2415262688774,1189.016573481453,1188.7982529672363,1188.5864141146437,1188.3809114730122,1188.1816045691485,1187.9883577241624,1187.8010398714343,1187.6195243765605,1187.4436888600865,1187.2734150237588,1187.1085884809543,1186.9490985918474,1186.7948383037767,1186.6457039971783,1186.501595337365,1186.3624151323245,1186.2280691966655,1186.0984662217202,1185.9735176518006,1185.8531375665082,1185.737242568976,1185.6257516798817,1185.5396769902818,1185.529110331773,1185.5185862370247,1185.50810463058,1185.4976654371912,1185.4872685818252,1185.47691398966,1185.4666015860842,1185.456331296695,1185.4461030472992,1185.4359167639127,1185.4257723727558,1185.415669800258,1185.4056089730516,1185.3955898179763,1185.385612262073,1185.3756762325877,1185.3657816569664,1185.355928462858,1185.3461165781125,1185.336345930778,1185.326616449102,1185.3169280615311,1185.3072806967084,1185.2976742834728,1185.2881087508615,1185.2785840281047,1185.2691000446266,1185.2596567300468,1185.2502540141757,1185.2408918270166,1185.2315700987642,1185.2222887598032,1185.2130477407072,1185.2038469722418,1185.1946863853564,1185.1855659111916,1185.1764854810729,1185.1674450265125,1185.158444479208,1185.1494837710409,1185.1405628340776,1185.1316816005676,1185.1228400029408,1185.1140379738124,1185.1052754459756,1185.096552352405,1185.0878686262563,1185.0792242008622,1185.0706190097344,1185.0620529865625,1185.0535260652127,1185.0450381797286,1185.0365892643276,1185.0281792534036,1185.0198080815237,1185.01147568343,1185.0031819940355,1184.9949269484275,1184.9867104818638,1184.9785325297748,1184.9703930277597,1184.962291911587,1184.9542291171972,1184.946204580696,1184.9382182383583,1184.9302700266278,1184.9223598821127,1184.9144877415877,1184.9066535419931,1184.8988572204353,1184.8910987141821,1184.8833779606675,1184.875694897487,1184.868049462399,1184.860441593324,1184.852871228343,1184.8453383056985,1184.837842763792,1184.830384541185,1184.8229635765979,1184.8082331771573,1184.7367960357146
544.15,1192.5896247621743,1192.3370750582405,1192.0917841991088,1191.85358009218,1191.6222965404133,1191.3977730579995,1191.1798546843488,1190.9683917967225,1190.7632399221206,1190.5642595491984,1190.3713159410604,1190.1842789498044,1190.0030228336504,1189.827426077442,1189.6573712172265,1189.4927446695144,1189.3334365657383,1189.1793405923208,1189.0303538366627,1188.8863766392824,1188.7473124522317,1188.61306770386,1188.483551669914,1188.358676350905,1188.2383563556325,1188.1225087906964,1188.0329967145506,1188.0220033288742,1188.0110531558153,1188.000146118179,1187.9892821389926,1187.9784611415016,1187.9676830491687,1187.9569477856758,1187.9462552749185,1187.9356054410107,1187.924998208279,1187.914433501264,1187.9039112447201,1187.893431363612,1187.8829937831176,1187.8725984286223,1187.862245225723,1187.851934100225,1187.841664978139,1187.8314377856864,1187.821252449291,1187.8111088955834,1187.8010070513994,1187.7909468437758,1187.7809281999548,1187.7709510473783,1187.7610153136902,1187.7511209267357,1187.7412678145583,1187.7314559053991,1187.7216851277,1187.7119554100975,1187.7022666814248,1187.6926188707125,1187.6830119071833,1187.6734457202563,1187.6639202395415,1187.6544353948445,1187.6449911161592,1187.6355873336722,1187.6262239777614,1187.6169009789908,1187.607618268118,1187.5983757760837,1187.5891734340191,1187.5800111732415,1187.570888925253,1187.5618066217405,1187.5527641945775,1187.5437615758192,1187.5347986977042,1187.5258754926533,1187.5169918932704,1187.5081478323382,1187.499343242821,1187.4905780578608,1187.4818522107812,1187.4731656350814,1187.4645182644397,1187.45591003271,1187.4473408739234,1187.4388107222853,1187.4303195121774,1187.4218671781553,1187.4134536549454,1187.4050788774505,1187.3967427807438,1187.38844530007,1187.380186370846,1187.3719659286562,1187.3637839092587,1187.3556402485767,1187.3475348827044,1187.3394677479016,1187.3314387805979,1187.3234479173866,1187.3154950950284,1187.3075802504497,1187.2997033207407,1187.2918642431553,1187.2840629551122,1187.2685734981385,1187.19337252359
544.65,1195.2268463670127,1194.9674439365645,1194.715446158696,1194.4706758689476,1194.2329619945124,1194.0021393654686,1193.7780485243668,1193.5605355343466,1193.3494517863078,1193.144653805859,1192.9460030608798,1192.753365770589,1192.5666127169877,1192.3856190595031,1192.2102641535896,1192.0404313739373,1191.8760079428664,1191.7168847643488,1191.5629562640265,1191.4141202354872,1191.2702776929605,1191.1313327305322,1190.9971923878877,1190.8677665225334,1190.7429676883967,1190.6227110206496,1190.5297205979507,1190.5182954249606,1190.5069141265742,1190.4955766238113,1190.4842828379221,1190.4730326903805,1190.4618261028866,1190.4506629973635,1190.4395432959598,1190.4284669210438,1190.417433795208,1190.4064438412631,1190.3954969822398,1190.3845931413885,1190.3737322421769,1190.3629142082887,1190.3521389636248,1190.341406432301,1190.330716538647,1190.3200692072053,1190.3094643627323,1190.2989019301947,1190.2883818347705,1190.2779040018477,1190.2674683570237,1190.2570748261035,1190.2467233350992,1190.2364138102294,1190.2261461779196,1190.215920364799,1190.2057362977018,1190.195593903664,1190.185493109926,1190.1754338439273,1190.1654160333107,1190.155439605917,1190.1455044897873,1190.1356106131616,1190.1257579044754,1190.1159462923638,1190.1061757056557,1190.0964460733753,1190.0867573247447,1190.0771093891753,1190.0675021962738,1190.0579356758394,1190.0484097578612,1190.0389243725208,1190.029479450189,1190.0200749214255,1190.0107107169786,1190.0013867677847,1189.9921030049682,1189.9828593598377,1189.9736557638887,1189.9644921488025,1189.9553684464424,1189.9462845888568,1189.9372405082765,1189.9282361371136,1189.9192714079636,1189.9103462535993,1189.9014606069777,1189.892614401232,1189.8838075696756,1189.875040045798,1189.8663117632684,1189.8576226559317,1189.8489726578068,1189.8403617030906,1189.8317897261545,1189.8232566615425,1189.8147624439719,1189.806307008333,1189.7978902896891,1189.7895122232742,1189.7811727444926,1189.7728717889186,1189.7646092922967,1189.7563851905406,1189.748199419731,1189.7319426161148,1189.6529369444106
545.15,1197.8695078998458,1197.603139318354,1197.3443251852848,1197.0928830922767,1196.848636925255,1196.6114166709501,1196.3810582219166,1196.1574031800333,1195.9402986588852,1195.7295970856806,1195.525156003529,1195.3268378749647,1195.134509887616,1194.9480437628913,1194.7673155684759,1194.5922055353496,1194.4225978799525,1194.2583806319894,1194.09944546829,1193.9456875530198,1193.7970053844592,1193.6533006484528,1193.5144780785915,1193.3804453230732,1193.25111281818,1193.126393668206,1193.0298832032536,1193.018021092429,1193.0062035316714,1192.994430440165,1192.9827017373282,1192.971017342814,1192.9593771765067,1192.9477811585234,1192.9362292092098,1192.9247212491425,1192.9132571991263,1192.9018369801927,1192.890460513602,1192.879127720838,1192.8678385236099,1192.8565928438509,1192.8453906037169,1192.8342317255865,1192.823116132057,1192.81204374595,1192.8010144903021,1192.7900282883702,1192.7790850636284,1192.7681847397673,1192.7573272406944,1192.7465124905286,1192.7357404136058,1192.7250109344739,1192.714323977893,1192.7036794688338,1192.6930773324789,1192.6825174942185,1192.6719998796548,1192.6615244145923,1192.6510910250493,1192.640699637245,1192.6303501776063,1192.6200425727645,1192.6097767495542,1192.5995526350139,1192.5893701563823,1192.5792292411013,1192.5691298168122,1192.5590718113565,1192.5490551527748,1192.539079769305,1192.5291455893835,1192.5192525416421,1192.5094005549092,1192.4995895582078,1192.4898194807556,1192.480090251963,1192.4704018014338,1192.460754058964,1192.45114695454,1192.4415804183395,1192.4320543807294,1192.422568772266,1192.4131235236932,1192.4037185659438,1192.394353830136,1192.385029247574,1192.3757447497499,1192.3665002683372,1192.357295735195,1192.3481310823659,1192.3390062420747,1192.3299211467277,1192.3208757289133,1192.311869921399,1192.3029036571336,1192.293976869244,1192.2850894910355,1192.2762414559925,1192.2674326977747,1192.2586631502197,1192.2499327473392,1192.2412414233227,1192.2325891125313,1192.223975749501,1192.2154012689425,1192.1983686949354,1192.1155168026876
545.65,1200.5176886244321,1200.244237597149,1199.9784949357133,1199.720272809488,1199.4693898916407,1199.2256711606103,1198.9889477003394,1198.7590564990267,1198.5358402466215,1198.3191471316557,1198.1088306381657,1197.9047493436074,1197.706766718669,1197.5147509298972,1197.328574645971,1197.1481148483906,1196.9732526472512,1196.8038731026586,1196.6398650522399,1196.4811209450957,1196.3275366824462,1196.1790114651099,1196.0354476479006,1195.8967506009258,1195.7628285777114,1195.6335925900344,1195.5335196334208,1195.521215341669,1195.5089562892822,1195.4967423935548,1195.4845735720228,1195.472449742462,1195.46037082289,1195.448336731562,1195.4363473869719,1195.424402707849,1195.412502613162,1195.4006470221093,1195.3888358541292,1195.3770690288868,1195.3653464662846,1195.3536680864527,1195.3420338097528,1195.3304435567748,1195.318897248337,1195.307394805485,1195.2959361494907,1195.284521201851,1195.2731498842872,1195.2618221187438,1195.2505378273886,1195.2392969326104,1195.2280993570178,1195.2169450234405,1195.2058338549273,1195.194765774743,1195.1837407063708,1195.1727585735102,1195.1618193000763,1195.1509228101968,1195.1400690282148,1195.1292578786852,1195.1184892863741,1195.10776317626,1195.0970794735308,1195.0864381035838,1195.0758389920236,1195.0652820646635,1195.0547672475238,1195.0442944668291,1195.033863649011,1195.0234747207041,1195.0131276087466,1195.0028222401795,1194.9925585422457,1194.9823364423887,1194.9721558682527,1194.9620167476808,1194.9519190087158,1194.9418625795959,1194.9318473887597,1194.9218733648395,1194.911940436664,1194.9020485332578,1194.8921975838366,1194.882387517812,1194.8726182647874,1194.8628897545573,1194.8532019171075,1194.8435546826142,1194.833947981443,1194.8243817441485,1194.8148559014728,1194.8053703843452,1194.7959251238833,1194.7865200513884,1194.7771550983482,1194.7678301964343,1194.7585452775015,1194.74930027359,1194.7400951169202,1194.7309297398947,1194.7218040750963,1194.7127180552905,1194.703671613419,1194.6946646826054,1194.6856971961504,1194.6678802904048,1194.5811399804873
546.15,1203.1714696739882,1202.8908169419863,1202.6180307534596,1202.3529176704642,1202.0952909756593,1201.8449704682955,1201.601782259396,1201.3655585655752,1201.136137501549,1200.9133628717896,1200.697083962032,1200.4871553315068,1200.283436606821,1200.0857922784203,1199.8940915005285,1199.708207895364,1199.528019362374,1199.3534078930766,1199.1842593920392,1199.0204635043694,1198.8619134500118,1198.7085058650453,1198.5601406500762,1198.4167208257402,1198.2781523952683,1198.1443442140014,1198.0406655440404,1198.0279137334264,1198.015207865683,1198.0025478561568,1197.989933620445,1197.977365074393,1197.9648421340944,1197.9523647158903,1197.939932736366,1197.9275461123518,1197.9152047609232,1197.9029085993952,1197.890657545328,1197.878451516519,1197.8662904310072,1197.8541742070693,1197.8421027632191,1197.8300760182083,1197.8180938910216,1197.8061563008807,1197.7942631672393,1197.782414409784,1197.7706099484328,1197.7588497033341,1197.7471335948676,1197.735461543638,1197.7238334704814,1197.7122492964581,1197.700708942856,1197.689212331187,1197.6777593831869,1197.6663500208142,1197.6549841662502,1197.6436617418967,1197.632382670376,1197.6211468745307,1197.60995427742,1197.598804802322,1197.5876983727312,1197.5766349123578,1197.565614345126,1197.5546365951757,1197.5437015868592,1197.532809244741,1197.521959493597,1197.5111522584132,1197.5003874643862,1197.4896650369224,1197.478984901633,1197.4683469843396,1197.457751211069,1197.4471975080535,1197.4366858017295,1197.4262160187386,1197.4157880859254,1197.4054019303358,1197.3950574792175,1197.3847546600189,1197.374493400389,1197.3642736281754,1197.3540952714245,1197.343958258379,1197.3338625174795,1197.3238079773619,1197.3137945668584,1197.303822214995,1197.2938908509905,1197.2840004042584,1197.2741508044026,1197.264341981221,1197.2545738646995,1197.2448463850155,1197.2351594725349,1197.225513057813,1197.2159070715925,1197.2063414448023,1197.1968161085592,1197.1873309941648,1197.1778860331053,1197.1684811570515,1197.1591162978584,1197.1405063583843,1197.0498347451394
546.65,1205.830934111552,1205.5429573541012,1205.263009721948,1204.9908919777895,1204.7264118294574,1204.4693837199104,1204.2196286170135,1203.976973802212,1203.7412526579083,1203.5123044538468,1203.28997413313,1203.0741120986954,1202.864574001183,1202.6612205291447,1202.4639172025252,1202.2725341702821,1202.086946012914,1201.9070315505674,1201.7326736572845,1201.563759081829,1201.4001782754283,1201.2418252266605,1201.0885973036159,1200.940395103384,1200.7971223088252,1200.6586855525468,1200.55135715612,1200.538152391533,1200.524994287909,1200.5118827585911,1200.498817717179,1200.4857990775306,1200.4728267537594,1200.4599006602336,1200.447020711575,1200.4341868226586,1200.4213989086106,1200.4086568848077,1200.3959606668768,1200.3833101706916,1200.3707053123742,1200.3581460082933,1200.3456321750605,1200.3331637295357,1200.3207405888174,1200.3083626702487,1200.2960298914131,1200.283742170135,1200.2714994244757,1200.2593015727364,1200.2471485334543,1200.2350402254037,1200.2229765675922,1200.2109574792626,1200.19898287989,1200.1870526891823,1200.1751668270786,1200.1633252137467,1200.1515277695846,1200.139774415219,1200.1280650715025,1200.1163996595146,1200.1047781005607,1200.0932003161702,1200.081666228095,1200.0701757583117,1200.058728829017,1200.047325362628,1200.0359652817838,1200.0246485093396,1200.0133749683714,1200.0021445821694,1199.990957274243,1199.9798129683152,1199.968711588325,1199.957653058423,1199.9466373029736,1199.9356642465539,1199.9247338139505,1199.9138459301619,1199.9030005203952,1199.8921975100648,1199.8814368247952,1199.8707183904153,1199.860042132963,1199.8494079786783,1199.8388158540074,1199.8282656856002,1199.8177574003078,1199.8072909251857,1199.7968661874877,1199.7864831146705,1199.776141634389,1199.7658416744973,1199.7555831630477,1199.74536602829,1199.7351901986692,1199.7250556028275,1199.7149621696012,1199.7049098280206,1199.6948985073107,1199.6849281368875,1199.6749986463606,1199.6651099655294,1199.6552620243851,1199.6454547531057,1199.635688082063,1199.6162762631018,1199.5216297571383
547.15,1208.4961669927277,1208.2007407258268,1207.913510719891,1207.6342717387763,1207.3628257242704,1207.0989815794396,1206.8425549525807,1206.5933680204723,1206.3512492704408,1206.1160332813574,1205.8875605040746,1205.6656770420705,1205.4502344332225,1205.2410894336658,1205.0381038047128,1204.841144103736,1204.650081479843,1204.4647914750735,1204.2851538317254,1204.1110523063146,1203.9423744905428,1203.7790116395488,1203.6208585076113,1203.4678131913813,1203.3197769806336,1203.1766542164637,1203.0656312692684,1203.0519680160091,1203.0383521567899,1203.0247836028877,1203.011262265847,1202.9977880574777,1202.9843608898536,1202.9709806753135,1202.957647326455,1202.9443607561407,1202.9311208774902,1202.917927603883,1202.9047808489572,1202.8916805266051,1202.878626550975,1202.8656188364712,1202.8526572977496,1202.8397418497193,1202.8268724075383,1202.814048886618,1202.801271202615,1202.7885392714365,1202.7758530092344,1202.7632123324086,1202.750617157601,1202.7380674016986,1202.7255629818321,1202.713103815371,1202.7006898199274,1202.6883209133514,1202.6759970137332,1202.6637180394,1202.6514839089143,1202.6392945410755,1202.6271498549165,1202.615049769705,1202.6029942049395,1202.5909830803516,1202.5790163159027,1202.5670938317833,1202.5552155484147,1202.543381386443,1202.531591266744,1202.5198451104168,1202.5081428387875,1202.496484373404,1202.4848696360402,1202.4732985486899,1202.4617710335674,1202.4502870131103,1202.4388464099734,1202.4274491470305,1202.416095147373,1202.4047843343094,1202.393516631365,1202.3822919622767,1202.3711102509997,1202.3599714217,1202.3488753987558,1202.3378221067587,1202.3268114705097,1202.3158434150196,1202.3049178655087,1202.294034747405,1202.2831939863443,1202.272395508169,1202.261639238926,1202.2509251048689,1202.240253032454,1202.229622948341,1202.2190347793933,1202.2084884526744,1202.197983895449,1202.187521035183,1202.1770997995395,1202.1667201163816,1202.1563819137707,1202.1460851199633,1202.135829663414,1202.125615472771,1202.1154424768783,1202.0952197856875,1201.99655407826
547.65,1211.1672554309457,1210.8642509018048,1210.5696144787605,1210.2831347194701,1210.0046076011893,1209.7338362966839,1209.4706309518303,1209.2148084630949,1208.9661922540672,1208.7246120509199,1208.4899036571594,1208.2619087283572,1208.040474547739,1207.8254538036076,1207.6167043695852,1207.4140890886295,1207.2174755617089,1207.0267359419158,1206.841746734686,1206.6623886046812,1206.488546189766,1206.320107922396,1206.1569658586232,1205.9990155148382,1205.846155712257,1205.6982884291065,1205.583525275275,1205.5693978965712,1205.5553186603759,1205.5412874758385,1205.5273042523854,1205.513368899718,1205.499481327809,1205.485641446905,1205.4718491675228,1205.4581044004485,1205.4444070567372,1205.4307570477115,1205.4171542849597,1205.403598680336,1205.3900901459556,1205.3766285942008,1205.363213937712,1205.3498460893911,1205.3365249623998,1205.3232504701564,1205.3100225263383,1205.2968410448773,1205.2837059399603,1205.270617126029,1205.2575745177753,1205.2445780301457,1205.2316275783337,1205.218723077786,1205.2058644441952,1205.1930515935005,1205.1802844418894,1205.1675629057934,1205.154886901888,1205.1422563470924,1205.129671158567,1205.1171312537144,1205.104636550175,1205.0921869658318,1205.0797824188016,1205.0674228274415,1205.0551081103424,1205.0428381863312,1205.0306129744692,1205.0184323940493,1205.006296364598,1204.994204805872,1204.9821576378572,1204.9701547807715,1204.9581961550582,1204.946281681389,1204.9344112806618,1204.922584874001,1204.9108023827532,1204.8990637284899,1204.8873688330052,1204.8757176183149,1204.8641100066557,1204.8525459204836,1204.8410252824744,1204.829548015521,1204.8181140427353,1204.806723287443,1204.7953756731872,1204.7840711237252,1204.7728095630284,1204.7615909152798,1204.7504151048752,1204.7392820564219,1204.728191694737,1204.7171439448477,1204.7061387319884,1204.6951759816034,1204.6842556193424,1204.673377571061,1204.6625417628222,1204.6517481208914,1204.6409965717385,1204.6302870420363,1204.6196194586603,1204.6089937486865,1204.598409839392,1204.5773671329441,1204.4746371798974
548.15,1213.844288665372,1213.5335737426105,1213.2314036424848,1212.9375605007099,1212.6518341238352,1212.3740217567704,1212.1039278533833,1211.8413638477796,1211.5861479250195,1211.3381047908588,1211.0970654406865,1210.8628669282443,1210.6353521349467,1210.4143695407683,1210.1997729977054,1209.9914215067972,1209.789178999657,1209.5929141253257,1209.4025000431984,1209.217814222627,1209.0387382496835,1208.8651576414495,1208.696961668091,1208.5340431828586,1208.3762984600655,1208.2236270410158,1208.1050771720932,1208.0904799265347,1208.075931587767,1208.0614320627474,1208.0469812587207,1208.032579083215,1208.0182254440394,1208.003920249286,1207.9896634073245,1207.9754548268065,1207.961294416658,1207.947182086083,1207.9331177445597,1207.9191013018415,1207.9051326679523,1207.8912117531888,1207.8773384681178,1207.8635127235752,1207.849734430664,1207.8360035007545,1207.8223198454825,1207.808683376747,1207.7950940067124,1207.781551647803,1207.7680562127061,1207.754607614366,1207.7412057659885,1207.727850581035,1207.714541973224,1207.7012798565293,1207.6880641451794,1207.674894753654,1207.661771596688,1207.648694589264,1207.6356636466169,1207.6226786842285,1207.6097396178302,1207.5968463633983,1207.5839988371554,1207.5711969555698,1207.5584406353516,1207.5457297934545,1207.5330643470727,1207.5204442136421,1207.507869310838,1207.4953395565728,1207.4828548689973,1207.4704151664982,1207.4580203676996,1207.4456703914564,1207.4333651568602,1207.4211045832346,1207.4088885901333,1207.3967170973422,1207.3845900248748,1207.3725072929758,1207.3604688221162,1207.348474532994,1207.3365243465323,1207.324618183881,1207.3127559664122,1207.3009376157218,1207.289163053628,1207.2774322021705,1207.2657449836083,1207.2541013204216,1207.2425011353068,1207.2309443511801,1207.219430891174,1207.2079606786356,1207.1965336371288,1207.1851496904317,1207.1738087625345,1207.16251077764,1207.1512556601626,1207.1400433347299,1207.1288737261762,1207.1177467595458,1207.1066623600923,1207.0956204532758,1207.0846209647634,1207.0627489463468,1206.9559089516124
548.65,1216.5273581316046,1216.2087971909286,1215.898962829487,1215.597630536348,1215.3045837330385,1215.019613531526,1214.742518497027,1214.4731044125567,1214.2111840434768,1213.9565769012893,1213.7091090066083,1213.4686126517513,1213.2349261636937,1213.0078936683246,1212.7873648570223,1212.5731947565569,1212.365243503322,1212.1633761227754,1211.9674623148787,1211.7773762462139,1211.5929963493065,1211.41420512959,1211.2408889802998,1211.0729380054825,1210.9102458512134,1210.7527095450105,1210.6303255782495,1210.6152526171418,1210.6002293433571,1210.5852556615964,1210.5703314768543,1210.5554566944197,1210.5406312198718,1210.5258549590826,1210.5111278182123,1210.4964497037097,1210.481820522309,1210.467240181032,1210.4527085871832,1210.4382256483511,1210.4237912724052,1210.4094053674955,1210.3950678420517,1210.3807786047819,1210.3665375646685,1210.3523446309725,1210.3381997132285,1210.3241027212423,1210.3100535650935,1210.2960521551317,1210.2820984019766,1210.2681922165148,1210.2543335099022,1210.2405221935599,1210.2267581791716,1210.2130413786876,1210.19937170432,1210.1857490685413,1210.172173384086,1210.1586445639452,1210.1451625213704,1210.1317271698688,1210.1183384232038,1210.104996195393,1210.0917004007079,1210.0784509536727,1210.0652477690628,1210.0520907619034,1210.0389798474703,1210.025914941286,1210.012895959121,1209.999922816991,1209.9869954311598,1209.9741137181309,1209.9612775946528,1209.9484869777166,1209.9357417845526,1209.9230419326332,1209.910387339668,1209.8977779236052,1209.8852136026298,1209.8726942951625,1209.8602199198585,1209.8477903956086,1209.8354056415349,1209.8230655769921,1209.8107701215658,1209.7985191950731,1209.7863127175567,1209.7741506092923,1209.762032790778,1209.7499591827423,1209.737929706136,1209.7259442821364,1209.7140028321433,1209.7021052777793,1209.6902515408894,1209.6784415435386,1209.666675208012,1209.6549524568134,1209.6432732126664,1209.631637398509,1209.6200449374985,1209.608495753006,1209.5969897686175,1209.5855269081328,1209.5741070955648,1209.5513963112917,1209.4403997099207
549.15,1219.2165575353333,1218.8900113404218,1218.5723786971844,1218.263428213741,1217.9629367036139,1217.6706889327947,1217.3864773738014,1217.1101019628431,1216.8413698577751,1216.5800951956523,1216.3260988495476,1216.0792081848751,1215.8392568158813,1215.6060843631606,1215.3795362132348,1215.1594632812187,1214.9457217776119,1214.7381729801534,1214.5366830115945,1214.3411226241174,1214.1513669910048,1213.9672955060319,1213.7887915909328,1213.615742511169,1213.448039200121,1213.2855760917305,1213.1593097476982,1213.1437551123308,1213.1282509615228,1213.1127971976468,1213.09739372338,1213.0820404417022,1213.066737255896,1213.051484069545,1213.0362807865306,1213.0211273110326,1213.0060235475287,1212.9909694007895,1212.975964775881,1212.9610095781616,1212.94610371328,1212.931247087175,1212.9164396060748,1212.901681176495,1212.8869717052357,1212.8723110993835,1212.857699266307,1212.8431361136581,1212.8286215493695,1212.8141554816539,1212.799737819001,1212.7853684701786,1212.7710473442316,1212.7567743504783,1212.7425493985102,1212.7283723981932,1212.714243259663,1212.7001618933248,1212.686128209854,1212.6721421201926,1212.6582035355495,1212.6443123673985,1212.6304685274783,1212.61667192779,1212.602922480596,1212.5892200984208,1212.575564694048,1212.5619561805179,1212.5483944711323,1212.5348794794436,1212.5214111192652,1212.5079893046595,1212.4946139499455,1212.4812849696918,1212.4680022787188,1212.4547657920957,1212.4415754251424,1212.4284310934247,1212.4153327127551,1212.4022801991916,1212.3892734690369,1212.3763124388365,1212.363397025381,1212.3505271456977,1212.337702717058,1212.3249236569718,1212.3121898831866,1212.2995013136867,1212.286857866695,1212.2742594606689,1212.2617060142984,1212.249197446509,1212.2367336764573,1212.2243146235328,1212.2119402073547,1212.199610347771,1212.1873249648606,1212.1750839789277,1212.162887310504,1212.1507348803475,1212.1386266094414,1212.1265624189914,1212.1145422304282,1212.1025659654022,1212.090633545788,1212.078744893678,1212.0668999313862,1212.0433407665987,1211.9281402073163
549.65,1221.9119829291385,1221.5773085074286,1221.2517400090746,1220.935038916607,1220.6269752033243,1220.3273270677867,1220.0358806779702,1219.752429920258,1219.4767761502592,1219.2087279437774,1218.9481008472328,1218.6947171275663,1218.4484055221253,1218.209000989347,1217.9763444612238,1217.7502825986098,1217.5306675504337,1217.3173567178028,1217.1102125239247,1216.9091021906243,1216.7138975221314,1216.5244746966655,1216.3407140662216,1216.1624999648345,1215.9897205254804,1215.8222675056793,1215.692069585126,1215.6760272039564,1215.6600361217522,1215.6440962384859,1215.6282074544451,1215.6123696702316,1215.5965827867583,1215.5808467052502,1215.5651613272407,1215.5495265545724,1215.5339422893942,1215.518408434158,1215.5029248916233,1215.4874915648493,1215.4721083571974,1215.4567751723278,1215.4414919142005,1215.4262584870705,1215.41107479549,1215.3959407443065,1215.3808562386578,1215.3658211839745,1215.3508354859794,1215.3358990506815,1215.3210117843794,1215.3061735936576,1215.291384385386,1215.2766440667185,1215.2619525450912,1215.247309728223,1215.2327155241105,1215.2181698410322,1215.2036725875425,1215.189223672472,1215.174823004928,1215.1604704942904,1215.1461660502127,1215.1319095826207,1215.1177010017088,1215.103540217942,1215.0894271420534,1215.0753616850423,1215.0613437581746,1215.0473732729804,1215.0334501412526,1215.0195742750475,1215.005745586681,1214.9919639887323,1214.9782293940352,1214.9645417156844,1214.9509008670293,1214.9373067616768,1214.9237593134872,1214.9102584365742,1214.8968040453035,1214.8833960542927,1214.8700343784092,1214.85671893277,1214.8434496327388,1214.8302263939277,1214.8170491321944,1214.8039177636408,1214.7908322046135,1214.7777923717015,1214.7647981817356,1214.7518495517875,1214.7389463991685,1214.7260886414297,1214.713276196358,1214.7005089819786,1214.687786916552,1214.6751099185744,1214.6624779067743,1214.6498908001145,1214.6373485177883,1214.624850979221,1214.612398104068,1214.5999898122134,1214.587626023769,1214.5753066590746,1214.5630316386957,1214.5386143142741,1214.4191616415387
550.15,1224.6137327926,1224.270783305666,1223.9371377045434,1223.6125500903825,1223.296783354138,1222.989608896542,1222.6908063609617,1222.4001633732591,1222.117475284828,1221.8425449165265,1221.5751823024248,1221.3152044330827,1221.062434998697,1220.81670413282,1220.577848157605,1220.3457093316288,1220.120135601379,1219.900980357459,1219.6881021964653,1219.4813646894036,1219.2806361573673,1219.0857894550752,1218.8967017627212,1218.7132543864666,1218.5353325677854,1218.3628253017494,1218.2286456617337,1218.212109347475,1218.1956251642416,1218.1791930095305,1218.1628127811668,1218.1464843772983,1218.1302076963962,1218.1139826372541,1218.0978090989852,1218.0816869810208,1218.0656161831093,1218.0495966053159,1218.033628148018,1218.017710711908,1218.001844197989,1217.9860285075724,1217.97026354228,1217.9545492040406,1217.9388853950868,1217.9232720179577,1217.9077089754949,1217.8921961708404,1217.8767335074374,1217.8613208890279,1217.8459582196506,1217.830645403641,1217.81538234563,1217.8001689505404,1217.7850051235882,1217.7698907702809,1217.7548257964133,1217.7398101080705,1217.7248436116245,1217.7099262137315,1217.6950578213339,1217.680238341655,1217.6654676822022,1217.650745750763,1217.6360724554027,1217.621447704467,1217.6068714065766,1217.5923434706299,1217.5778638057975,1217.563432321525,1217.5490489275292,1217.5347135337986,1217.52042605059,1217.5061863884307,1217.491994458113,1217.4778501706974,1217.4637534375083,1217.4497041701345,1217.435702280427,1217.4217476804988,1217.407840282723,1217.3939799997333,1217.3801667444193,1217.3664004299294,1217.3526809696675,1217.3390082772937,1217.325382266719,1217.3118028521096,1217.2982699478823,1217.2847834687045,1217.2713433294944,1217.257949445417,1217.244601731885,1217.2313001045584,1217.2180444793414,1217.2048347723828,1217.1916709000752,1217.1785527790532,1217.165480326192,1217.1524534586072,1217.1394720936544,1217.1265361489268,1217.1136455422547,1217.100800191705,1217.0880000155796,1217.075244932414,1217.0625348609788,1217.0372494295368,1216.9134956650896
550.65,1227.3219081159696,1226.9705327241063,1226.6286649715585,1226.2960513102034,1225.9724472959026,1225.6576172916268,1225.3513341873675,1225.053379129708,1224.7635412562731,1224.4816174321081,1224.2074119863814,1223.940736448795,1223.6814092858197,1223.429255637321,1223.1841070544588,1222.945801239895,1222.7141817914314,1222.4890979501356,1222.2704043540114,1222.057960798099,1221.8516320018282,1221.6512873842582,1221.4568008477354,1221.2680505703513,1221.084918807444,1220.9072917022866,1220.7690792315097,1220.752042678126,1220.7350591059812,1220.718128410021,1220.7012504855293,1220.6844252281237,1220.667652533758,1220.650932298718,1220.63426441962,1220.6176487934115,1220.601085317366,1220.5845738890844,1220.5681144064927,1220.5517067678416,1220.535350871701,1220.5190466169643,1220.502793902842,1220.4865926288626,1220.470442694872,1220.4543440010286,1220.4382964478066,1220.4222999359883,1220.4063543666718,1220.390459641259,1220.3746156614627,1220.3588223292993,1220.3430795470924,1220.3273872174675,1220.311745243353,1220.2961535279762,1220.2806119748655,1220.265120487847,1220.2496789710428,1220.2342873288706,1220.218945466041,1220.20365328756,1220.1884106987204,1220.1732176051096,1220.1580739125998,1220.1429795273536,1220.1279343558185,1220.112938304726,1220.0979912810926,1220.083093192216,1220.0682439456757,1220.0534434493309,1220.0386916113182,1220.0239883400538,1220.0093335442277,1219.9947271328062,1219.9801690150289,1219.9656591004075,1219.9511972987264,1219.9367835200383,1219.9224176746654,1219.9080996731984,1219.8938294264935,1219.8796068456732,1219.865431842124,1219.8513043274957,1219.837224213699,1219.8231914129076,1219.8092058375528,1219.7952674003254,1219.7813760141746,1219.7675315923038,1219.753734048174,1219.7399832954993,1219.7262792482472,1219.7126218206356,1219.6990109271378,1219.6854464824712,1219.6719284016074,1219.6584565997623,1219.6450309923994,1219.6316514952284,1219.6183180242035,1219.6050304955231,1219.5917888256272,1219.578592931198,1219.5654427291577,1219.5392790711335,1219.411174395016
551.15,1230.0366124875982,1229.6766562082269,1229.3264173223915,1228.9856343516478,1228.654055252542,1228.3314371001534,1228.0175457930973,1227.7121557714102,1227.4150497414619,1227.126018404114,1226.8448601839407,1226.5713809584818,1226.3053937873544,1226.04671864163,1225.795182134256,1225.5506172525265,1225.3128630937133,1225.0817646049795,1224.8571723286398,1224.6389421537597,1224.4269350749498,1224.221016959065,1224.0210583204184,1223.8269341049172,1223.6385234834481,1223.455709654679,1223.3134122480074,1223.2958690276098,1223.2783796573383,1223.2609440295055,1223.2435620367733,1223.2262335721514,1223.2089585289962,1223.1917368010068,1223.1745682822252,1223.1574528670362,1223.140390450161,1223.1233809266612,1223.1064241919337,1223.0895201417095,1223.0726686720545,1223.0558696793644,1223.0391230603655,1223.022428712114,1223.00578653199,1222.9891964177027,1222.9726582672834,1222.956171979085,1222.939737451784,1222.923354584373,1222.9070232761662,1222.890743426792,1222.8745149361948,1222.8583377046323,1222.8422116326753,1222.8261366212041,1222.8101125714106,1222.7941393847912,1222.7782169631519,1222.762345208604,1222.7465240235597,1222.7307533107364,1222.7150329731517,1222.6993629141223,1222.683743037264,1222.6681732464904,1222.652653446008,1222.6371835403204,1222.6217634342222,1222.6063930328014,1222.5910722414355,1222.575800965791,1222.5605791118226,1222.5454065857705,1222.530283294162,1222.5152091438065,1222.5001840417972,1222.4852078955084,1222.4702806125947,1222.455402100989,1222.4405722689035,1222.4257910248245,1222.4110582775163,1222.3963739360156,1222.3817379096315,1222.3671501079475,1222.3526104408143,1222.338118818354,1222.3236751509555,1222.3092793492763,1222.2949313242384,1222.2806309870296,1222.2663782490986,1222.2521730221606,1222.2380152181884,1222.2239047494172,1222.2098415283406,1222.1958254677095,1222.1818564805317,1222.1679344800716,1222.1540593798466,1222.140231093631,1222.126449535447,1222.112714619571,1222.0990262605294,1222.085384373097,1222.0717888722982,1222.044736691929,1221.912230422956
551.65,1232.7579521854093,1232.3892557448496,1232.0304926725757,1231.6813932644006,1231.341697600919,1231.0111552082462,1230.689524745784,1230.3765737107651,1230.0720781524658,1229.7758223913513,1229.4875987402727,1229.207207226196,1228.934455311949,1228.6691576181634,1228.4111356460685,1228.160217502091,1227.916237625342,1227.6790365191503,1227.4484604877457,1227.2243613791497,1227.0065963351863,1226.795027549406,1226.589522033578,1226.3899513932397,1226.196191612673,1226.0081228495221,1225.8616873816588,1225.8436309413005,1225.8256292391638,1225.8076821648458,1225.7897896083034,1225.7719514598562,1225.7541676101785,1225.7364379503028,1225.7187623716156,1225.7011407658583,1225.68357302512,1225.666059041842,1225.648598708813,1225.6311919191683,1225.6138385663862,1225.5965385442903,1225.5792917470455,1225.5620980691551,1225.5449574054621,1225.5278696511455,1225.5108347017201,1225.4938524530332,1225.476922801265,1225.4600456429268,1225.4432208748576,1225.4264483942238,1225.4097280985193,1225.393059885561,1225.3764436534889,1225.3598793007645,1225.3433667261702,1225.3269058288045,1225.3104965080863,1225.2941386637476,1225.2778321958344,1225.2615770047073,1225.2453729910358,1225.229220055801,1225.2131181002912,1225.1970670261026,1225.1810667351363,1225.1651171295978,1225.1492181119968,1225.1333695851413,1225.1175714521416,1225.101823616408,1225.0861259816447,1225.0704784518553,1225.0548809313352,1225.0393333246764,1225.0238355367585,1225.008387472757,1224.992989038133,1224.9776401386384,1224.96234068031,1224.947090569471,1224.9318897127291,1224.9167380169752,1224.9016353893805,1224.8865817373992,1224.8715769687635,1224.8566209914834,1224.8417137138467,1224.8268550444166,1224.8120448920297,1224.7972831657976,1224.7825697751023,1224.7679046295987,1224.7532876392083,1224.7387187141248,1224.7241977648061,1224.7097247019794,1224.6952994366336,1224.6809218800236,1224.6665919436664,1224.6523095393413,1224.6380745790875,1224.6238869752033,1224.6097466402462,1224.5956534870302,1224.5816074286254,1224.5536562498046,1224.4166968254701
552.15,1235.4860362726886,1235.1084359507997,1234.7409914232685,1234.3834244489988,1234.0354669425028,1233.6968606080707,1233.3673566075497,1233.0467152495792,1232.734705691708,1232.431105649567,1232.1357011093853,1231.848286041755,1231.5686621157013,1231.2966384129775,1231.0320311430737,1230.7746633597826,1230.524364680408,1230.2809710087524,1230.0443242630558,1229.8142721099684,1229.590667705563,1229.3733694442342,1229.1622407162056,1228.9571496742137,1228.757969009781,1228.5645757393504,1228.4139480376305,1228.395371695993,1228.3768510004377,1228.3583858377585,1228.339976095122,1228.3216216600697,1228.3033224205124,1228.2850782647292,1228.2668890813668,1228.248754759438,1228.2306751883189,1228.2126502577466,1228.1946798578185,1228.1767638789922,1228.1589022120793,1228.141094748249,1228.1233413790237,1228.1056419962754,1228.0879964922276,1228.0704047594534,1228.0528666908706,1228.035382179743,1228.0179511196784,1228.0005734046258,1227.9832489288747,1227.9659775870539,1227.94875927413,1227.9315938854027,1227.9144813165074,1227.897421463412,1227.8804142224153,1227.8634594901446,1227.8465571635556,1227.829707139931,1227.8129093168777,1227.7961635923261,1227.7794698645273,1227.7628280320541,1227.7462379937979,1227.7296996489672,1227.7132128970868,1227.6967776379952,1227.680393771845,1227.6640611991,1227.647779820533,1227.6315495372276,1227.6153702505737,1227.5992418622668,1227.5831642743076,1227.5671373890004,1227.55116110895,1227.5352353370622,1227.5193599765432,1227.5035349308953,1227.4877601039175,1227.4720353997038,1227.456360722643,1227.4407359774154,1227.425161068993,1227.409635902636,1227.3941603838953,1227.378734418608,1227.363357912898,1227.3480307731718,1227.3327529061219,1227.3175242187212,1227.3023446182242,1227.2872140121658,1227.2721323083579,1227.2570994148903,1227.242115240129,1227.2271796927155,1227.2122926815637,1227.1974541158588,1227.1826639050614,1227.1679219588982,1227.153228187366,1227.1385825007305,1227.1239848095227,1227.109435024538,1227.0949330568385,1227.0660722188518,1226.9246071746484
552.65,1238.2209766985122,1237.8343041656515,1237.458016547254,1237.0918267368368,1236.7354581779866,1236.3886444675622,1236.0511290002544,1235.7226646401741,1235.4030134092213,1235.091946185118,1234.7892424044514,1234.4946897679258,1234.2080839463952,1233.9292282872507,1233.6579335214449,1233.3940174718737,1233.1373047641457,1232.8876265408699,1232.6448201806645,1232.4087290230236,1232.179202100104,1231.9560938763511,1231.7392639967672,1231.528577044436,1231.3239023077952,1231.125113557987,1230.9702383742542,1230.9511353182238,1230.9320888364769,1230.9130988129125,1230.8941651318203,1230.8752876778724,1230.8564663361267,1230.8377009920225,1230.8189915313787,1230.800337840394,1230.7817398056413,1230.7631973140703,1230.744710253002,1230.7262785101295,1230.7079019735147,1230.6895805315876,1230.6713140731433,1230.6531024873411,1230.6349456637035,1230.6168434921124,1230.5987958628107,1230.5808026663947,1230.5628637938194,1230.5449791363944,1230.5271485857775,1230.509372033981,1230.4916493733633,1230.4739804966316,1230.456365296838,1230.4388036673793,1230.4212955019927,1230.4038406947586,1230.386439140095,1230.3690907327584,1230.3517953678402,1230.3345529407663,1230.3173633472961,1230.3002264835206,1230.2831422458594,1230.2661105310603,1230.2491312361994,1230.2322042586766,1230.215329496215,1230.198506846862,1230.1817362089837,1230.1650174812655,1230.148350562713,1230.1317353526438,1230.1151717506948,1230.098659656813,1230.0821989712583,1230.0657895946028,1230.0494314277257,1230.0331243718142,1230.0168683283628,1230.0006631991694,1229.984508886338,1229.968405292271,1229.9523523196754,1229.9363498715543,1229.9203978512116,1229.9044961622467,1229.8886447085547,1229.8728433943245,1229.8570921240373,1229.8413908024672,1229.8257393346773,1229.8101376260202,1229.7945855821356,1229.77908310895,1229.763630112675,1229.7482264998048,1229.7328721771169,1229.7175670516706,1229.7023110308053,1229.6871040221376,1229.6719459335634,1229.6568366732552,1229.6417761496584,1229.6267642714943,1229.6118009477568,1229.5820196008917,1229.435995549026
553.15,1240.9628884031613,1240.5669705488356,1240.1816736788096,1239.8067014736357,1239.4417685850328,1239.0866002029938,1238.7409316733338,1238.4045081488825,1238.0770842621246,1237.7584238107047,1237.4482994500374,1237.1464923893823,1236.8527920893926,1236.5669959602853,1236.2889090606536,1236.0183437974888,1235.7551196283407,1235.4990627667478,1235.2500058921382,1235.0077878653906,1234.772253451174,1234.543253048061,1234.320642427282,1234.104282480811,1233.8940389793374,1233.6897823405145,1233.5306033220445,1233.5109666031733,1233.4913874077229,1233.4718656166067,1233.4524011111396,1233.4329937730354,1233.413643484406,1233.3943501277593,1233.375113585996,1233.3559337424092,1233.3368104806807,1233.3177436848816,1233.298733239468,1233.2797790292814,1233.260880939545,1233.242038855862,1233.2232526642156,1233.204522250965,1233.1858475028453,1233.1672283069634,1233.1486645507996,1233.1301561222026,1233.1117029093896,1233.093304800944,1233.0749616858138,1233.0566734533097,1233.038439993103,1233.0202611952252,1233.002136950064,1232.9840671483641,1232.9660516812241,1232.9480904400955,1232.9301833167801,1232.9123302034297,1232.8945309925425,1232.8767855769631,1232.8590938498808,1232.8414557048277,1232.8238710356773,1232.80633973664,1232.7888617022675,1232.7714368274453,1232.7540650073959,1232.7367461376728,1232.7194801141623,1232.7022668330803,1232.685106190972,1232.6679980847089,1232.6509424114881,1232.633939068831,1232.616987954581,1232.6000889669028,1232.5832420042814,1232.5664469655185,1232.549703749734,1232.5330122563605,1232.5163723851467,1232.4997840361536,1232.4832471097504,1232.466761506619,1232.4503271277467,1232.4339438744298,1232.4176116482681,1232.4013303511654,1232.3850998853284,1232.368920153265,1232.352791057783,1232.3367125019884,1232.3206843892833,1232.3047066233678,1232.2887791082342,1232.2729017481684,1232.2570744477491,1232.241297111845,1232.225569645613,1232.2098919544997,1232.1942639442364,1232.1786855208406,1232.163156590615,1232.1476770601435,1232.132246836292,1232.1015339373164,1231.9508965447947
553.65,1243.7118894289247,1243.3065481814454,1242.9120712077063,1242.5281526065876,1242.154497899323,1241.7908235545397,1241.4368565743816,1241.0923341220548,1240.7570031764049,1240.4306202032353,1240.1129508363188,1239.8037695635046,1239.502859415233,1239.2100116541149,1238.9250254652668,1238.6477076477609,1238.3778723080104,1238.1153405561647,1237.859940206724,1237.6115054845993,1237.3698767377828,1237.134900157708,1236.9064275082178,1236.6843158639244,1236.4684273585794,1236.2586289438966,1236.0950886033322,1236.0749111341797,1236.0547921591397,1236.034731556042,1236.0147292031318,1235.9947849790674,1235.97489876292,1235.9550704341705,1235.9352998727056,1235.9155869588205,1235.8959315732125,1235.876333596981,1235.8567929116257,1235.8373093990438,1235.8178829415283,1235.798513421767,1235.7792007228388,1235.759944728215,1235.740745321752,1235.7216023876963,1235.7025158106767,1235.6834854757049,1235.6645112681751,1235.645593073859,1235.6267307789067,1235.6079242698427,1235.5891734335667,1235.570478157349,1235.5518383288306,1235.5332538360205,1235.5147245672945,1235.4962504113935,1235.4778312574213,1235.4594669948433,1235.441157513484,1235.422902703526,1235.4047024555084,1235.3865566603247,1235.3684652092215,1235.3504279937968,1235.332444905997,1235.3145158381167,1235.2966406827989,1235.278819333028,1235.261051682134,1235.2433376237866,1235.225677051996,1235.2080698611112,1235.190515945816,1235.1730152011319,1235.155567522411,1235.13817280534,1235.1208309459334,1235.1035418405368,1235.0863053858225,1235.069121478787,1235.0519900167537,1235.034910897367,1235.0178840185933,1235.0009092787184,1234.983986576347,1234.9671158104009,1234.950296880116,1234.9335296850436,1234.916814125047,1234.9001501003015,1234.8835375112906,1234.866976258807,1234.8504662439507,1234.8340073681263,1234.817599533043,1234.8012426407138,1234.784936593451,1234.7686812938684,1234.752476644878,1234.7363225496902,1234.7202189118098,1234.7041656350373,1234.6881626234665,1234.6722097814834,1234.6563070137634,1234.6246513212689,1234.469345287334
554.15,1246.4681010367108,1246.0531531730767,1245.6493203776274,1245.2562867754223,1244.8737483991113,1244.501412665005,1244.1389979226049,1243.7862330547023,1243.442857111132,1243.1086189639338,1242.7832769753695,1242.4665986731056,1242.158360429027,1241.858347139774,1241.5663519082837,1241.2821757264287,1241.0056271594326,1240.7365220330496,1240.4746831247137,1240.219939859892,1239.9721280148783,1239.7310894271398,1239.496671714244,1239.2687280022021,1239.047116663922,1238.831701068288,1238.663740752538,1238.643015302887,1238.6223493402356,1238.6017427392283,1238.5811953749403,1238.560707122875,1238.5402778589623,1238.519907459558,1238.4995958014383,1238.4793427618013,1238.4591482182632,1238.4390120488554,1238.4189341320243,1238.3989143466285,1238.378952571937,1238.359048687627,1238.3392025737803,1238.3194141108854,1238.2996831798314,1238.2800096619076,1238.2603934388028,1238.2408343926013,1238.2213324057823,1238.2018873612171,1238.1824991421686,1238.163167632287,1238.1438927156112,1238.1246742765627,1238.1055121999489,1238.086406370958,1238.0673566751545,1238.0483629984844,1238.0294252272688,1238.010543248201,1237.991716948348,1237.9729462151477,1237.9542309364047,1237.935571000292,1237.9169662953486,1237.8984167104743,1237.879922134933,1237.8614824583472,1237.8430975706992,1237.8247673623252,1237.8064917239187,1237.788270546525,1237.770103721542,1237.7519911407162,1237.733932696143,1237.7159282802647,1237.6979777858674,1237.6800811060818,1237.6622381343795,1237.6444487645715,1237.6267128908091,1237.6090304075792,1237.5914012097044,1237.5738251923408,1237.5563022509764,1237.5388322814315,1237.5214151798534,1237.5040508427185,1237.4867391668283,1237.46948004931,1237.4522733876126,1237.4351190795076,1237.4180170230868,1237.4009671167594,1237.383969259253,1237.3670233496102,1237.3501292871883,1237.3332869716578,1237.3164963029994,1237.2997571815051,1237.2830695077744,1237.2664331827154,1237.2498481075404,1237.233314183767,1237.2168313132163,1237.2003993980088,1237.18401834057,1237.1514084101761,1236.99137744307
554.65,1249.2316478289697,1248.8069047741067,1248.3935353893228,1247.9912134076346,1247.5996249934954,1247.2184681618976,1246.8474522853126,1246.486297661904,1246.1347351252073,1245.7925056807883,1245.4593601596187,1245.1350588811642,1244.8193713217088,1244.5120757852953,1244.2129590760878,1243.9218161719295,1243.6384498995587,1243.3626706123916,1243.0942958720068,1242.8331501346001,1242.5790644436697,1242.3318761301198,1242.0914285208703,1241.8575706568934,1241.630157021437,1241.409047279038,1241.2366071371068,1241.2153263300504,1241.19410602574,1241.1729460955294,1241.151846411219,1241.1308068450535,1241.1098272697195,1241.0889075583439,1241.068047584491,1241.0472472221604,1241.0265063457855,1241.0058248302307,1240.9852025507898,1240.9646393831842,1240.9441352035583,1240.9236898884815,1240.9033033149435,1240.8829753603518,1240.8627059025312,1240.8424948197212,1240.822341990573,1240.80224729415,1240.7822106099227,1240.7622318177698,1240.742310797972,1240.722447431215,1240.7026415985845,1240.6828931815644,1240.6632020620357,1240.6435681222733,1240.6239912449469,1240.604471313115,1240.585008210228,1240.5656018201207,1240.5462520270148,1240.5269587155153,1240.507721770607,1240.488541077658,1240.4694165224123,1240.450347990989,1240.4313353698835,1240.4123785459626,1240.3934774064644,1240.374631838995,1240.3558417315292,1240.3371069724064,1240.3184274503292,1240.299803054363,1240.281233673933,1240.262719198823,1240.2442595191742,1240.2258545254808,1240.2075041085934,1240.1892081597127,1240.1709665703897,1240.1527792325235,1240.1346460383604,1240.1165668804922,1240.0985416518533,1240.0805702457212,1240.062652555713,1240.0447884757841,1240.0269779002288,1240.0092207236742,1239.9915168410844,1239.9738661477538,1239.9562685393087,1239.9387239117043,1239.9212321612245,1239.903793184478,1239.8864068784003,1239.8690731402485,1239.8517918676018,1239.8345629583607,1239.8173863107443,1239.8002618232886,1239.783189394846,1239.7661689245833,1239.74920031198,1239.732283456828,1239.7154182592296,1239.681842438641,1239.5170292316732
555.15,1252.002657879456,1251.5679254938345,1251.144833508854,1250.7330448181954,1250.3322353146516,1249.9420932430423,1249.5623186576036,1249.192622953132,1248.832728446781,1248.4823679934548,1248.1412846225676,1247.8092311876553,1247.4859700232405,1247.171272605517,1246.8649192150751,1246.5666986010463,1246.2764076468764,1245.9938510384904,1245.7188409359235,1245.4511966496668,1245.1907443230273,1244.9373166217426,1244.6907524320075,1244.4508965679056,1244.2175994890981,1243.9907170294314,1243.8137359791335,1243.7918922870258,1243.7701101369578,1243.748389396884,1243.7267299352213,1243.7051316208474,1243.683594323098,1243.6621179117653,1243.6407022570945,1243.6193472297825,1243.5980527009758,1243.576818542266,1243.5556446256924,1243.534530823734,1243.5134770093116,1243.492483055784,1243.4715488369454,1243.4506742270248,1243.4298591006823,1243.4091033330076,1243.388406799517,1243.367769376154,1243.3471909392838,1243.3266713656933,1243.3062105325891,1243.2858083175934,1243.2654645987434,1243.2451792544914,1243.2249521636984,1243.2047832056348,1243.1846722599787,1243.1646192068122,1243.1446239266202,1243.1246863002903,1243.104806209106,1243.0849835347515,1243.0652181593023,1243.0455099652304,1243.0258588353968,1243.0062646530532,1242.9867273018385,1242.9672466657764,1242.947822629276,1242.9284550771263,1242.9091438944972,1242.8898889669372,1242.8706901803716,1242.8515474210988,1242.8324605757907,1242.8134295314908,1242.7944541756099,1242.7755343959288,1242.7566700805924,1242.7378611181095,1242.7191073973513,1242.7004088075498,1242.681765238296,1242.6631765795366,1242.6446427215749,1242.6261635550675,1242.6077389710224,1242.589368860799,1242.5710531161046,1242.5527916289936,1242.534584291865,1242.5164309974643,1242.4983316388766,1242.4802861095277,1242.4622943031832,1242.444356113946,1242.4264714362544,1242.4086401648808,1242.390862194931,1242.3731374218414,1242.3554657413774,1242.3378470496343,1242.3202812430325,1242.3027682183167,1242.285307872558,1242.267900103146,1242.2505448077939,1242.2159912317093,1242.0463374385972
555.65,1254.7812628704482,1254.3363412249887,1253.9033351813284,1253.4818963140358,1253.0716898142896,1252.6723937659685,1252.2836985454478,1251.9053063096467,1251.5369305454774,1251.1782956607346,1250.8291366018898,1250.4891984885771,1250.1582362578433,1249.8360143137752,1249.5223061800343,1249.2168941541938,1248.9195689637884,1248.6301294246189,1248.3483821023215,1248.0741409783936,1247.8072271220065,1247.5474683688863,1247.2946990084868,1247.0487594805302,1246.8094960818366,1246.5767606841946,1246.3951763776972,1246.3727621179667,1246.35041046383,1246.3281212797294,1246.3058944305853,1246.2837297817975,1246.261627199238,1246.2395865492542,1246.2176076986618,1246.1956905147458,1246.1738348652552,1246.152040618404,1246.1303076428662,1246.1086358077735,1246.0870249827158,1246.0654750377364,1246.0439858433294,1246.0225572704408,1246.0011891904605,1245.979881475227,1245.95863399702,1245.9374466285597,1245.9163192430049,1245.8952517139514,1245.8742439154291,1245.8532957218997,1245.8324070082533,1245.8115776498114,1245.7908075223177,1245.7700965019399,1245.7494444652698,1245.7288512893151,1245.708316851503,1245.687841029676,1245.667423702088,1245.6470647474064,1245.6267640447056,1245.606521473469,1245.5863369135836,1245.5662102453407,1245.5461413494315,1245.5261301069488,1245.5061763993804,1245.48628010861,1245.4664411169156,1245.4466593069649,1245.4269345618175,1245.4072667649189,1245.3876558001018,1245.3681015515817,1245.348603903956,1245.329162742204,1245.3097779516822,1245.290449418124,1245.2711770276364,1245.2519606667017,1245.2328002221711,1245.2136955812675,1245.1946466315787,1245.17565326106,1245.156715358032,1245.1378328111748,1245.1190055095312,1245.1002333425024,1245.0815161998464,1245.062853971678,1245.0442465484634,1245.025693821024,1245.0071956805302,1244.9887520185002,1244.9703627268016,1244.9520276976457,1244.9337468235894,1244.9155199975296,1244.8973471127072,1244.8792280626992,1244.8611627414225,1244.8431510431271,1244.825192862401,1244.8072880941622,1244.7894366336616,1244.7538932185232,1244.5793394279883
556.15,1257.5675982380926,1257.1122813751235,1256.6691641505456,1256.2378863036777,1255.8181018646187,1255.4094783412909,1255.0116960523487,1254.6244475651295,1254.2474372075678,1253.8803806307508,1253.5230044050022,1253.1750456372656,1252.836251601355,1252.5063793755648,1252.1851954843498,1251.8724755423868,1251.5680039005572,1251.2715732941363,1250.982984494062,1250.7020459624302,1250.4285735135286,1250.1623899817378,1249.9033248975852,1249.6512141730966,1249.4058997974553,1249.1672295437866,1248.980978331953,1248.9579856627643,1248.935056687726,1248.9121912676487,1248.8893892638412,1248.866650538105,1248.8439749527354,1248.8213623705199,1248.7988126547286,1248.776325669122,1248.7539012779387,1248.7315393459012,1248.709239738207,1248.6870023205304,1248.6648269590196,1248.6427135202914,1248.6206618714325,1248.5986718799952,1248.5767434139948,1248.5548763419088,1248.533070532673,1248.5113258556808,1248.4896421807794,1248.4680193782679,1248.4464573188957,1248.42495587386,1248.4035149148033,1248.3821343138115,1248.360813943411,1248.3395536765677,1248.318353386683,1248.297212947594,1248.2761322335693,1248.2551111193088,1248.2341494799387,1248.2132471910124,1248.192404128506,1248.1716201688187,1248.1508951887693,1248.1302290655915,1248.1096216769376,1248.0890729008713,1248.0685826158701,1248.0481507008176,1248.027777035007,1248.0074614981374,1247.987203970308,1247.9670043320234,1247.946862464185,1247.9267782480927,1247.9067515654413,1247.8867822983202,1247.8668703292099,1247.8470155409793,1247.8272178168882,1247.8074770405808,1247.7877930960835,1247.7681658678084,1247.7485952405464,1247.729081099466,1247.7096233301147,1247.6902218184127,1247.6708764506554,1247.6515871135073,1247.6323536940047,1247.61317607955,1247.5940541579128,1247.5749878172253,1247.5559769459844,1247.537021433047,1247.518121167627,1247.4992760393,1247.480485937993,1247.46175075399,1247.4430703779253,1247.4244447007848,1247.4058736139039,1247.3873570089645,1247.3688947779942,1247.3504868133662,1247.3321330077931,1247.2955874463767,1247.1160731559617
556.65,1260.3618033266432,1259.895879005531,1259.4424475850583,1259.0011364123918,1258.5715878641472,1258.153458430365,1257.7464179698109,1257.3501490897456,1256.9643466142443,1256.5887171139611,1256.2229784772512,1255.8668595081128,1255.5200995408,1255.182448064252,1254.8536643521154,1254.5335170959825,1254.221784040898,1253.9182516231315,1253.6227146108986,1253.3349757490869,1253.0548454092843,1252.7821412464516,1252.5166878635857,1252.2583164855882,1252.0068646434315,1251.7621758695232,1251.5711927649875,1251.5476136807554,1251.524099405,1251.5006497947786,1251.4772647076634,1251.45394400174,1251.430687535605,1251.4074951683647,1251.3843667596277,1251.3613021695082,1251.3383012586191,1251.3153638880735,1251.2924899194784,1251.2696792149322,1251.2469316370273,1251.224247048841,1251.2016253139382,1251.1790662963658,1251.1565698606507,1251.1341358717993,1251.1117641952947,1251.0894546970899,1251.067207243612,1251.045021701756,1251.0228979388828,1251.0008358228179,1250.9788352218472,1250.9568960047172,1250.9350180406316,1250.9132011992474,1250.8914453506745,1250.8697503654737,1250.8481161146537,1250.8265424696688,1250.8050293024153,1250.783576485232,1250.7621838908979,1250.740851392626,1250.719578864067,1250.6983661793017,1250.6772132128426,1250.6561198396298,1250.6350859350298,1250.6141113748338,1250.5931960352527,1250.57233979292,1250.5515425248848,1250.5308041086125,1250.5101244219823,1250.489503343285,1250.4689407512199,1250.4484365248966,1250.4279905438254,1250.4076026879259,1250.3872728375143,1250.3670008733095,1250.3467866764263,1250.3266301283763,1250.3065311110634,1250.286489506785,1250.2665051982278,1250.246578068466,1250.2267080009603,1250.206894879556,1250.1871385884797,1250.1674390123403,1250.1477960361228,1250.1282095451927,1250.1086794252872,1250.0892055625181,1250.0697878433696,1250.0504261546935,1250.0311203837111,1250.0118704180097,1249.9926761455406,1249.9735374546165,1249.9544542339145,1249.9354263724672,1249.9164537596669,1249.8975362852607,1249.8786738393508,1249.8411135951865,1249.6565771842663
557.15,1263.1640215524362,1262.687270978322,1262.223316211176,1261.7717716033264,1261.332267348667,1260.9044484474891,1260.4879738718546,1260.082515877827,1259.6877594231787,1259.303401659156,1258.9291514728177,1258.5647290627937,1258.2098655362815,1257.8643025189265,1257.5277917722246,1257.2000948152615,1256.8809825492717,1256.5702348846469,1256.267640370823,1255.9729958299965,1255.6861059958935,1255.4067831589732,1255.1348468194233,1254.8701233492534,1254.6124456646448,1254.3616529095473,1254.1658715484825,1254.1416978752254,1254.1175901513377,1254.0935482299965,1254.0695719649098,1254.0456612103224,1254.0218158210062,1253.9980356522613,1253.974320559911,1253.9506704003015,1253.9270850302973,1253.9035643072787,1253.8801080891417,1253.8567162342918,1253.8333886016433,1253.8101250506165,1253.7869254411362,1253.7637896336266,1253.7407174890106,1253.7177088687072,1253.6947636346295,1253.6718816491796,1253.6490627752496,1253.626306876216,1253.60361381594,1253.5809834587626,1253.5584156695043,1253.5359103134617,1253.5134672564036,1253.4910863645719,1253.4687675046762,1253.4465105438926,1253.4243153498633,1253.40218179069,1253.3801097349356,1253.3580990516189,1253.3361496102143,1253.3142612806491,1253.2924339333008,1253.2706674389945,1253.248961669002,1253.227316495038,1253.2057317892597,1253.1842074242609,1253.162743273076,1253.1413392091722,1253.119995106449,1253.0987108392371,1253.0774862822964,1253.0563213108107,1253.03521580039,1253.014169627066,1252.9931826672894,1252.9722547979295,1252.9513858962716,1252.9305758400133,1252.9098245072657,1252.8891317765483,1252.868497526788,1252.847921637319,1252.8274039878775,1252.8069444586015,1252.7865429300286,1252.766199283096,1252.7459133991345,1252.7256851598695,1252.7055144474175,1252.685401144287,1252.6653451333718,1252.6453462979548,1252.625404521701,1252.6055196886596,1252.5856916832586,1252.5659203903067,1252.5462056949882,1252.526547482863,1252.5069456398649,1252.4874000522982,1252.4679106068377,1252.4484771905252,1252.42909969077,1252.390511992389,1252.2008906943497
557.65,1265.974400578555,1265.4865981124608,1265.0119044535284,1264.5499203050933,1264.1002631078186,1263.662565866997,1263.2364762138443,1262.8216556394116,1262.417778853549,1262.0245332326026,1261.641618328511,1261.2687454191318,1260.9056370852993,1260.5520268045088,1260.2076585545472,1259.8722864229342,1259.5456742199685,1259.2275950945582,1258.9178311529608,1258.6161730812098,1258.322419772387,1258.036377960082,1257.757861859461,1257.4866928172755,1257.2226989720778,1256.9657149257064,1256.7650675282182,1256.7402909187465,1256.715581426931,1256.690938901934,1256.666363193472,1256.6418541518133,1256.6174116277757,1256.593035472725,1256.56872553857,1256.544481677761,1256.5203037432852,1256.4961915886674,1256.4721450679635,1256.448164035762,1256.4242483471753,1256.4003978578442,1256.3766124239287,1256.3528919021105,1256.3292361495862,1256.305645024068,1256.2821183837793,1256.258656087451,1256.2352579943222,1256.2119239641352,1256.1886538571339,1256.1654475340586,1256.1423048561487,1256.1192256851352,1256.0962098832415,1256.073257313178,1256.0503678381433,1256.027541321817,1256.0047776283618,1255.9820766224193,1255.9594381691054,1255.936862134013,1255.914348383203,1255.8918967832076,1255.869507201026,1255.8471795041198,1255.8249135604153,1255.8027092382947,1255.7805664066027,1255.7584849346338,1255.7364646921392,1255.7145055493183,1255.6926073768204,1255.6707700457393,1255.6489934276137,1255.6272773944231,1255.6056218185859,1255.5840265729587,1255.5624915308329,1255.5410165659325,1255.5196015524111,1255.4982463648516,1255.4769508782638,1255.45571496808,1255.434538510157,1255.4134213807683,1255.3923634566092,1255.3713646147878,1255.350424732827,1255.3295436886608,1255.3087213606352,1255.2879576275004,1255.267252368415,1255.2466054629404,1255.2260167910388,1255.205486233073,1255.1850136698054,1255.1645989823899,1255.144242052378,1255.123942761711,1255.103700992722,1255.0835166281308,1255.0633895510443,1255.0433196449533,1255.023306793731,1255.0033508816323,1254.983451793289,1254.943823628289,1254.7490535018349
558.15,1268.7930925012615,1268.294005349581,1267.8083505838551,1267.3357145463426,1266.8757013076668,1266.427931335566,1265.9920404359073,1265.5676788958592,1265.1545107747177,1264.7522133004938,1264.3604763405585,1263.9790019227214,1263.607503789605,1263.2457069741838,1262.8933473882607,1262.5501714186512,1262.215935528046,1261.890405859177,1261.5733578420452,1261.264575804763,1260.9638525890532,1260.6709891717064,1260.385794293435,1260.1080840965094,1259.8376817725095,1259.5744172213406,1259.3688345504456,1259.3434464793777,1259.3181267225052,1259.292875124838,1259.2676915319619,1259.2425757900346,1259.2175277457843,1259.1925472465073,1259.1676341400632,1259.142788274873,1259.1180094999163,1259.093297664728,1259.0686526193967,1259.044074214561,1259.0195623014054,1258.995116731659,1258.9707373575934,1258.9464240320185,1258.9221766082799,1258.8979949402565,1258.873878882358,1258.8498282895218,1258.8258430172102,1258.801922921409,1258.778067858622,1258.7542776858713,1258.7305522606925,1258.706891441135,1258.6832950857545,1258.6597630536155,1258.6362952042857,1258.6128913978337,1258.589551494828,1258.5662753563329,1258.5430628439067,1258.5199138195985,1258.4968281459458,1258.4738056859733,1258.4508463031893,1258.4279498615836,1258.4051162256235,1258.3823452602549,1258.3596368308959,1258.3369908034367,1258.314407044237,1258.2918854201232,1258.2694257983862,1258.247028046779,1258.2246920335147,1258.2024176272628,1258.1802046971484,1258.1580531127504,1258.135962744098,1258.113933461667,1258.0919651363818,1258.0700576396077,1258.0482108431543,1258.0264246192692,1258.004698840637,1257.9830333803777,1257.9614281120446,1257.9398829096199,1257.9183976475158,1257.8969722005706,1257.8756064440463,1257.8543002536271,1257.8330535054176,1257.8118660759405,1257.790737842134,1257.7696686813483,1257.7486584713492,1257.7277070903094,1257.7068144168093,1257.6859803298362,1257.6652047087812,1257.6444874334343,1257.6238283839893,1257.603227441035,1257.5826844855567,1257.5621993989344,1257.5417720629382,1257.5010901718613,1257.3011060714246
558.65,1271.620254049379,1271.109641930546,1270.612796878786,1270.1292900979486,1269.6587116197775,1269.2006687901585,1268.7547850712813,1268.3206990798253,1267.898063798809,1267.486545914913,1267.0858252445917,1266.6955942214558,1266.3155574247257,1265.9454311343004,1265.584942902455,1265.233831135609,1264.8918446822083,1264.558742424648,1264.2342928745725,1263.9182737717929,1263.610471687723,1263.3106816345596,1263.0187066816334,1262.7343575803736,1262.4574523992655,1262.1878161700529,1261.9772274891668,1261.9512192477657,1261.9252805462438,1261.8994112253142,1261.8736111262883,1261.8478800910727,1261.8222179621641,1261.796624582649,1261.7710997961992,1261.745643447068,1261.7202553800896,1261.694935440673,1261.6696834748022,1261.6444993290313,1261.6193828504815,1261.5943338868399,1261.5693522863537,1261.5444378978311,1261.5195905706348,1261.494810154681,1261.4700965004365,1261.4454494589156,1261.4208688816768,1261.396354620821,1261.3719065289877,1261.3475244593533,1261.3232082656275,1261.2989578020502,1261.27477292339,1261.2506534849413,1261.2265993425194,1261.2026103524615,1261.1786863716218,1261.1548272573673,1261.1310328675795,1261.1073030606476,1261.0836376954678,1261.0600366314404,1261.0364997284678,1261.0130268469513,1260.9896178477875,1260.9662725923688,1260.9429909425771,1260.9197727607846,1260.8966179098481,1260.8735262531102,1260.8504976543938,1260.8275319780014,1260.804629088711,1260.7817888517745,1260.759011132917,1260.736295798332,1260.71364271468,1260.6910517490855,1260.668522769135,1260.6460556428756,1260.6236502388117,1260.601306425903,1260.579024073561,1260.5568030516488,1260.534643230478,1260.5125444808043,1260.4905066738295,1260.468529681196,1260.4466133749854,1260.4247576277166,1260.4029623123436,1260.381227302253,1260.3595524712612,1260.3379376936145,1260.3163828439851,1260.2948877974684,1260.2734524295824,1260.2520766162654,1260.2307602338738,1260.209503159179,1260.1883052693665,1260.1671664420337,1260.146086555188,1260.1250654872429,1260.1041031170198,1260.062353987034,1259.8570895322518
559.15,1274.4560467979861,1273.9336615838142,1273.4253897874576,1272.9307866234642,1272.4494273573437,1271.980905582022,1271.5248318599308,1271.0808326398742,1270.6485493774126,1270.2276378034908,1269.8177672989732,1269.4186203431093,1269.0298920122746,1268.6512895118321,1268.2825317291006,1267.9233487993456,1267.5734816797096,1267.2326817282274,1266.9007102866879,1266.5773382672594,1266.2623457435377,1265.9555215471544,1265.6566628713397,1265.3655748828987,1265.0820703440554,1264.8059692454765,1264.5903022743607,1264.5636649651863,1264.5370984516417,1264.5106025699972,1264.484177157141,1264.457822050579,1264.4315370884312,1264.4053221094282,1264.379176952909,1264.3531014588152,1264.3270954676916,1264.3011588206805,1264.2752913595193,1264.2494929265372,1264.2237633646528,1264.1981025173707,1264.1725102287778,1264.146986343543,1264.121530706908,1264.0961431646933,1264.0708235632867,1264.045571749646,1264.020387571292,1263.9952708763115,1263.970221513346,1263.9452393315958,1263.9203241808148,1263.8954759113064,1263.8706943739228,1263.84597942006,1263.821330901657,1263.7967486711912,1263.7722325816776,1263.7477824866648,1263.7233982402304,1263.6990796969833,1263.674826712055,1263.6506391411021,1263.6265168403002,1263.6024596663408,1263.5784674764336,1263.5545401282973,1263.5306774801616,1263.5068793907624,1263.48314571934,1263.4594763256364,1263.4358710698923,1263.412329812845,1263.3888524157253,1263.3654387402564,1263.3420886486497,1263.318802003602,1263.2955786682965,1263.2724185063955,1263.249321382041,1263.2262871598512,1263.2033157049184,1263.1804068828071,1263.1575605595506,1263.1347766016484,1263.112054876066,1263.0893952502286,1263.0667975920244,1263.0442617697956,1263.0217876523416,1262.9993751089141,1262.9770240092155,1262.9547342233957,1262.9325056220516,1262.9103380762224,1262.8882314573907,1262.8661856374767,1262.8442004888377,1262.8222758842674,1262.8004116969903,1262.7786078006632,1262.7568640693696,1262.7351803776205,1262.7135566003496,1262.6919926129146,1262.670488291091,1262.6276581494717,1262.4170456936893
559.65,1277.300637397914,1276.7662227268052,1276.246280109904,1275.7403478386013,1275.2479856189414,1274.7687726072234,1274.3023058678318,1273.8481991500544,1273.406081902668,1272.9755984629915,1272.556407371661,1272.148180776123,1271.7506038952001,1271.3633745245293,1270.9862025684965,1270.6188095888158,1270.2609283633724,1269.9123024515077,1269.572685763878,1269.2418421363413,1268.9195449082654,1268.605576506253,1268.2997280346078,1268.0017988740149,1267.7115962899338,1267.42893505209,1267.208115921186,1267.1808404525477,1267.1536370663214,1267.1265055941753,1267.0994458684236,1267.0724577220158,1267.045540988544,1267.0186955022305,1266.9919210979288,1266.9652176111229,1266.938584877917,1266.9120227350372,1266.88553101983,1266.8591095702525,1266.8327582248746,1266.8064768228755,1266.780265204037,1266.7541232087447,1266.7280506779825,1266.7020474533288,1266.676113376956,1266.6502482916237,1266.6244520406797,1266.5987244680548,1266.57306541826,1266.5474747363826,1266.5219522680857,1266.4964978596008,1266.4711113577316,1266.4457926098441,1266.4205414638675,1266.39535776829,1266.3702413721587,1266.3451921250708,1266.3202098771756,1266.295294479172,1266.2704457823015,1266.245663638349,1266.220947899638,1266.1962984190309,1266.17171504992,1266.1471976462324,1266.1227460624202,1266.0983601534638,1266.074039774866,1266.049784782647,1266.0255950333478,1266.0014703840227,1265.977410692237,1265.9534158160675,1265.9294856140962,1265.9056199454105,1265.8818186695985,1265.8580816467463,1265.8344087374392,1265.8107998027535,1265.7872547042587,1265.7637733040133,1265.740355464559,1265.7170010489253,1265.6937099206204,1265.6704819436325,1265.647316982425,1265.6242149019374,1265.6011755675784,1265.578198845227,1265.5552846012279,1265.5324327023925,1265.5096430159908,1265.486915409756,1265.4642497518755,1265.4416459109934,1265.419103756206,1265.39662315706,1265.3742039835508,1265.351846106119,1265.3295493956482,1265.307313723464,1265.2851389613318,1265.2630249814524,1265.2409716564634,1265.19704646386,1264.9810170616295
560.15,1280.154197822761,1279.6074886816148,1279.0756231873086,1278.5581216806002,1278.0545274406095,1277.5644044442786,1277.087335612358,1276.62292142479,1276.1707788130477,1275.7305402570664,1275.3018530308234,1274.884378553784,1274.4777918161146,1274.0817808538957,1273.6960462573072,1273.3203006998676,1272.9542684808107,1272.597685075693,1272.2502966925608,1271.9118598325865,1271.5821408552465,1271.2609155488176,1270.9479687074277,1270.643093716121,1270.346092145461,1270.0567733571293,1269.8307265602148,1269.8028036404264,1269.7749541218607,1269.747177831423,1269.7194745966874,1269.6918442458941,1269.6642866079433,1269.6368015123937,1269.6093887894588,1269.582048270003,1269.55477978554,1269.5275831682252,1269.5004582508575,1269.473404866873,1269.4464228503407,1269.4195120359645,1269.3926722590713,1269.3659033556173,1269.3392051621763,1269.3125775159424,1269.2860202547238,1269.2595332169399,1269.2331162416203,1269.2067691683974,1269.1804918375078,1269.1542840897862,1269.1281457666637,1269.1020767101622,1269.0760767628965,1269.0501457680639,1269.02428356945,1268.9984900114162,1268.9727649389042,1268.9471081974295,1268.9215196330779,1268.8959990925052,1268.8705464229304,1268.8451614721373,1268.8198440884676,1268.794594120821,1268.7694114186495,1268.7442958319564,1268.7192472112931,1268.6942654077563,1268.6693502729838,1268.6445016591538,1268.619719418981,1268.595003405714,1268.5703534731306,1268.5457694755398,1268.5212512677742,1268.4967987051891,1268.4724116436598,1268.4480899395805,1268.4238334498596,1268.3996420319145,1268.3755155436752,1268.351453843578,1268.327456790562,1268.303524244069,1268.2796560640384,1268.2558521109072,1268.2321122456046,1268.2084363295535,1268.1848242246615,1268.1612757933265,1268.1377908984268,1268.1143694033246,1268.0910111718588,1268.0677160683442,1268.0444839575714,1268.0213147048012,1267.998208175762,1267.9751642366523,1267.9521827541307,1267.9292635953204,1267.9064066278027,1267.8836117196172,1267.8608787392573,1267.838207555669,1267.815598038248,1267.7705634817341,1267.5490468552655
560.65,1283.0169056353102,1282.457627906577,1281.9135791052788,1281.3842604884035,1280.8691979569983,1280.3679394994529,1279.8800531942452,1279.4051256394791,1278.9427607041266,1278.49257851844,1278.054214639402,1277.627319341975,1277.2115569988691,1276.8066055211254,1276.4121558393276,1276.0279114112116,1275.6535877459637,1275.2889119390038,1274.933622213641,1274.5874674678817,1274.2502068260167,1273.9216091955145,1273.601452830322,1273.2895249019773,1272.985621080078,1272.6895451236276,1272.4581934687233,1272.4296136001462,1272.401108484665,1272.3726779442557,1272.3443218015875,1272.3160398800203,1272.2878320036002,1272.259697997058,1272.231637685802,1272.2036508959188,1272.1757374541653,1272.1478971879687,1272.1201299254217,1272.0924354952797,1272.064813726956,1272.0372644505185,1272.0097874966873,1271.9823826968322,1271.9550498829653,1271.9277888877434,1271.900599544459,1271.8734816870408,1271.8464351500488,1271.8194597686702,1271.7925553787197,1271.765721816631,1271.7389589194568,1271.7122665248655,1271.6856444711377,1271.6590925971618,1271.6326107424325,1271.6061987470457,1271.579856451698,1271.5535836976812,1271.527380326879,1271.5012461817669,1271.4751811054048,1271.449184941438,1271.423257534092,1271.3973987281684,1271.3716083690445,1271.3458863026685,1271.3202323755575,1271.2946464347933,1271.2691283280208,1271.2436779034438,1271.2182950098234,1271.1929794964733,1271.1677312132585,1271.1425500105922,1271.1174357394316,1271.0923882512777,1271.0674073981688,1271.0424930326815,1271.017645007924,1270.9928631775376,1270.9681473956896,1270.9434975170748,1270.9189133969082,1270.8943948909262,1270.8699418553838,1270.8455541470469,1270.8212316231957,1270.7969741416186,1270.7727815606115,1270.7486537389739,1270.7245905360048,1270.7005918115044,1270.6766574257667,1270.6527872395816,1270.628981114228,1270.6052389114739,1270.5815604935735,1270.557945723264,1270.5343944637639,1270.5109065787701,1270.4874819324548,1270.4641203894648,1270.440821814917,1270.4175860743976,1270.39441303396,1270.3482545198547,1270.1211790243776
561.15,1285.8889442754942,1285.3168142453626,1284.7603129115107,1284.2189211947207,1283.6921465724267,1283.1795201604214,1282.6805944366827,1282.1949414572289,1281.7221514447212,1281.2618316558107,1280.813605453897,1280.377111530698,1279.952003233551,1279.5379479661594,1279.134626639087,1278.7417331530141,1278.3589739030465,1277.986067296307,1277.6227432781272,1277.2687428643267,1276.9238176786932,1276.587729495854,1276.2602497904588,1275.9411592939953,1275.6302475607754,1275.327312544648,1275.0905771031055,1275.061330575965,1275.0321601879361,1275.0030657558898,1274.9740470974152,1274.9451040308202,1274.9162363751257,1274.887443950061,1274.858726576061,1274.8300840742638,1274.801516266505,1274.7730229753147,1274.744604023915,1274.7162592362135,1274.6879884368045,1274.6597914509593,1274.6316681046283,1274.6036182244338,1274.5756416376682,1274.5477381722906,1274.51990765692,1274.4921499208374,1274.4644647939797,1274.436852106932,1274.4093116909316,1274.3818433778613,1274.3544470002437,1274.3271223912404,1274.2998693846494,1274.2726878148992,1274.2455775170486,1274.2185383267774,1274.191570080393,1274.164672614816,1274.1378457675855,1274.1110893768528,1274.0844032813745,1274.0577873205175,1274.0312413342476,1274.004765163131,1273.9783586483309,1273.9520216316005,1273.925753955286,1273.8995554623186,1273.8734259962134,1273.8473654010652,1273.8213735215477,1273.7954502029074,1273.7695952909637,1273.743808632102,1273.7180900732747,1273.6924394619969,1273.6668566463422,1273.641341474941,1273.6158937969765,1273.5905134621823,1273.5652003208425,1273.539954223781,1273.5147750223682,1273.489662568512,1273.464616714656,1273.4396373137777,1273.4147242193853,1273.3898772855134,1273.365096366726,1273.3403813181042,1273.3157319952518,1273.2911482542895,1273.2666299518512,1273.2421769450837,1273.2177890916394,1273.193466249681,1273.1692082778732,1273.145015035381,1273.120886381868,1273.0968221774956,1273.0728222829152,1273.048886559272,1273.0250148681953,1273.0012070718055,1272.977463032702,1272.930165679157,1272.6974582671528
561.65,1288.7705033723032,1288.1852271955195,1287.615994849317,1287.062265531149,1286.5235271427873,1285.9992929590303,1285.4890990321185,1284.9925021622162,1284.5090782987606,1284.038421265801,1283.5801417276011,1283.133866329601,1282.6992369650757,1282.2759101300107,1281.8635563384491,1281.4618595782304,1281.0705167930116,1280.6892373810729,1280.3177427048931,1279.9557656080922,1279.6030499381961,1279.2593500750158,1278.9244304653166,1278.5980651649702,1278.280037390089,1277.9701390787386,1277.7279391324212,1277.6980160184025,1277.6681704647717,1277.638402283111,1277.6087112857515,1277.5790972857678,1277.5495600969743,1277.520099533924,1277.4907154119005,1277.4614075469185,1277.432175755716,1277.4030198557534,1277.3739396652086,1277.3449350029723,1277.3160056886472,1277.2871515425406,1277.2583723856633,1277.2296680397237,1277.2010383271277,1277.1724830709707,1277.144002095036,1277.1155952237937,1277.0872622823917,1277.0590030966573,1277.0308174930883,1277.002705298855,1276.974666341794,1276.9467004504033,1276.9188074538406,1276.8909871819214,1276.8632394651104,1276.8355641345229,1276.8079610219208,1276.7804299597062,1276.7529707809206,1276.7255833192403,1276.6982674089745,1276.671022885059,1276.6438495830569,1276.6167473391527,1276.5897159901483,1276.5627553734623,1276.535865327124,1276.5090456897722,1276.4822963006516,1276.4556169996076,1276.4290076270868,1276.4024680241316,1276.3759980323748,1276.349597494041,1276.3232662519401,1276.2970041494682,1276.2708110305966,1276.2446867398785,1276.2186311224386,1276.1926440239747,1276.1667252907498,1276.1408747695948,1276.1150923079026,1276.0893777536228,1276.0637309552633,1276.0381517618853,1276.012640023098,1275.9871955890603,1275.9618183104758,1275.9365080385885,1275.9112646251822,1275.8860879225742,1275.860977783619,1275.8359340616987,1275.8109566107235,1275.7860452851291,1275.7611999398714,1275.7364204304276,1275.7117066127919,1275.6870583434695,1275.6624754794802,1275.6379578783499,1275.6135053981122,1275.5891178973015,1275.5647952349564,1275.5163438642935,1275.2779300485506
562.15,1291.6617790823273,1291.0630521985727,1290.480800608724,1289.9144602477072,1289.3634981693622,1288.827408743996,1288.3057106974572,1287.7979448002022,1287.3036720533448,1286.822472250296,1286.3539428186111,1285.8976978677472,1285.4533673856133,1285.020596540549,1284.5990450563665,1284.1883866368219,1283.7883084226712,1283.3985104697701,1283.0187052406923,1282.6486171053573,1282.2879818483866,1281.9365461824555,1281.5940672680035,1281.2603122403289,1280.9350577455018,1280.6180894866832,1280.3703424731707,1280.3397326187692,1280.3092017824556,1280.2787497703348,1280.2483763892888,1280.2180814469718,1280.1878647518072,1280.1577261129848,1280.1276653404557,1280.097682244925,1280.0677766378537,1280.037948331451,1280.0081971386714,1279.9785228732098,1279.9489253495003,1279.9194043827092,1279.8899597887323,1279.8605913841934,1279.8312989864335,1279.8020824135165,1279.772941484219,1279.743876018027,1279.7148858351352,1279.6859707564402,1279.6571306035376,1279.6283651987194,1279.5996743649698,1279.5710579259598,1279.5425157060467,1279.514047530267,1279.485653224336,1279.457332614642,1279.4290855282431,1279.400911792865,1279.3728112368956,1279.3447836893824,1279.3168289800285,1279.2889469391905,1279.261137397872,1279.2334001877255,1279.2057351410422,1279.1781420907525,1279.1506208704243,1279.1231713142536,1279.0957932570698,1279.0684865343221,1279.0412509820856,1279.0140864370505,1278.9869927365264,1278.9599697184299,1278.93301722129,1278.906135084239,1278.8793231470113,1278.852581249943,1278.8259092339613,1278.7993069405898,1278.7727742119391,1278.7463108907086,1278.719916820178,1278.6935918442093,1278.6673358072394,1278.6411485542812,1278.615029930916,1278.5889797832958,1278.5629979581352,1278.5370843027108,1278.5112386648593,1278.4854608929716,1278.459750835992,1278.4341083434165,1278.408533265285,1278.3830254521854,1278.357584755242,1278.3322110261217,1278.3069041170256,1278.2816638806885,1278.256490170373,1278.2313828398705,1278.2063417434968,1278.1813667360884,1278.156457673001,1278.1068368037954,1277.8626406192427
562.65,1294.5629744579617,1293.950480954086,1293.3549115970093,1292.7756773482408,1292.2122230057178,1291.664022864482,1291.1305773383797,1290.6114103267998,1290.1060671534526,1289.6141129395605,1289.1351313029033,1288.6687232978802,1288.2145065310249,1287.7721144019188,1287.3411954319226,1286.9214126529855,1286.5124430365731,1286.1139769488059,1285.72571762251,1285.347380640401,1284.9786934262013,1284.6193947423494,1284.2692341942598,1283.92797174194,1283.5953772202793,1283.2712298695815,1283.0178513253097,1282.9865443449346,1282.955317877979,1282.924171724874,1282.8931056868541,1282.8621195659614,1282.8312131650346,1282.800386287706,1282.7696387383999,1282.7389703223253,1282.7083808454763,1282.6778701146225,1282.6474379373074,1282.6170841218463,1282.5868084773192,1282.556610813567,1282.5264909411899,1282.4964486715419,1282.4664838167255,1282.4365961895905,1282.4067856037263,1282.3770518734639,1282.347394813864,1282.3178142407205,1282.2883099705534,1282.258881820602,1282.2295296088294,1282.2002531539085,1282.1710522752242,1282.1419267928713,1282.112876527645,1282.083901301039,1282.0550009352476,1282.026175253152,1281.9974240783254,1281.9687472350236,1281.9401445481844,1281.911615843423,1281.8831609470276,1281.854779685958,1281.826471887839,1281.7982373809582,1281.7700759942657,1281.7419875573623,1281.713971900507,1281.6860288546025,1281.6581582512003,1281.6303599224925,1281.6026337013104,1281.5749794211195,1281.5473969160162,1281.5198860207279,1281.4924465706044,1281.4650784016192,1281.4377813503602,1281.410555254035,1281.3833999504595,1281.356315278059,1281.3293010758634,1281.3023571835067,1281.2754834412171,1281.248679689822,1281.2219457707404,1281.1952815259783,1281.1686867981298,1281.1421614303702,1281.1157052664562,1281.0893181507197,1281.0629999280657,1281.0367504439714,1281.010569544479,1280.984457076198,1280.9584128862969,1280.9324368225032,1280.9065287330993,1280.880688466923,1280.8549158733572,1280.8292108023345,1280.8035731043306,1280.7780026303603,1280.7524992319793,1280.7016930708733,1280.4516370351423
563.15,1297.4742998486615,1296.8477117603647,1296.2385152308254,1295.6460943434215,1295.0698700790256,1294.509295365603,1293.9638512236427,1293.4330437641588,1292.9164018438491,1292.4134752215798,1291.9238330928504,1291.4470629055024,1290.9827693815946,1290.5305736878129,1290.0901127108773,1289.661038405566,1289.2430171917958,1288.8357293841311,1288.4388686423777,1288.0521414359691,1287.675266517878,1287.3079744059705,1286.9500068712598,1286.601116433584,1286.2610658658436,1285.9296277083408,1285.6705312095808,1285.638516478397,1285.6065837948527,1285.5747329534972,1285.5429637497211,1285.5112759797437,1285.4796694406177,1285.44814393022,1285.4166992472492,1285.3853351912205,1285.354051562461,1285.3228481621063,1285.2917247920964,1285.2606812551699,1285.2297173548639,1285.1988328955024,1285.168027682199,1285.1373015208503,1285.1066542181318,1285.0760855814922,1285.0455954191527,1285.015183540099,1284.984849754081,1284.9545938716058,1284.9244157039354,1284.894315063081,1284.8642917618013,1284.834345613596,1284.8044764327044,1284.7746840340992,1284.744968233485,1284.7153288472891,1284.6857656926663,1284.6562785874876,1284.6268673503369,1284.597531800513,1284.5682717580205,1284.5390870435665,1284.5099774785588,1284.4809428850983,1284.451983085983,1284.4230979046945,1284.3942871654026,1284.3655506929545,1284.3368883128787,1284.3082998513748,1284.279785135312,1284.2513439922282,1284.2229762503225,1284.1946817384533,1284.166460286135,1284.1383117235332,1284.1102358814649,1284.0822325913898,1284.0543016854094,1284.026442996264,1283.9986563573282,1283.9709416026096,1283.9432985667409,1283.9157270849812,1283.8882269932114,1283.8607981279285,1283.833440326244,1283.806153425883,1283.7789372651766,1283.7517916830602,1283.7247165190713,1283.6977116133462,1283.6707768066155,1283.6439119402007,1283.6171168560145,1283.5903913965512,1283.5637354048904,1283.5371487246903,1283.510631200185,1283.4841826761804,1283.4578029980541,1283.4314920117506,1283.4052495637757,1283.379075501199,1283.352969671647,1283.3009621048925,1283.0449671775489
563.65,1300.395973339051,1299.7549498848105,1299.1318052522588,1298.5258945231703,1297.9366131272714,1297.3633911970257,1296.8056891702581,1296.2629943668023,1295.7348183187605,1295.22069467808,1294.7201775615458,1294.232840223046,1293.758273967293,1293.296087238805,1292.8459048358725,1292.4073672117956,1291.9801298357734,1291.5638625936388,1291.1582492147509,1290.7629867159967,1290.377784857359,1290.002365606073,1289.6364626082568,1289.2798206681184,1288.9321952357034,1288.593351904602,1288.3284490062047,1288.2957156527027,1288.263065921255,1288.2304996003186,1288.198016479219,1288.1656163481473,1288.1332989981606,1288.1010642211704,1288.0689118099415,1288.0368415580886,1288.0048532600692,1287.97294671118,1287.9411217075535,1287.9093780461544,1287.8777155247708,1287.846133942015,1287.8146330973173,1287.7832127909185,1287.7518728238713,1287.7206129980332,1287.6894331160593,1287.6583329814027,1287.6273123983103,1287.5963711718123,1287.5655091077263,1287.5347260126464,1287.5040216939442,1287.4733959597618,1287.4428486190056,1287.4123794813493,1287.3819883572198,1287.351675057803,1287.3214393950334,1287.2912811815927,1287.2612002309036,1287.2311963571296,1287.201269375166,1287.1714191006408,1287.1416453499082,1287.111947940041,1287.082326688839,1287.052781414809,1287.0233119371737,1286.993918075859,1286.9645996514973,1286.9353564854198,1286.9061883996533,1286.877095216915,1286.8480767606134,1286.8191328548357,1286.790263324358,1286.7614679946282,1286.7327466917666,1286.704099242568,1286.6755254744883,1286.6470252156514,1286.6185982948327,1286.5902445414708,1286.56196378565,1286.533755858107,1286.5056205902206,1286.4775578140132,1286.4495673621425,1286.4216490679016,1286.393802765216,1286.3660282886344,1286.3383254733349,1286.3106941551132,1286.2831341703827,1286.2556453561722,1286.2282275501188,1286.200880590468,1286.1736043160713,1286.1463985663795,1286.1192631814404,1286.0921980018961,1286.0652028689822,1286.0382776245197,1286.011422110916,1285.9846361711595,1285.957919648818,1285.904694233523,1285.6426797739327
564.15,1303.3282212281663,1302.6724079673095,1302.0349820715207,1301.4152672506593,1300.8126314540254,1300.226480435987,1299.6562527406174,1299.1014157974566,1298.5614628800038,1298.0359107277682,1297.5242976733748,1297.0261821495205,1296.541141477864,1296.068770863993,1295.608682540515,1295.1605050145517,1294.723882387336,1294.298473722489,1293.8839524465695,1293.480005770803,1293.0863341269662,1292.7026506133768,1292.3286804491636,1291.9641604364344,1291.6088384310424,1291.2624728232013,1290.9916729949869,1290.958209893274,1290.9248320295821,1290.8915391860517,1290.8583311457253,1290.8252076925462,1290.7921686113532,1290.7592136878789,1290.7263427087366,1290.6935554614265,1290.660851734321,1290.6282313166691,1290.5956939985845,1290.563239571045,1290.5308678258873,1290.498578555802,1290.4663715543275,1290.434246615849,1290.4022035355922,1290.3702421096173,1290.3383621348187,1290.3065634089146,1290.2748457304488,1290.2432088987814,1290.211652714087,1290.180176977352,1290.1487814903637,1290.117466055714,1290.086230476789,1290.0550745577686,1290.0239981036214,1289.9930009200975,1289.9620828137276,1289.9312435918205,1289.9004830624508,1289.8698010344647,1289.839197317469,1289.808671721831,1289.7782240586705,1289.7478541398586,1289.7175617780156,1289.6873467864993,1289.6572089794086,1289.6271481715787,1289.5971641785723,1289.5672568166785,1289.5374259029115,1289.507671255001,1289.4779926913932,1289.448390031246,1289.4188630944202,1289.3894117014854,1289.360035673705,1289.3307348330422,1289.3015090021474,1289.2723580043635,1289.243281663714,1289.2142798049047,1289.185352253317,1289.156498835005,1289.1277193766957,1289.0990137057765,1289.0703816502994,1289.0418230389757,1289.0133377011703,1288.9849254669,1288.956586166828,1288.928319632264,1288.9001256951565,1288.8720041880927,1288.843954944292,1288.8159777976052,1288.7880725825096,1288.7602391341072,1288.732477288119,1288.7047868808813,1288.6771677493473,1288.6496197310773,1288.6221426642385,1288.594736387604,1288.5674007405448,1288.5129406956228,1288.2448244193715
564.65,1306.271278554632,1305.6003064604638,1304.9482531392748,1304.3144082802396,1303.6981102026648,1303.0987385262124,1302.5157084527277,1301.9484663137835,1301.3964861042864,1300.8592667773885,1300.3363301213121,1299.8272190760076,1299.3314963780792,1298.8487434472265,1298.378559447571,1297.9205604733183,1297.4743788211053,1297.0396623215115,1296.616073710145,1296.2032900248812,1295.8010020204754,1295.4089135952527,1295.0267412271667,1294.6542134182866,1294.2910701480275,1293.9370623362072,1293.660272896921,1293.6260686587123,1293.5919513174558,1293.5579206487423,1293.5239764291016,1293.4901184360008,1293.456346447835,1293.4226602439267,1293.3890596045178,1293.355544310768,1293.322114144745,1293.2887688894257,1293.2555083286868,1293.2223322473037,1293.189240430941,1293.156232666152,1293.123308740374,1293.09046844192,1293.0577115599772,1293.0250378846008,1292.9924472067125,1292.9599393180895,1292.9275140113662,1292.8951710800284,1292.8629103184035,1292.8307315216634,1292.7986344858152,1292.7666190076982,1292.7346848849813,1292.702831916153,1292.671059900524,1292.6393686382162,1292.6077579301639,1292.576227578105,1292.5447773845813,1292.5134071529278,1292.482116687276,1292.450905792541,1292.4197742744266,1292.3887219394123,1292.3577485947562,1292.3268540484846,1292.296038109394,1292.2653005870413,1292.234641291743,1292.2040600345708,1292.1735566273453,1292.1431308826343,1292.112782613747,1292.0825116347341,1292.052317760375,1292.0222008061849,1291.9921605884,1291.9621969239834,1291.932309630613,1291.9024985266824,1291.8727634312952,1291.8431041642618,1291.8135205460953,1291.7840123980081,1291.7545795419057,1291.7252218003864,1291.695938996736,1291.6667309549225,1291.6375974995956,1291.6085384560793,1291.5795536503708,1291.5506429091367,1291.5218060597083,1291.4930429300784,1291.4643533488959,1291.4357371454666,1291.4071941497466,1291.3787241923374,1291.3503271044851,1291.3220027180769,1291.2937508656335,1291.265571380312,1291.2374640958983,1291.209428846802,1291.1814654680604,1291.1257536648661,1290.8514515986933
565.15,1309.2253896731265,1308.538874110904,1307.87183335195,1307.2235201019541,1306.593240652114,1305.98034653438,1305.3842280048564,1304.804308967062,1304.2400430205132,1303.6909103812368,1303.156415471461,1302.6360850174337,1302.1294665284684,1301.6361270581838,1301.1556521714938,1300.687645059053,1300.2317257554405,1299.7875304288325,1299.35471071899,1298.9329331073845,1298.5218783086575,1298.1212406766863,1297.7307276214426,1297.3500590350536,1296.9789667269065,1296.6171938686132,1296.3343199173316,1296.299362883632,1296.2644944502495,1296.2297143859835,1296.1950224606119,1296.1604184448843,1296.1259021105172,1296.0914732301887,1296.0571315775337,1296.022876927137,1295.9887090545342,1295.9546277361987,1295.9206327495422,1295.8867238729067,1295.8529008855646,1295.8191635677074,1295.7855117004433,1295.7519450657942,1295.7184634466903,1295.6850666269622,1295.6517543913394,1295.6185265254435,1295.5853828157851,1295.5523230497593,1295.5193470156369,1295.4864545025648,1295.4536453005594,1295.4209192004998,1295.388275994128,1295.3557154740379,1295.3232374336778,1295.2908416673376,1295.2585279701532,1295.2262961380945,1295.1941459679647,1295.1620772573963,1295.130089804841,1295.0981834095762,1295.0663578716863,1295.0346129920706,1295.0029485724328,1294.9713644152785,1294.9398603239076,1294.9084361024163,1294.8770915556847,1294.8458264893816,1294.8146407099491,1294.7835340246102,1294.7525062413574,1294.7215571689487,1294.6906866169056,1294.6598943955084,1294.6291803157906,1294.598544189536,1294.5679858292758,1294.537505048282,1294.5071016605627,1294.4767754808624,1294.4465263246573,1294.416354008143,1294.38625834824,1294.3562391625894,1294.3262962695412,1294.2964294881583,1294.2666386382082,1294.2369235401625,1294.2072840151877,1294.1777198851473,1294.1482309725952,1294.1188171007705,1294.089478093595,1294.060213775673,1294.0310239722803,1294.0019085093675,1293.972867213552,1293.9438999121135,1293.915006432995,1293.8861866047976,1293.857440256773,1293.8287672188253,1293.8001673215037,1293.7431862741435,1293.462612709315
565.65,1312.1908088881878,1311.4883484864822,1310.8059454938325,1310.142812315643,1309.4982205364934,1308.8714914259983,1308.2619885160564,1307.6691118139772,1307.092293298008,1306.5309934098723,1305.9846983154248,1305.452917751084,1304.9351833119383,1304.4310470686396,1303.9400804255608,1303.4618731531937,1302.9960325441075,1302.5421826548902,1302.0999636067534,1301.6690309254584,1301.249054907442,1300.8397200036522,1300.4407242160805,1300.0517785045433,1299.672606202977,1299.3029424457477,1299.013886790616,1298.9781650230916,1298.942533605204,1298.9069922987167,1298.871540866404,1298.836179072052,1298.8009066804498,1298.7657234573853,1298.730629169644,1298.6956235849973,1298.6607064722002,1298.6258776009881,1298.591136742069,1298.5564836671185,1298.5219181487769,1298.4874399606397,1298.4530488772598,1298.418744674135,1298.3845271277044,1298.3503960153516,1298.316351115385,1298.2823922070465,1298.2485190704988,1298.2147314868232,1298.181029238015,1298.1474121069746,1298.1138798775094,1298.0804323343232,1298.0470692630138,1298.0137904500684,1297.9805956828566,1297.9474847496288,1297.9144574395093,1297.8815135424923,1297.8486528494361,1297.8158751520612,1297.7831802429416,1297.7505679155026,1297.7180379640163,1297.6855901835972,1297.653224370196,1297.6209403205942,1297.5887378324055,1297.5566167040624,1297.5245767348197,1297.4926177247442,1297.4607394747147,1297.4289417864127,1297.397224462324,1297.3655873057292,1297.3340301207015,1297.302552712102,1297.2711548855739,1297.2398364475432,1297.2085972052073,1297.1774369665354,1297.1463555402643,1297.1153527358908,1297.0844283636711,1297.0535822346167,1297.022814160484,1296.992123953779,1296.9615114277474,1296.9309763963731,1296.9005186743725,1296.8701380771915,1296.8398344209993,1296.8096075226886,1296.7794571998684,1296.7493832708599,1296.719385554694,1296.6894638711074,1296.6596180405375,1296.6298478841202,1296.600153223682,1296.5705338817422,1296.5409896815067,1296.5115204468593,1296.4821260023673,1296.452806173269,1296.4235607854737,1296.365292640771,1296.078360084839
566.15,1315.1678011521026,1314.4489765546946,1313.7508207201872,1313.0725020379643,1312.413254391294,1311.7723663627783,1311.1491727842206,1310.5430481428039,1309.953401446678,1309.379672228841,1308.8213274311643,1308.2778589623997,1307.7487817667038,1307.2336322742487,1306.7319671339044,1306.2433621510302,1305.767411371897,1305.3037262710268,1304.8519350093945,1304.411681740548,1303.9826259488007,1303.564441808984,1303.1568175613177,1302.759454897914,1302.3720683595113,1301.9943847424931,1301.6990478266987,1301.662549098694,1301.6261425172,1301.5898278366733,1301.5536048126296,1301.5174732016308,1301.4814327612817,1301.4454832502297,1301.4096244281534,1301.3738560557565,1301.3381778947685,1301.3025897079333,1301.2670912590108,1301.2316823127594,1301.1963626349461,1301.161131992329,1301.125990152659,1301.0909368846703,1301.0559719580795,1301.0210951435758,1300.9863062128188,1300.9516049384317,1300.9169910939968,1300.882464454053,1300.848024794085,1300.8136718905228,1300.7794055207357,1300.7452254630252,1300.711131496622,1300.6771234016824,1300.643200959278,1300.609363951397,1300.575612160936,1300.5419453716916,1300.5083633683662,1300.4748659365496,1300.441452862724,1300.4081239342563,1300.3748789393906,1300.341717667248,1300.308639907816,1300.2756454519536,1300.2427340913732,1300.2099056186464,1300.1771598271953,1300.144496511288,1300.1119154660332,1300.0794164873782,1300.046999372102,1300.0146639178115,1299.982409922936,1299.950237186724,1299.9181455092369,1299.8861346913498,1299.8542045347376,1299.8223548418791,1299.7905854160474,1299.75889606131,1299.7272865825182,1299.6957567853115,1299.6643064761013,1299.6329354620786,1299.6016435512038,1299.5704305522022,1299.5392962745577,1299.5082405285189,1299.47726312508,1299.4463638759883,1299.4155425937358,1299.3847990915522,1299.3541331834056,1299.3235446839972,1299.293033408755,1299.2625991738335,1299.232241796105,1299.2019610931588,1299.1717568832971,1299.1416289855301,1299.1115772195712,1299.0816014058357,1299.051701365436,1298.9921278925476,1298.698747019414
566.65,1318.156642834463,1317.4210153183376,1316.706699086142,1316.0128143461154,1315.338553929062,1314.6831710238412,1314.0459695635059,1313.4262967154568,1312.8235370302816,1312.2371078883143,1311.6664559530595,1311.1110543986124,1310.5704007259706,1310.044015022251,1309.5314385487527,1309.0322325697116,1308.5459773543942,1308.0722713018313,1307.6107301507816,1307.1609862478106,1306.7226878544827,1306.2954984808698,1305.8790962371743,1305.4731731988134,1305.0774347827146,1304.6915991343608,1304.3898789592074,1304.3525907464352,1304.315396526244,1304.2782960455197,1304.2412890522414,1304.204375295483,1304.1675545253984,1304.1308264932236,1304.094190951268,1304.0576476529093,1304.021196352587,1303.9848368057967,1303.9485687690858,1303.9123920000488,1303.8763062573175,1303.840311300562,1303.80440689048,1303.7685927887944,1303.7328687582435,1303.6972345625816,1303.6616899665687,1303.6262347359702,1303.590868637544,1303.5555914390434,1303.5204029092063,1303.4853028177502,1303.4502909353725,1303.4153670337357,1303.3805308854735,1303.3457822641737,1303.3111209443816,1303.2765467015934,1303.242059312248,1303.207658553724,1303.1733442043353,1303.139116043324,1303.1049738508545,1303.070917408014,1303.0369464968,1303.0030609001244,1302.9692604017948,1302.935544786526,1302.9019138399217,1302.8683673484784,1302.834905099573,1302.8015268814654,1302.768232483289,1302.735021695045,1302.7018943076012,1302.6688501126878,1302.6358889028866,1302.603010471631,1302.5702146132026,1302.5375011227206,1302.5048697961445,1302.4723204302627,1302.439852822695,1302.4074667718771,1302.3751620770702,1302.3429385383445,1302.31079595658,1302.2787341334638,1302.246752871479,1302.2148519739064,1302.1830312448208,1302.1512904890767,1302.119629512318,1302.0880481209629,1302.0565461222031,1302.0251233240017,1301.9937795350854,1301.9625145649413,1301.9313282238147,1301.900220322701,1301.869190673345,1301.8382390882348,1301.807365380599,1301.776569364401,1301.7458508543355,1301.7152096658251,1301.6846456150154,1301.6237481946755,1301.3238277929
567.15,1321.157622571876,1320.4047325151707,1319.6738301267133,1318.963982762475,1318.2743384479325,1317.6041119533975,1316.9525738632044,1316.319042027033,1315.702874894084,1315.1034663246933,1314.5202415519957,1313.9526540308943,1313.4001829649483,1312.8623313455034,1312.3386243732266,1311.8286081611932,1311.33184864216,1310.8479306214613,1310.3764569318994,1309.9170476588233,1309.469339412761,1309.0329846340971,1308.60765091962,1308.1930203648335,1307.7887889188296,1307.3946657505599,1307.0864577955163,1307.0483672663631,1307.0103726267823,1306.972473615803,1306.93466997359,1306.896961441444,1306.8593477617935,1306.8218286781876,1306.7844039352915,1306.747073278879,1306.7098364558315,1306.6726932141246,1306.6356433028288,1306.598686472102,1306.561822473182,1306.5250510583833,1306.488371981089,1306.4517849957467,1306.4152898578639,1306.3788863240004,1306.3425741517615,1306.3063530997974,1306.2702229277925,1306.2341833964615,1306.1982342675456,1306.162375303805,1306.126606269015,1306.0909269279582,1306.0553370464208,1306.0198363911884,1305.9844247300355,1305.9491018317285,1305.9138674660114,1305.878721403607,1305.843663416208,1305.8086932764738,1305.7738107580228,1305.7390156354302,1305.7043076842199,1305.6696866808636,1305.635152402768,1305.6007046282773,1305.5663431366645,1305.532067708127,1305.4978781237817,1305.4637741656582,1305.4297556166955,1305.3958222607364,1305.3619738825241,1305.3282102676944,1305.2945312027725,1305.2609364751684,1305.2274258731698,1305.1939991859406,1305.1606562035104,1305.1273967167785,1305.0942205175008,1305.0611273982884,1305.0281171526033,1304.9951895747522,1304.962344459883,1304.9295816039798,1304.8969008038573,1304.8643018571574,1304.8317845623446,1304.7993487186993,1304.7669941263168,1304.7347205860985,1304.702527899751,1304.6704158697812,1304.6383842994865,1304.6064329929595,1304.5745617550772,1304.542770391495,1304.5110587086501,1304.4794265137496,1304.4478736147687,1304.4163998204501,1304.3850049402893,1304.353688784545,1304.322451164224,1304.2602107776042,1303.9536576968765
567.65,1324.171042207319,1323.400407389086,1322.6524734939185,1321.9262497848742,1321.220835276721,1320.535402937827,1319.869187270371,1319.2214745846613,1318.5915954083164,1317.9789185752534,1317.3828466263644,1316.8028122257165,1316.2382753556908,1315.6887211033004,1315.1536578900761,1314.632616030397,1314.125146529571,1313.6308200541425,1313.149226023812,1312.6799717877113,1312.2226818582956,1311.776997184161,1311.3425744493622,1310.9190853913888,1310.5062161334479,1310.1036665290774,1309.7888636686714,1309.7499576741354,1309.711149518869,1309.6724389337505,1309.6338256508413,1309.5953094033773,1309.5568899257692,1309.5185669535904,1309.480340223578,1309.4422094736187,1309.4041744427498,1309.3662348711482,1309.3283905001276,1309.290641072131,1309.2529863307243,1309.2154260205932,1309.1779598875348,1309.1405876784504,1309.103309141346,1309.0661240253175,1309.029032080551,1308.9920330583175,1308.9551267109618,1308.9183127919027,1308.8815910556225,1308.844961257665,1308.8084231546297,1308.7719765041597,1308.7356210649468,1308.699356596714,1308.6631828602222,1308.6270996172548,1308.591106630615,1308.5552036641238,1308.51939048261,1308.483666851906,1308.4480325388429,1308.4124873112457,1308.3770309379272,1308.341663188679,1308.306383834273,1308.2711926464524,1308.2360893979248,1308.2010738623585,1308.1661458143783,1308.1313050295585,1308.0965512844182,1308.061884356417,1308.0273040239479,1307.9928100663342,1307.9584022638212,1307.924080397575,1307.889844249675,1307.8556936031105,1307.8216282417718,1307.787647950449,1307.7537525148282,1307.719941721479,1307.6862153578595,1307.6525732123048,1307.6190150740226,1307.5855407330891,1307.5521499804474,1307.5188426078992,1307.485618408095,1307.452477174543,1307.4194187015898,1307.3864427844253,1307.3535492190722,1307.3207378023862,1307.2880083320479,1307.2553606065574,1307.2227944252336,1307.1903095882074,1307.157905896414,1307.1255831515957,1307.0933411562883,1307.0611797138265,1307.0290986283303,1306.9970977047058,1306.9651767486407,1306.9015739658075,1306.5882930615098
568.15,1327.197217829815,1326.4083315412997,1325.642899657724,1324.8998674678649,1324.1782802608132,1323.4772654154986,1322.7960182988288,1322.1337912077438,1321.4898847291113,1320.8636410071872,1320.2544385049969,1319.6616879262258,1319.084829030482,1318.5233281295227,1317.9766760967666,1317.4443867589835,1316.9259955686168,1316.4210584791092,1315.9291509646503,1315.4498671409208,1314.9828189553157,1314.5276354243972,1314.0839619034152,1313.6514593781321,1313.229803773163,1312.818685273924,1312.4971776913385,1312.4574427545563,1312.4178076613143,1312.3782721340312,1312.3388358963548,1312.2994986731567,1312.260260190527,1312.2211201757673,1312.1820783573846,1312.1431344650848,1312.104288229765,1312.0655393835116,1312.0268876595892,1311.9883327924376,1311.9498745176636,1311.911512572039,1311.8732466934896,1311.835076621088,1311.797002095057,1311.7590228567515,1311.7211386486615,1311.6833492143999,1311.6456542987028,1311.6080536474155,1311.570547007497,1311.5331341270005,1311.4958147550815,1311.4585886419836,1311.4214555390347,1311.384415198639,1311.3474673742755,1311.3106118204905,1311.2738482928885,1311.2371765481303,1311.2005963439285,1311.1641074390352,1311.1277095932437,1311.0914025673783,1311.0551861232905,1311.0190600238511,1310.9830240329486,1310.947077915481,1310.91122143735,1310.8754543654536,1310.839776467689,1310.8041875129368,1310.7686872710576,1310.7332755128955,1310.6979520102627,1310.662716535933,1310.6275688636479,1310.5925087681003,1310.5575360249345,1310.522650410737,1310.4878517030381,1310.4531396802965,1310.418514121905,1310.3839748081766,1310.3495215203443,1310.3151540405534,1310.280872151859,1310.246675638218,1310.212564284485,1310.1785378764075,1310.1445962006244,1310.1107390446514,1310.076966196887,1310.0432774465999,1310.0096725839292,1309.9761513998744,1309.9427136862942,1309.9093592359018,1309.8760878422595,1309.8428992997685,1309.8097934036755,1309.776769950057,1309.7438287358214,1309.7109695586985,1309.6781922172424,1309.6454965108196,1309.6128822396086,1309.5478972075612,1309.2277912833345
568.65,1330.2364809262976,1329.4288098710178,1328.6453906783358,1327.885098060884,1327.1469182935323,1326.4299289230123,1325.7332827674732,1325.0561953518604,1324.397935078677,1323.7578155624017,1323.1351896631595,1322.5294448445404,1321.9399995544322,1321.366300388659,1320.807819847387,1320.2640545350628,1319.7345236879619,1319.2187679402282,1318.7163482608005,1318.2268450107738,1317.7498570842513,1317.2850011062667,1316.8319106695437,1316.3902355980108,1315.959641229647,1315.539807714594,1315.211482811825,1315.1709051171977,1315.1304293268875,1315.0900551545335,1315.049782315055,1315.009610524643,1314.9695395007527,1314.929568962102,1314.8896986286545,1314.8499282216296,1314.8102574634795,1314.7706860778908,1314.7312137897798,1314.6918403252803,1314.6525654117422,1314.6133887777241,1314.574310152983,1314.535329268474,1314.4964458563384,1314.4576596499048,1314.418970383673,1314.3803777933167,1314.3418816156725,1314.3034815887336,1314.2651774516464,1314.2269689447014,1314.1888558093308,1314.1508377880984,1314.1129146246928,1314.0750860639291,1314.037351851732,1313.9997117351404,1313.9621654622918,1313.92471278242,1313.8873534458567,1313.8500872040102,1313.8129138093743,1313.7758330155136,1313.7388445770584,1313.701948249703,1313.665143790198,1313.6284309563407,1313.5918095069767,1313.555279201986,1313.5188398022826,1313.4824910698105,1313.446232767529,1313.4100646594177,1313.3739865104646,1313.337998086661,1313.3020991549988,1313.2662894834618,1313.2305688410213,1313.1949369976323,1313.1593937242224,1313.1239387926942,1313.088571975916,1313.0532930477134,1313.0181017828693,1312.9829979571143,1312.9479813471246,1312.9130517305143,1312.8782088858309,1312.8434525925506,1312.8087826310725,1312.7741987827137,1312.7397008297012,1312.7052885551739,1312.6709617431704,1312.6367201786265,1312.602563647369,1312.568491936113,1312.5345048324566,1312.5006021248732,1312.466783602708,1312.4330490561733,1312.3993982763434,1312.3658310551516,1312.332347185381,1312.2989464606621,1312.26562867547,1312.199241105742,1311.87221085397
569.15,1333.2891796590422,1332.4621616161971,1331.6602410582693,1330.8822147100389,1330.1270038982714,1329.3936315820572,1328.6812042111656,1327.9888974589437,1327.315945046758,1326.6616300197304,1326.0252779528676,1325.406251665966,1324.8039471080863,1324.2177901403572,1323.6472340018865,1323.0917572892904,1322.550862317615,1322.024073760612,1321.5109374925464,1321.0110195730701,1320.5239053320165,1320.0491985229673,1319.5865205237435,1319.1355095691076,1318.6958200062807,1318.2671215678783,1317.9318638722914,1317.8904292541647,1317.8490986596541,1317.8078717932904,1317.7667483609312,1317.7257280697565,1317.684810628263,1317.6439957462553,1317.6032831348407,1317.56267250642,1317.5221635746846,1317.4817560546078,1317.441449662437,1317.401244115691,1317.361139133146,1317.3211344348392,1317.2812297420537,1317.241424777316,1317.2017192643887,1317.1621129282626,1317.122605495154,1317.083196692494,1317.0438862489236,1317.0046738942897,1316.9655593596342,1316.9265423771885,1316.887622680372,1316.8488000037842,1316.8100740831876,1316.7714446555208,1316.7329114588736,1316.6944742324931,1316.6561327167713,1316.617886653242,1316.579735784575,1316.541679854563,1316.503718608126,1316.4658517912978,1316.4280791512226,1316.3904004361461,1316.352815395416,1316.3153237794684,1316.2779253398244,1316.2406198290885,1316.203407000935,1316.166286610109,1316.129258412414,1316.0923221647133,1316.0554776249176,1316.0187245519835,1315.9820627059048,1315.9454918477063,1315.9090117394426,1315.8726221441896,1315.8363228260364,1315.8001135500833,1315.7639940824315,1315.7279641901862,1315.6920236414403,1315.656172205276,1315.6204096517565,1315.5847357519217,1315.5491502777807,1315.5136530023083,1315.478243699439,1315.4429221440625,1315.4076881120152,1315.3725413800776,1315.3374817259667,1315.3025089283356,1315.2676227667616,1315.232823021745,1315.1981094747025,1315.1634819079632,1315.1289401047613,1315.0944838492337,1315.0601129264116,1315.0258271222174,1314.9916262234615,1314.9575100178315,1314.9234782938925,1314.8556674496983,1314.5216113898273
569.65,1336.3556802835444,1335.5087215062822,1334.687758683637,1333.8915022309784,1333.1188018673151,1332.3686206315494,1331.640014327872,1330.9321153366125,1330.2441199156892,1329.575278276302,1328.924886848932,1328.2922822662188,1327.6768366809456,1327.0779541131876,1326.4950675832101,1325.9276368378062,1325.3751465195776,1324.8371046625082,1324.3130414244404,1323.8025079889073,1323.3050755861186,1322.8203345965144,1322.3478937109,1321.8873791293815,1321.4384337874374,1321.0007166021046,1320.6584076692286,1320.6161016001256,1320.57390173456,1320.5318077676077,1320.489819395719,1320.447936316727,1320.4061582298223,1320.3644848355639,1320.3229158358588,1320.2814509339628,1320.2400898344715,1320.1988322433126,1320.1576778677377,1320.1166264163205,1320.0756775989448,1320.0348311268015,1319.9940867123776,1319.953444069452,1319.9129029130918,1319.8724629596377,1319.8321239267054,1319.791885533175,1319.751747499181,1319.7117095461156,1319.671771396609,1319.631932774537,1319.5921934050002,1319.5525530143266,1319.5130113300634,1319.4735680809717,1319.4342229970143,1319.3949758093522,1319.355826250343,1319.3167740535282,1319.2778189536284,1319.2389606865363,1319.200198989314,1319.1615336001828,1319.1229642585179,1319.0844907048415,1319.0461126808186,1319.0078299292486,1318.9696421940585,1318.9315492203025,1318.893550754145,1318.8556465428655,1318.8178363348457,1318.7801198795676,1318.742496927599,1318.7049672306005,1318.6675305413091,1318.6301866135361,1318.5929352021592,1318.5557760631211,1318.5187089534177,1318.4817336310955,1318.4448498552451,1318.4080573859944,1318.3713559845041,1318.3347454129635,1318.2982254345768,1318.26179581357,1318.2254563151728,1318.1892067056212,1318.1530467521475,1318.116976222977,1318.0809948873207,1318.0451025153704,1318.009298878294,1317.9735837482267,1317.9379568982706,1317.9024181024845,1317.8669671358807,1317.8316037744198,1317.796327795003,1317.76113897547,1317.7260370945928,1317.6910219320657,1317.6560932685072,1317.6212508854499,1317.586494565337,1317.517239248239,1317.1760536628237
570.15,1339.4363687235364,1338.568841040239,1337.728265865258,1336.913257961261,1336.1225879640126,1335.355153010301,1334.6099534662433,1333.8860745699258,1333.182672011566,1332.498960650123,1331.8342057123416,1331.1877159429644,1330.5588382768758,1329.946953688437,1329.3514739429588,1328.7718390325058,1328.2075151249003,1327.6579928928388,1327.1227861206712,1326.6014305109952,1326.0934826328178,1325.5985189685043,1325.116135028783,1324.6459445144621,1324.1875785105617,1323.7406847039395,1323.3912030163433,1323.3480105947156,1323.3049266193568,1323.261950775525,1323.219082749909,1323.1763222306292,1323.1336689072252,1323.0911224706522,1323.0486826132703,1323.006349028841,1322.964121412516,1322.9219994608327,1322.8799828717108,1322.8380713444344,1322.7962645796572,1322.7545622793857,1322.7129641469796,1322.6714698871385,1322.6300792059012,1322.5887918106323,1322.5476074100204,1322.5065257140686,1322.465546434085,1322.4246692826853,1322.383893973772,1322.3432202225422,1322.302647745468,1322.262176260297,1322.2218054860452,1322.1815351429882,1322.1413649526514,1322.1012946378128,1322.0613239224851,1322.0214525319166,1321.9816801925847,1321.9420066321802,1321.9024315796137,1321.862954764997,1321.8235759196466,1321.7842947760694,1321.7451110679615,1321.7060245301964,1321.6670348988273,1321.6281419110662,1321.5893453052938,1321.5506448210426,1321.5120401989932,1321.4735311809675,1321.4351175099248,1321.396798929952,1321.3585751862593,1321.320446025173,1321.2824111941309,1321.2444704416757,1321.2066235174455,1321.168870172171,1321.13121015767,1321.0936432268409,1321.0561691336495,1321.018787633135,1320.981498481396,1320.9443014355872,1320.9071962539106,1320.8701826956142,1320.8332605209803,1320.7964294913272,1320.7596893689927,1320.7230399173418,1320.6864809007477,1320.6500120845947,1320.6136332352676,1320.5773441201497,1320.5411445076147,1320.505034167021,1320.4690128687073,1320.4330803839882,1320.3972364851418,1320.361480945413,1320.3258135390035,1320.290234041066,1320.2547422277007,1320.1840207637802,1319.8355996321818
570.65,1342.5316523217855,1341.642889904737,1340.7821004914006,1339.9477927016144,1339.1386496957168,1338.3534959960994,1337.5912711582025,1336.8510089692124,1336.1318210844315,1335.4328842061122,1334.7534300727257,1334.0927376629988,1333.450127132516,1332.824955094769,1332.2166109362697,1331.6245139192304,1331.0481108775862,1330.486874354726,1329.9403010657466,1329.4079105947094,1328.8892442595436,1328.3838640947195,1327.8913519155458,1327.4113084386292,1326.9433524411638,1326.4871199478685,1326.1303408099059,1326.0862467473983,1326.0422634389777,1325.9983905597053,1325.954627786134,1325.9109747963068,1325.867431269737,1325.8239968874122,1325.7806713317798,1325.7374542867428,1325.6943454376508,1325.6513444712962,1325.6084510759008,1325.5656649411135,1325.5229857580007,1325.4804132190393,1325.4379470181095,1325.3955868504884,1325.3533324128405,1325.3111834032134,1325.2691395210281,1325.2272004670733,1325.1853659434967,1325.1436356538022,1325.1020093028346,1325.0604865967798,1325.0190672431556,1324.9777509508035,1324.936537429884,1324.8954263918633,1324.854417549517,1324.8135106169125,1324.772705309409,1324.7320013436472,1324.6913984375437,1324.650896310282,1324.6104946823104,1324.5701932753286,1324.529991812288,1324.4898900173766,1324.449887616022,1324.4099843348758,1324.3701799018127,1324.3304740459184,1324.29086649749,1324.2513569880225,1324.2119452502056,1324.1726310179183,1324.1334140262195,1324.0942940113418,1324.0552707106858,1324.0163438628144,1323.9775132074435,1323.938778485441,1323.9001394388126,1323.861595810701,1323.8231473453775,1323.7847937882395,1323.7465348857968,1323.70837038567,1323.6703000365846,1323.6323235883629,1323.594440791919,1323.5566513992528,1323.518955163442,1323.4813518386363,1323.4438411800543,1323.4064229439753,1323.3690968877293,1323.3318627696976,1323.2947203493052,1323.2576693870124,1323.2207096443092,1323.1838408837102,1323.1470628687505,1323.1103753639768,1323.0737781349426,1323.0372709482028,1323.0008535713087,1322.9645257728014,1322.928287322203,1322.856077547719,1322.5003124773207
571.15,1345.641961787504,1344.7312575491474,1343.849617305446,1342.9954317566176,1342.167287165869,1341.3639279078109,1340.5842267018143,1339.827161058069,1339.0917947206963,1338.3772631081238,1337.6827619319195,1337.0075383267078,1336.3508839499123,1335.71212961477,1335.0906411067078,1334.4858159044745,1333.8970805858469,1333.323888745447,1332.7657192908289,1332.2220750141691,1331.6924813618173,1331.1764853438003,1330.6736545408996,1330.183576179153,1329.705856250873,1329.2401186684579,1328.875914096728,1328.830902704923,1328.7860044424724,1328.7412189738575,1328.6965459651049,1328.6519850837888,1328.6075359990166,1328.5631983814253,1328.518971903169,1328.4748562379164,1328.4308510608398,1328.3869560486082,1328.3431708793814,1328.299495232798,1328.2559287899749,1328.212471233493,1328.1691222473894,1328.1258815171595,1328.0827487297372,1328.039723573495,1327.996805738233,1327.9539949151751,1327.9112907969566,1327.8686930776216,1327.8262014526133,1327.7838156187647,1327.7415352742946,1327.699360118802,1327.657289853249,1327.6153241799668,1327.5734628026396,1327.531705426298,1327.4900517573155,1327.4485015033981,1327.40705437358,1327.365710078213,1327.3244683289602,1327.2833288387922,1327.2422913219748,1327.2013554940686,1327.160521071914,1327.1197877736286,1327.079155318604,1327.0386234274886,1326.9981918221922,1326.957860225869,1326.9176283629174,1326.8774959589716,1326.8374627408928,1326.7975284367633,1326.7576927758817,1326.717955488754,1326.6783163070854,1326.6387749637777,1326.5993311929205,1326.5599847297833,1326.5207353108108,1326.4815826736144,1326.4425265569676,1326.4035667007986,1326.364702846184,1326.3259347353398,1326.2872621116196,1326.2486847195053,1326.2102023045993,1326.171814613622,1326.1335213944,1326.0953223958686,1326.0572173680548,1326.0192060620777,1325.9812882301385,1325.943463625522,1325.905732002581,1325.8680931167326,1325.8305467244563,1325.7930925832832,1325.7557304517932,1325.7184600896057,1325.681281257377,1325.6441937167915,1325.6071972305567,1325.5334764770546,1325.170256631915
571.65,1348.76775336364,1347.83435493593,1346.9311893232707,1346.0565160865997,1345.2088140145481,1344.3867388778808,1343.5890898002258,1342.8147826061295,1342.0628287914003,1341.332318999799,1340.622410090839,1339.9323150515002,1339.2612951447709,1338.608653804432,1337.9737318820114,1337.3559039313152,1336.7545752812791,1336.1691797012465,1335.5991775060934,1335.0440539836475,1334.5033180549392,1333.9765011002007,1333.4631559011784,1332.9628556641462,1332.4751930987065,1331.9997795355648,1331.628018144862,1331.5820733214712,1331.5362440726278,1331.490530051821,1331.4449309141487,1331.3994463163162,1331.3540759166212,1331.3088193749522,1331.263676352777,1331.2186465131335,1331.1737295206267,1331.1289250414156,1331.084232743208,1331.0396522952526,1330.9951833683297,1330.950825634745,1330.906578768322,1330.8624424443906,1330.818416339785,1330.7745001328303,1330.7306935033396,1330.6869961326024,1330.643407703379,1330.5999278998936,1330.5565564078238,1330.5132929142937,1330.4701371078704,1330.4270886785494,1330.384147317754,1330.3413127183226,1330.2985845745022,1330.2559625819454,1330.2134464376927,1330.1710358401797,1330.1287304892157,1330.0865300859825,1330.04443433303,1330.0024429342604,1329.96055559493,1329.918772021637,1329.8770919223125,1329.8355150062182,1329.7940409839348,1329.7526695673562,1329.7114004696841,1329.6702334054196,1329.6291680903532,1329.5882042415615,1329.547341577399,1329.5065798174908,1329.4659186827244,1329.4253578952448,1329.3848971784462,1329.3445362569641,1329.304274856672,1329.2641127046677,1329.2240495292751,1329.1840850600306,1329.1442190276787,1329.1044511641649,1329.064781202629,1329.025208877397,1328.9857339239788,1328.9463560790552,1328.907075080477,1328.867890667253,1328.8288025795468,1328.7898105586703,1328.750914347076,1328.712113688351,1328.6734083272083,1328.6347980094833,1328.5962824821286,1328.5578614932037,1328.519534791866,1328.481302128374,1328.443163254074,1328.4051179213943,1328.3671658838405,1328.329306895988,1328.29154071348,1328.2162857923379,1327.8454978191508
572.15,1351.9095112400519,1350.9526164872432,1350.027209406984,1349.1314035839628,1348.2635584580003,1347.4222317035524,1346.6061412632544,1345.8141352117752,1345.0451679403945,1344.2982814174436,1343.5725905021973,1342.867271476233,1342.1815531118687,1341.5147097268261,1340.866055781684,1340.234941665334,1339.6207503865585,1339.0228949495195,1338.4408162395187,1337.8739812846632,1337.321881790723,1336.7840328716784,1336.2599719184686,1335.7492575641272,1335.2514687156959,1334.766203632618,1334.3867505171602,1334.339855731657,1334.2930790383923,1334.246420079436,1334.1998784985362,1334.1534539411068,1334.1071460542241,1334.0609544866113,1334.0148788886343,1333.968918912297,1333.9230742112245,1333.877344440662,1333.8317292574645,1333.786228320087,1333.7408412885795,1333.6955678245768,1333.6504075912896,1333.6053602534987,1333.560425477545,1333.515602931324,1333.470892284274,1333.426293207371,1333.3818053731197,1333.3374284555466,1333.2931621301893,1333.249006074093,1333.2049599657962,1333.1610234853313,1333.1171963142085,1333.0734781354142,1333.0298686333986,1332.986367494069,1332.9429744047873,1332.8996890543526,1332.8565111330022,1332.813440332398,1332.7704763456225,1332.7276188671715,1332.6848675929414,1332.642222220226,1332.5996824477102,1332.5572479754578,1332.5149185049072,1332.4726937388632,1332.4305733814888,1332.3885571382975,1332.3466447161468,1332.3048358232334,1332.2631301690806,1332.2215274645305,1332.180027421747,1332.1386297541928,1332.0973341766353,1332.0561404051327,1332.015048157029,1331.9740571509453,1331.933167106775,1331.8923777456735,1331.8516887900525,1331.8110999635749,1331.7706109911458,1331.7302215989032,1331.689931514215,1331.6497404656718,1331.6096481830762,1331.5696543974389,1331.5297588409717,1331.4899612470801,1331.4502613503555,1331.4106588865698,1331.3711535926682,1331.3317452067631,1331.292433468124,1331.2532181171766,1331.214098895491,1331.1750755457779,1331.1361478118815,1331.0973154387714,1331.0585781725372,1331.0199357603833,1330.9813879506196,1330.904575137005,1330.5261030882502
572.65,1355.0677502415651,1354.0865022509784,1353.1380920135173,1352.220470488687,1351.3318644388316,1350.4707227860667,1349.635673778952,1348.8254909405532,1348.0390661169827,1347.2753882385125,1346.5335266518468,1345.812618088792,1345.1118565093643,1344.430485201309,1343.767790637484,1343.1230976913778,1342.4957658923568,1341.8851864689095,1341.290779982553,1340.7119943990972,1340.148303479579,1339.5992054015458,1339.0642215440544,1338.5428953874646,1338.0347914930542,1337.539494538099,1337.1522111478216,1337.1043494264816,1337.0566083902436,1337.0089876693205,1336.96148689567,1336.9141057029801,1336.8668437266674,1336.8197006038586,1336.772675973392,1336.7257694758032,1336.6789807533196,1336.6323094498484,1336.5857552109724,1336.5393176839377,1336.4929965176464,1336.4467913626502,1336.400701871141,1336.3547276969398,1336.308868495492,1336.263123923859,1336.2174936407037,1336.1719773062935,1336.1265745824799,1336.0812851326996,1336.0361086219607,1335.9910447168386,1335.9460930854614,1335.90125339751,1335.856525324205,1335.811908538297,1335.7674027140645,1335.7230075272994,1335.6787226553035,1335.6345477768778,1335.5904825723164,1335.5465267233967,1335.5026799133716,1335.458941826967,1335.4153121503616,1335.3717905711928,1335.3283767785388,1335.2850704629163,1335.2418713162717,1335.19877903197,1335.1557933047916,1335.1129138309225,1335.0701403079445,1335.0274724348317,1334.9849099119397,1334.942452440999,1334.9000997251076,1334.8578514687251,1334.8157073776579,1334.7736671590617,1334.7317305214272,1334.6898971745752,1334.6481668296483,1334.6065391991033,1334.5650139967056,1334.5235909375199,1334.482269737901,1334.441050115493,1334.3999317892149,1334.3589144792559,1334.3179979070717,1334.2771817953721,1334.2364658681138,1334.1958498505,1334.1553334689663,1334.1149164511737,1334.0745985260078,1334.034379423565,1333.9942588751492,1333.9542366132644,1333.9143123716044,1333.874485885054,1333.8347568896722,1333.7951251226912,1333.7555903225089,1333.7161522286826,1333.676810581919,1333.5984155981323,1333.2121408522996
573.15,1358.2430188233297,1357.2365003121708,1356.264275138847,1355.32411295956,1354.4140929000462,1353.5325431682847,1352.6779927633922,1351.8491330258287,1351.0447871581368,1350.2638861697026,1349.5054499719217,1348.7685725793347,1348.0524105639363,1347.3561740697999,1346.6791198280391,1346.0205457221136,1345.3797865442145,1344.7562106579264,1344.1492173431534,1343.5582346487688,1342.9827176182928,1342.4221467860104,1341.8760268664007,1341.3438855799309,1340.8252725740629,1340.3197584104344,1339.9245024220895,1339.8756563323948,1339.8269335986352,1339.7783338387085,1339.7298566723205,1339.6815017209778,1339.6332686079838,1339.5851569584227,1339.5371663991546,1339.4892965588044,1339.4415470677568,1339.3939175581418,1339.3464076638331,1339.2990170204346,1339.251745265267,1339.2045920373716,1339.157556977492,1339.1106397280678,1339.063839933225,1339.0171572387708,1338.9705912921802,1338.924141742592,1338.8778082407969,1338.8315904392318,1338.7854879919676,1338.7395005547032,1338.6936277847565,1338.6478693410586,1338.6022248841375,1338.556694076121,1338.5112765807185,1338.4659720632153,1338.4207801904702,1338.3757006308963,1338.3307330544637,1338.2858771326833,1338.2411325386017,1338.1964989467951,1338.1519760333556,1338.1075634758884,1338.0632609534975,1338.0190681467877,1337.974984737846,1337.9310104102367,1337.8871448489972,1337.8433877406264,1337.7997387730768,1337.7561976357463,1337.7127640194724,1337.6694376165221,1337.6262181205852,1337.5831052267674,1337.5400986315774,1337.497198032926,1337.4544031301123,1337.4117136238212,1337.3691292161125,1337.3266496104116,1337.284274511506,1337.2420036255357,1337.1998366599837,1337.1577733236727,1337.1158133267515,1337.0739563806956,1337.0322021982888,1336.9905504936278,1336.9490009821054,1336.9075533804078,1336.8662074065048,1336.8249627796447,1336.7838192203446,1336.7427764503855,1336.7018341928028,1336.660992171881,1336.6202501131431,1336.5796077433495,1336.539064790484,1336.498620983752,1336.4582760535682,1336.4180297315556,1336.3778817505363,1336.2978797487006,1335.903680927449
573.65,1361.4359024095381,1360.4031294787835,1359.406222480992,1358.442748819582,1357.5106231975785,1356.6080396823534,1355.7334172978772,1354.8853566389066,1354.062605426034,1353.2640312791789,1352.488600289303,1351.73536022196,1351.0034273989454,1350.2919764818341,1349.6002325289157,1348.927464819446,1348.272982040247,1347.6361285127684,1347.0162812067472,1346.412847341887,1345.8252624238569,1345.2529885968752,1344.6955132239377,1344.1523476285706,1343.6230259498545,1343.1071040764114,1342.7037292592308,1342.65388089363,1342.6041586356826,1342.554562090486,1342.5050908650176,1342.4557445681319,1342.4065228105444,1342.3574252048252,1342.308451365392,1342.259600908497,1342.2108734522183,1342.1622686164542,1342.1137860229117,1342.065425295095,1342.017186058303,1341.9690679396122,1341.921070567875,1341.873193573706,1341.825436589474,1341.7777992492952,1341.7302811890215,1341.6828820462329,1341.6356014602272,1341.5884390720155,1341.5413945243076,1341.4944674615076,1341.4476575297012,1341.400964376652,1341.3543876517863,1341.3079270061917,1341.2615820926014,1341.2153525653905,1341.169238080566,1341.1232382957564,1341.077352870204,1341.031581464759,1340.985923741868,1340.940379365564,1340.8949480014628,1340.8496293167495,1340.8044229801744,1340.7593286620418,1340.714346034202,1340.6694747700417,1340.624714544478,1340.5800650339522,1340.535525916413,1340.491096871317,1340.4467775796177,1340.4025677237535,1340.3584669876464,1340.3144750566855,1340.2705916177272,1340.2268163590834,1340.1831489705094,1340.1395891432028,1340.0961365697917,1340.0527909443265,1340.009551962273,1339.9664193205062,1339.923392717298,1339.8804718523093,1339.8376564265907,1339.7949461425608,1339.7523407040146,1339.7098398160988,1339.667443185317,1339.6251505195164,1339.5829615278803,1339.5408759209208,1339.4988934104726,1339.4570137096853,1339.4152365330099,1339.3735615962016,1339.3319886163047,1339.2905173116474,1339.2491474018314,1339.2078786077316,1339.1667106514824,1339.1256432564726,1339.0846761473374,1339.0030416914235,1338.6007945735441
574.15,1364.6470271158873,1363.5869422741478,1362.564425847666,1361.5768194962272,1360.6218546677967,1359.6975762204902,1358.8022811639084,1357.934469736826,1357.0928065073138,1356.2760895779825,1355.4832263133885,1354.7132142879047,1353.9651263880494,1353.2380992003127,1352.5313239796528,1351.8440396299789,1351.1755272405771,1350.5251058150966,1349.8921289057,1349.2759819268856,1348.676079973749,1348.0918660099383,1347.5228093229364,1346.9684041701264,1346.428168559326,1345.9016431233333,1345.489999198973,1345.439130157954,1345.3883900602261,1345.337778497583,1345.2872950637832,1345.236939354527,1345.1867109674522,1345.1366095021285,1345.086634560041,1345.0367857445851,1344.9870626610564,1344.9374649166411,1344.887992120404,1344.8386438832815,1344.789419818075,1344.7403195394352,1344.691342663858,1344.6424888096724,1344.5937575970313,1344.5451486479055,1344.4966615860683,1344.4482960370929,1344.400051628339,1344.351927988945,1344.3039247498177,1344.256041543627,1344.2082780047888,1344.1606337694661,1344.113108475553,1344.065701762666,1344.0184132721388,1343.9712426470105,1343.9241895320156,1343.8772535735775,1343.8304344198,1343.7837317204537,1343.7371451269762,1343.6906742924489,1343.644318871606,1343.59807852081,1343.5519528980528,1343.5059416629417,1343.4600444766927,1343.414261002125,1343.3685909036428,1343.3230338472374,1343.2775895004736,1343.23225753248,1343.1870376139418,1343.1419294170937,1343.0969326157087,1343.0520468850923,1343.0072719020704,1342.9626073449883,1342.9180528936888,1342.8736082295195,1342.8292730353126,1342.785046995385,1342.7409297955223,1342.6969211229757,1342.6530206664534,1342.6092281161093,1342.5655431635375,1342.5219655017647,1342.4784948252407,1342.435130829827,1342.391873212796,1342.348721672819,1342.305675909957,1342.262735625654,1342.219900522729,1342.1771703053694,1342.1345446791202,1342.0920233508812,1342.0496060288924,1342.0072924227304,1341.9650822433007,1341.9229752028302,1341.880971014857,1341.8390693942217,1341.7972700570688,1341.7139771042125,1341.3035545362416
574.65,1367.877063900609,1366.788528272214,1365.7394078375066,1364.7267921796329,1363.7482083683385,1362.801535143488,1361.8849339875142,1360.9967939969356,1360.135687981301,1359.3003376562904,1358.4895861676162,1357.7023764937885,1356.9377345370124,1356.1947559300909,1355.472595769452,1354.7704606358498,1354.087602389599,1353.4233133305725,1352.776922397973,1352.147792154167,1351.535316353116,1350.938917939465,1350.358047360745,1349.7921811042886,1349.2408203933708,1348.703489995094,1348.283422491573,1348.231513866008,1348.1797371064586,1348.1280917908991,1348.0765774993408,1348.025193813818,1347.973940318379,1347.9228165990785,1347.8718222439657,1347.820956843075,1347.7702199884172,1347.719611273966,1347.6691302956524,1347.6187766513528,1347.5685499408812,1347.5184497659743,1347.4684757302912,1347.4186274393937,1347.3689045007407,1347.3193065236817,1347.2698331194435,1347.22048390112,1347.1712584836669,1347.1221564838872,1347.073177520424,1347.0243212137548,1346.9755871861723,1346.9269750617843,1346.878484466502,1346.830115028028,1346.7818663758478,1346.7337381412253,1346.6857299571825,1346.6378414585024,1346.5900722817148,1346.5424220650834,1346.4948904486027,1346.4474770739855,1346.4001815846514,1346.3530036257264,1346.3059428440233,1346.2589988880386,1346.212171407944,1346.1654600555719,1346.1188644844126,1346.072384349605,1346.0260193079198,1345.979769017759,1345.9336331391485,1345.8876113337167,1345.841703264699,1345.7959085969248,1345.7502269968043,1345.7046581323266,1345.659201673045,1345.6138572900704,1345.5686246560686,1345.523503445239,1345.478493333318,1345.4335939975635,1345.3888051167494,1345.344126371155,1345.299557442561,1345.2550980142298,1345.210747770915,1345.1665063988355,1345.1223735856784,1345.0783490205831,1345.0344323941413,1344.99062339838,1344.9469217267585,1344.9033270741606,1344.8598391368826,1344.816457612629,1344.7731822005017,1344.730012600991,1344.686948515975,1344.6439896487,1344.601135703781,1344.558386387192,1344.5157414062571,1344.4307632873451,1344.012035090687
575.15,1371.1267331942192,1370.008517815784,1368.9317248271204,1367.893162224517,1366.8901290128654,1365.9203188432848,1364.9817425058595,1364.0726658485353,1363.1915602652546,1362.3370633808956,1361.5079479697422,1360.7030974888066,1359.921486896792,1359.16216767182,1358.4242561434105,1357.7069244224276,1357.0093933522019,1356.330927019131,1355.6708284557153,1355.0284362463647,1354.4031218093319,1353.794287179128,1353.2013631547782,1352.6238077120404,1352.0611046036993,1351.5127620923854,1351.0841121916947,1351.0311445444333,1350.9783117763086,1350.9256134509274,1350.873049134014,1350.8206183933964,1350.7683207989985,1350.7161559228307,1350.664123338973,1350.6122226235748,1350.5604533548378,1350.5088151130078,1350.4573074803627,1350.405930041206,1350.3546823818526,1350.3035640906232,1350.2525747578309,1350.2017139757688,1350.1509813387088,1350.100376442882,1350.049898886474,1349.999548269615,1349.9493241943658,1349.8992262647137,1349.8492540865586,1349.799407267704,1349.7496854178485,1349.7000881485735,1349.6506150733383,1349.6012658074617,1349.5520399681245,1349.5029371743465,1349.4539570469879,1349.4050992087336,1349.3563632840865,1349.307748899354,1349.2592556826435,1349.2108832638498,1349.1626312746455,1349.114499348474,1349.0664871205358,1349.0185942277874,1348.9708203089176,1348.9231650043546,1348.8756279562438,1348.828208808447,1348.780907206526,1348.7337227977414,1348.6866552310344,1348.6397041570253,1348.5928692280013,1348.5461500979025,1348.4995464223257,1348.453057858499,1348.4066840652872,1348.3604247031728,1348.31427943425,1348.2682479222212,1348.2223298323772,1348.1765248315992,1348.1308325883404,1348.0852527726277,1348.0397850560403,1347.9944291117117,1347.9491846143167,1347.9040512400613,1347.8590286666763,1347.814116573406,1347.7693146410054,1347.7246225517235,1347.6800399892986,1347.6355666389532,1347.5912021873803,1347.5469463227375,1347.5027987346343,1347.4587591141315,1347.414827153727,1347.3710025473495,1347.3272849903492,1347.283674179488,1347.240169812937,1347.1534792124194,1346.726312086823
575.65,1374.396810063707,1373.2475861626497,1372.1419702999542,1371.0764558245826,1370.0480871226807,1369.0543514778617,1368.0930919706452,1367.1624376130117,1366.2607475456975,1365.3865666610284,1364.5385904664658,1363.7156373852702,1362.9166270113228,1362.140563103738,1361.3865203314,1360.6536339645145,1359.941091865266,1359.2481282579731,1358.5740188645798,1357.918077077756,1357.2796509144564,1356.6581205498323,1356.0528962775454,1355.4634167793931,1354.889147616477,1354.329579877237,1353.8921842562977,1353.8381376029583,1353.7842289357252,1353.7304578032674,1353.6768237564556,1353.6233263483512,1353.5699651341927,1353.516739671389,1353.4636495195039,1353.410694240251,1353.357873397476,1353.3051865571533,1353.2526332873738,1353.200213158329,1353.1479257423052,1353.0957706136749,1353.0437473488803,1352.9918555264278,1352.940094726876,1352.8884645328267,1352.8369645289076,1352.7855943017764,1352.7343534400939,1352.6832415345255,1352.6322581777279,1352.5814029643345,1352.5306754909514,1352.4800753561444,1352.429602160429,1352.3792555062616,1352.3290349980261,1352.2789402420283,1352.2289708464818,1352.1791264215008,1352.129406579091,1352.0798109331356,1352.03033909939,1351.9809906954677,1351.9317653408311,1351.882662656791,1351.833682266479,1351.7848237948529,1351.7360868686815,1351.687471116534,1351.6389761687724,1351.5906016575411,1351.5423472167536,1351.494212482091,1351.4461970909877,1351.398300682618,1351.3505228978931,1351.3028633794502,1351.2553217716381,1351.2078977205151,1351.1605908738366,1351.1134008810407,1351.0663273932475,1351.0193700632447,1350.9725285454792,1350.9258024960463,1350.879191572684,1350.832695434761,1350.78631374327,1350.7400461608145,1350.6938923516027,1350.6478519814398,1350.6019247177155,1350.5561102293977,1350.5104081870195,1350.464818262677,1350.4193401300138,1350.3739734642165,1350.328717942002,1350.2835732416142,1350.2385390428092,1350.1936150268489,1350.148800876496,1350.104096275997,1350.0595009110823,1350.015014468953,1349.9706366382718,1349.8822055731735,1349.446462996385
576.15,1377.6881299733247,1376.5064581096317,1375.3707785571378,1374.2772329916618,1373.22258142091,1372.2040808989398,1371.219387704566,1370.266478765372,1369.343588805999,1368.4491602905362,1367.5818037287222,1366.7402663374462,1365.9234074039077,1365.130178994432,1364.3596109019923,1363.6107989329448,1362.8828958059175,1362.1751040784698,1361.4866706347168,1360.8168823635883,1360.1650627362094,1359.53056905493,1358.9127901981767,1358.3111447268545,1357.725079251085,1357.1540669821609,1356.7077576467495,1356.6526114356745,1356.5976064151278,1356.5427421182467,1356.4880180804564,1356.4334338394654,1356.3789889352413,1356.324682910014,1356.2705153082504,1356.216485676659,1356.1625935641594,1356.1088385218918,1356.0552201031924,1356.001737863584,1355.9483913607694,1355.8951801546207,1355.842103807163,1355.789161882566,1355.7363539471366,1355.6836795693052,1355.631138319613,1355.578729770706,1355.5264534973194,1355.4743090762731,1355.4222960864538,1355.3704141088074,1355.3186627263344,1355.2670415240684,1355.2155500890754,1355.1641880104366,1355.1129548792414,1355.061850288576,1355.0108738335146,1354.9600251111044,1354.9093037203647,1354.858709262263,1354.808241339717,1354.757899557578,1354.707683522624,1354.6575928435457,1354.6076271309387,1354.5577859972948,1354.508069056988,1354.458475926269,1354.409006223251,1354.3596595679032,1354.3104355820376,1354.2613338893,1354.2123541151634,1354.1634958869136,1354.1147588336405,1354.0661425862313,1354.017646777354,1353.9692710414577,1353.9210150147521,1353.8728783352042,1353.8248606425288,1353.7769615781742,1353.7291807853173,1353.6815179088535,1353.633972595381,1353.5865444932022,1353.5392332523045,1353.4920385243536,1353.4449599626882,1353.3979972223042,1353.3511499598487,1353.3044178336122,1353.257800503516,1353.2112976311034,1353.1649088795323,1353.1186339135656,1353.0724723995602,1353.0264240054587,1352.9804884007824,1352.9346652566176,1352.8889542456122,1352.8433550419606,1352.7978673214038,1352.7524907612064,1352.7072250401616,1352.6170248382552,1352.1725669616796
576.65,1381.0015952111648,1379.7859131502805,1378.6188288551116,1377.4960908753405,1376.4141414979138,1375.3699807953042,1374.361056828925,1373.3851773315162,1372.4404389615656,1371.5251708753626,1370.6378899146457,1369.7772651742105,1368.9420901065052,1368.1312606499903,1367.3437581440523,1366.5786360236243,1365.8350094781383,1365.1120474182198,1364.408966224437,1363.7250248600963,1363.0595210180693,1362.4117880433314,1361.7811924308328,1361.1671317449807,1360.5690328442706,1359.9863503241265,1359.5309544353886,1359.47468752671,1359.4185651142,1359.3625867148444,1359.306751848007,1359.2510600354256,1359.1955108011907,1359.1401036717432,1359.0848381758567,1359.0297138446278,1358.9747302114652,1358.9198868120757,1358.8651831844572,1358.8106188688803,1358.7561934078874,1358.7019063462676,1358.6477572310591,1358.5937456115269,1358.539871039161,1358.4861330676579,1358.4325312529104,1358.379065153002,1358.3257343281898,1358.2725383408963,1358.2194767556969,1358.1665491393096,1358.113755060587,1358.0610940904967,1358.0085658021246,1357.9561697706476,1357.9039055733356,1357.851772789535,1357.7997710006578,1357.7478997901726,1357.6961587435947,1357.6445474484735,1357.5930654943795,1357.5417124728995,1357.4904879776213,1357.439391604128,1357.3884229499813,1357.3375816147134,1357.2868671998217,1357.2362793087482,1357.1858175468788,1357.1354815215286,1357.085270841929,1357.0351851192222,1356.9852239664492,1356.9353869985375,1356.8856738322957,1356.8360840863968,1356.7866173813727,1356.7372733396032,1356.6880515853043,1356.6389517445223,1356.5899734451157,1356.5411163167546,1356.4923799909034,1356.4437641008155,1356.39526828152,1356.346892169816,1356.2986354042553,1356.2504976251423,1356.2024784745167,1356.1545775961472,1356.1067946355186,1356.0591292398283,1356.0115810579687,1355.9641497405223,1355.9168349397537,1355.8696363095946,1355.8225535056376,1355.7755861851285,1355.7287340069524,1355.681996631625,1355.6353737212892,1355.5888649396977,1355.5424699522084,1355.4961884257714,1355.4500200289249,1355.3580213060252,1354.9047048462205
577.15,1384.3381820585216,1383.086791228305,1381.8868500199587,1380.7336674632668,1379.6233307799348,1378.5525530772973,1377.5185501827614,1376.518941437395,1375.5516701153801,1374.6149398564012,1373.7071641081648,1372.8269260917332,1371.972947236833,1371.1440623993294,1370.3392004790198,1369.55736931138,1368.797643919603,1368.0591573897616,1367.3410937776819,1366.6426825761403,1365.963194369256,1365.301937381099,1364.658254690497,1364.031521936396,1363.4211453800522,1362.8265602236543,1362.3618999167784,1362.3044905605475,1362.2472291112854,1362.1901150691729,1362.1331479368691,1362.0763272194972,1362.0196524246344,1361.9631230623,1361.9067386449417,1361.8504986874236,1361.7944027070148,1361.7384502233785,1361.6826407585568,1361.6269738369622,1361.571448985363,1361.5160657328736,1361.4608236109414,1361.4057221533355,1361.3507608961352,1361.2959393777164,1361.2412571387435,1361.1867137221564,1361.1323086731572,1361.0780415391991,1361.023911869979,1360.9699192174198,1360.9160631356644,1360.8623431810606,1360.808758912152,1360.7553098896658,1360.7019956765014,1360.6488158377215,1360.5957699405358,1360.5428575542956,1360.4900782504787,1360.4374316026795,1360.3849171866025,1360.3325345800376,1360.2802833628682,1360.228163117045,1360.1761734265826,1360.1243138775458,1360.072584058039,1360.0209835581975,1359.9695119701746,1359.918168888131,1359.866953908223,1359.815866628595,1359.7649066493668,1359.7140735726216,1359.6633670023991,1359.612786544683,1359.5623318073856,1359.5120024003481,1359.4617979353181,1359.4117180259486,1359.3617622877834,1359.3119303382464,1359.2622217966302,1359.212636284092,1359.1631734236344,1359.1138328401,1359.0646141601649,1359.0155170123182,1358.9665410268617,1358.9176858358962,1358.8689510733084,1358.8203363747657,1358.7718413777027,1358.723465721313,1358.6752090465397,1358.627070996061,1358.579051214287,1358.5311493473448,1358.4833650430733,1358.4356979510035,1358.3881477223633,1358.340714010056,1358.2933964686551,1358.2461947543943,1358.199108525158,1358.1052811614916,1357.6429592872912
577.65,1387.698948787729,1386.4099991558908,1385.1756255940647,1383.9906457066477,1382.850749836753,1381.7523305309905,1380.6923444561526,1379.6682010280326,1378.6776729481414,1377.7188246389503,1376.7899552420415,1375.8895534131645,1375.0162616286898,1374.168848121983,1373.3461849071914,1372.5472306312129,1371.7710172307488,1371.0166395674808,1370.2832473765711,1369.5700389974336,1368.8762564653653,1368.2011816321647,1367.5441330566557,1366.9044634647269,1366.2815576256935,1365.6748305293277,1365.2007227239174,1365.142148537246,1365.0837257776257,1365.0254539277469,1364.9673324728878,1364.909360900889,1364.8515387021423,1364.7938653695858,1364.7363403986799,1364.6789632874047,1364.621733536241,1364.5646506481605,1364.507714128609,1364.450923485503,1364.3942782292072,1364.3377778725273,1364.281421930699,1364.2252099213713,1364.1691413645976,1364.113215782823,1364.0574327008705,1364.0017916459317,1363.946292147553,1363.8909337376233,1363.8357159503632,1363.7806383223121,1363.7257003923164,1363.6709017015187,1363.6162417933479,1363.561720213502,1363.507336509938,1363.4530902328656,1363.39898093473,1363.3450081702003,1363.2911714961635,1363.2374704717047,1363.1839046581033,1363.1304736188172,1363.0771769194705,1363.0240141278491,1362.9709848138789,1362.9180885496223,1362.8653249092663,1362.8126934691052,1362.7601938075386,1362.7078255050515,1362.655588144209,1362.6034813096417,1362.5515045880384,1362.4996575681314,1362.4479398406847,1362.3963509984906,1362.3448906363446,1362.293558351053,1362.2423537414063,1362.191276408174,1362.1403259540962,1362.0895019838688,1362.0388041041372,1361.9882319234794,1361.9377850524,1361.887463103321,1361.8372656905626,1361.787192430344,1361.7372429407646,1361.6874168417971,1361.6377137552743,1361.5881333048826,1361.5386751161484,1361.4893388164287,1361.4401240348998,1361.3910304025485,1361.342057552162,1361.2932051183143,1361.2444727373606,1361.195860047424,1361.1473666883878,1361.09899230188,1361.0507365312712,1361.0025990216573,1360.9545794198557,1360.858892535478,1360.3874147505528
578.15,1391.0850445837882,1389.756517773895,1388.4859995771124,1387.2677581208463,1386.0970400681945,1384.969879773918,1383.8829445630902,1382.8334097765805,1381.8188582589778,1380.8371998413902,1379.886607115321,1378.9654644231189,1378.0723275216806,1377.20589182316,1376.3649674917815,1375.5484599898944,1374.7553549284034,1373.9847062945537,1373.2356273104383,1372.5072833245003,1371.7988862605491,1371.1096902488803,1370.4389881454454,1369.7861087108793,1369.15041427417,1368.5312987480459,1368.0475549496875,1367.9877928928502,1367.9281858967327,1367.8687334258302,1367.8094349473265,1367.7502899310764,1367.6912978495895,1367.6324581780268,1367.5737703941759,1367.515233978445,1367.4568484138463,1367.3986131859854,1367.340527783045,1367.2825916957718,1367.2248044174705,1367.1671654439795,1367.1096742736693,1367.052330407418,1366.9951333486115,1366.9380826031215,1366.8811776792925,1366.8244180879383,1366.7678033423183,1366.711332958133,1366.655006453508,1366.5988233489809,1366.542783167492,1366.486885434371,1366.4311296773224,1366.3755154264143,1366.32004221407,1366.2647095750497,1366.2095170464431,1366.1544641676555,1366.0995504803946,1366.0447755286625,1365.99013885874,1365.9356400191764,1365.8812785607743,1365.8270540365831,1365.7729660018879,1365.7190140141875,1365.6651976331957,1365.6115164208209,1365.5579699411583,1365.504557760477,1365.4512794472075,1365.3981345719337,1365.3451227073783,1365.2922434283898,1365.2394963119382,1365.1868809370917,1365.1343968850183,1365.0820437389673,1365.0298210842575,1364.9777285082687,1364.9257656004315,1364.8739319522067,1364.8222271570903,1364.7706508105903,1364.7192025102163,1364.6678818554724,1364.6166884478466,1364.5656218907945,1364.5146817897357,1364.4638677520359,1364.4131793869979,1364.3626163058552,1364.3121781217562,1364.2618644497531,1364.2116749067968,1364.1616091117187,1364.1116666852254,1364.0618472498863,1364.0121504301226,1363.9625758521963,1363.9131231442018,1363.863791936053,1363.8145818594746,1363.7654925479899,1363.716523636913,1363.618945566112,1363.1381575867554
578.65,1394.497719495875,1393.1274099395537,1391.8188828305113,1390.5657919165164,1389.3628878139982,1388.2058045478987,1387.090886282256,1386.0150472059263,1384.9756586745707,1383.9704586771988,1382.9974795163096,1382.0549902857126,1381.1414513171671,1380.2554782614354,1379.3958138849553,1378.561306011212,1377.750890326537,1376.9635770119203,1376.198440362935,1375.4546107255949,1374.7312682122347,1374.0276377731743,1373.342985290893,1372.6766144372218,1372.0278640935167,1371.396106181357,1370.9025322738526,1370.841558625263,1370.7807437891743,1370.7200872111334,1370.6595883394878,1370.5992466253679,1370.5390615226727,1370.4790324880546,1370.4191589809075,1370.3594404633532,1370.2998764002218,1370.240466259046,1370.1812095100404,1370.1221056260904,1370.063154082742,1370.004354358182,1369.9457059332285,1369.8872082913163,1369.828860918483,1369.7706633033586,1369.7126149371468,1369.6547153136182,1369.5969639290909,1369.5393602824254,1369.4819038750013,1369.424594210712,1369.3674307959525,1369.3104131396008,1369.253540753008,1369.1968131499868,1369.140229846798,1369.083790362136,1369.0274942171184,1368.971340935274,1368.9153300425273,1368.8594610671896,1368.803733539943,1368.7481469938316,1368.692700964245,1368.6373949889119,1368.5822286078812,1368.5272013635154,1368.472312800474,1368.4175624657053,1368.3629499084293,1368.3084746801321,1368.2541363345504,1368.1999344276549,1368.1458685176492,1368.0919381649483,1368.0381429321703,1367.9844823841258,1367.9309560878025,1367.8775636123578,1367.8243045291044,1367.7711784114986,1367.7181848351288,1367.6653233777045,1367.6125936190451,1367.5599951410672,1367.5075275277736,1367.455190365241,1367.402983241609,1367.3509057470703,1367.298957473859,1367.2471380162333,1367.195446970475,1367.143883934869,1367.0924485096946,1367.041140297217,1366.9899589016734,1366.938903929263,1366.8879749881364,1366.8371716883787,1366.7864936420108,1366.735940462964,1366.6855117670812,1366.6352071720983,1366.5850262976362,1366.5349687651897,1366.4850341981157,1366.3855324627693,1365.8952760906745
579.15,1397.938335536474,1396.5238294370974,1395.1752602220477,1393.8855947231211,1392.6490289366714,1391.460749388661,1390.3167391973702,1389.2136210480585,1388.1485305467006,1387.119014486115,1386.122949463547,1385.1584770559805,1384.223952408172,1383.31790363512,1382.4389999005664,1381.586026418528,1380.7578649470147,1379.953478611561,1379.1719001189663,1378.4122226059771,1377.6735925194687,1376.9552040492088,1376.2562947359543,1375.5761419601968,1374.9140600835517,1374.269398068284,1373.7657940959296,1373.7035844259583,1373.6415374431094,1373.5796525731992,1373.517929244961,1373.4563668900266,1373.3949649429123,1373.3337228410055,1373.2726400245467,1373.211715936616,1373.1509500231202,1373.0903417327752,1373.0298905170941,1372.9695958303698,1372.909457129663,1372.8494738747888,1372.7896455282996,1372.7299715554707,1372.6704514242922,1372.611084605447,1372.5518705723025,1372.4928088008962,1372.4338987699184,1372.375139960702,1372.316531857209,1372.258073946015,1372.199765716295,1372.1416066598147,1372.083596270913,1372.0257340464882,1371.9680194859873,1371.9104520913934,1371.8530313672084,1371.7957568204442,1371.7386279606085,1371.681644299689,1371.6248053521447,1371.568110634891,1371.5115596672856,1371.4551519711183,1371.3988870705984,1371.342764492337,1371.286783765341,1371.2309444209955,1371.1752459930556,1371.1196880176285,1371.0642700331664,1371.00899158045,1370.9538522025787,1370.8988514449545,1370.843988855278,1370.7892639835238,1370.734676381939,1370.6802256050255,1370.6259112095308,1370.5717327544314,1370.5176898009254,1370.4637819124187,1370.4100086545109,1370.3563695949872,1370.3028643038033,1370.2494923530744,1370.196253317064,1370.1431467721718,1370.0901722969218,1370.0373294719475,1369.9846178799862,1369.932037105864,1369.8795867364818,1369.8272663608068,1369.7750755698614,1369.7230139567096,1369.671081116445,1369.6192766461825,1369.5676001450438,1369.5160512141456,1369.4646294565937,1369.413334477462,1369.3621658837926,1369.3111232845724,1369.260206290736,1369.1587475725585,1368.6588605623745
579.65,1401.4083790592235,1399.947030917151,1398.5561985963682,1397.2280809737445,1395.956253932578,1394.7354037165194,1393.5611099724244,1392.4296698692897,1391.3379560604938,1390.2833024320992,1389.2634125787301,1388.2762867956285,1387.3201640918614,1386.3934763340699,1385.4948121388786,1384.6228885588084,1383.77652896359,1382.9546458165803,1382.1562272934375,1381.3803268950853,1380.6260553761058,1379.8925744484789,1379.1790918341162,1378.4848573320007,1377.8091596404404,1377.151323735024,1376.6374836743068,1376.5740128178263,1376.510708650903,1376.4475705787975,1376.3845980098065,1376.3217903552538,1376.2591470294644,1376.196667449761,1376.1343510364327,1376.072197212736,1376.0102054048648,1375.9483750419456,1375.8867055560147,1375.825196382008,1375.7638469577428,1375.702656723904,1375.6416251240282,1375.580751604492,1375.5200356144933,1375.4594766060372,1375.3990740339248,1375.3388273557364,1375.278736031813,1375.2187995252507,1375.1590173018806,1375.0993888302555,1375.0399135816353,1374.980591029976,1374.9214206519118,1374.862401926743,1374.803534336423,1374.7448173655428,1374.686250501319,1374.627833233577,1374.5695650547457,1374.5114454598288,1374.4534739464077,1374.3956500146187,1374.337973167141,1374.2804429091852,1374.2230587484773,1374.1658201952491,1374.1087267622202,1374.0517779645922,1373.994973320027,1373.9383123486386,1373.881794572982,1373.8254195180318,1373.7691867111826,1373.7130956822239,1373.657145963331,1373.6013370890562,1373.545668596311,1373.490140024359,1373.4347509147942,1373.3795008115371,1373.3243892608186,1373.2694158111678,1373.214580013398,1373.1598814205959,1373.1053195881125,1373.0508940735417,1372.9966044367168,1372.9424502396932,1372.8884310467377,1372.8345464243184,1372.7807959410884,1372.727179167874,1372.6736956776674,1372.6203450456098,1372.5671268489793,1372.5140406671835,1372.4610860817438,1372.408262676282,1372.355570036512,1372.3030077502267,1372.2505754072856,1372.1982725996047,1372.14609892114,1372.0940539678838,1372.042137337844,1371.938687449489,1371.429003370891
580.15,1404.9094745610282,1403.3983809829876,1401.9628556666096,1400.5942390279026,1399.285413632965,1398.030506397507,1396.8246460013315,1395.6637659928074,1394.5444455784157,1393.4637813879267,1392.419284607234,1391.408798805492,1390.4304345742928,1389.4825177645432,1388.5635486692483,1387.6721699727786,1386.8071416827647,1385.9673215909465,1385.1516500840282,1384.3591383533546,1383.5888592402205,1382.8399401084482,1382.1115572624174,1381.4029315320304,1380.713324729714,1380.0420367520062,1379.5177482719823,1379.4529902995926,1379.3884031522255,1379.3239862137152,1379.2597388710644,1379.1956605144271,1379.131750537096,1379.0680083354796,1379.0044333090896,1378.9410248605236,1378.8777823954445,1378.8147053225698,1378.7517930536533,1378.6890450034662,1378.626460589784,1378.5640392333723,1378.5017803579678,1378.439683390261,1378.3777477598865,1378.3159728994033,1378.2543582442793,1378.1929032328796,1378.131607306447,1378.0704699090902,1378.0094904877653,1377.9486684922667,1377.8880033752057,1377.8274945920004,1377.7671416008584,1377.7069438627664,1377.6469008414676,1377.587012003456,1377.5272768179586,1377.4676947569183,1377.408265294985,1377.348987909497,1377.2898620804697,1377.2308872905792,1377.1720630251511,1377.1133887721453,1377.0548640221402,1376.996488268322,1376.9382610064704,1376.8801817349424,1376.8222499546628,1376.7644651691041,1376.7068268842818,1376.6493346087345,1376.5919878535108,1376.5347861321582,1376.4777289607111,1376.4208158576714,1376.3640463440013,1376.3074199431073,1376.250936180828,1376.1945945854202,1376.1383946875467,1376.082336020262,1376.0264181190012,1375.9706405215643,1375.9150027681053,1375.8595044011217,1375.8041449654338,1375.7489240081802,1375.6938410788034,1375.6388957290326,1375.5840875128727,1375.529415986597,1375.4748807087294,1375.420481240029,1375.366217143488,1375.3120879843082,1375.2580933298925,1375.2042327498373,1375.150505815913,1375.096912102054,1375.043451184351,1374.9901226410311,1374.9369260524493,1374.8838610010791,1374.8309270714951,1374.7254509264374,1374.2057990204657
580.65,1408.443400070056,1406.8793705544845,1405.396489932898,1403.985139117729,1402.6374255635442,1401.34685083001,1400.1080394758962,1398.916518753637,1397.7685402478505,1396.6609360284897,1395.591003103695,1394.5564109884306,1393.55512807827,1392.5853632555973,1391.6455197773803,1390.7341590163708,1389.8499720655884,1388.9917575820527,1388.1584045504685,1387.3488789005996,1386.5622131212338,1385.7974981859093,1385.0538772468456,1384.3305406688173,1383.626722068292,1382.9416950987886,1382.4067393093721,1382.3406674971943,1382.2747707840201,1382.2090485313413,1382.1435001039563,1382.0781248699545,1382.0129222006972,1381.9478914708,1381.8830320581126,1381.8183433437023,1381.753824711839,1381.689475549973,1381.6252952487234,1381.5612832018523,1381.4974388062592,1381.4337614619535,1381.3702505720466,1381.3069055427284,1381.2437257832537,1381.1807107059283,1381.1178597260869,1381.0551722620849,1380.9926477352737,1380.930285569991,1380.868085193545,1380.8060460361928,1380.7441675311322,1380.6824491144814,1380.6208902252672,1380.5594903054061,1380.4982487996892,1380.4371651557724,1380.3762388241555,1380.3154692581666,1380.254855913956,1380.1943982504697,1380.1340957294433,1380.0739478153828,1380.013953975553,1379.9541136799592,1379.8944264013364,1379.8348916151344,1379.775508799501,1379.7162774352705,1379.6571970059454,1379.598266997688,1379.5394868993026,1379.480856202222,1379.4223744004944,1379.3640409907662,1379.3058554722727,1379.2478173468226,1379.1899261187825,1379.1321812950646,1379.0745823851137,1379.0171289008915,1378.959820356865,1378.9026562699914,1378.8456361597066,1378.7887595479067,1378.7320259589437,1378.6754349196024,1378.618985959094,1378.5626786090386,1378.5065124034534,1378.450486878741,1378.3946015736726,1378.3388560293795,1378.2832497893376,1378.2277823993506,1378.172453407545,1378.1172623643515,1378.0622088224927,1378.0072923369714,1377.9525124650593,1377.8978687662789,1377.843360802396,1377.7889881374072,1377.734750337518,1377.6806469711473,1377.626677608897,1377.519139190057,1376.9893442194405
581.15,1412.012104299237,1410.3916286555204,1408.858471745718,1407.4019422126003,1406.0132810391044,1404.6852906182746,1403.4120319213434,1402.1885781252067,1401.0108149035011,1399.875279157586,1398.779029302266,1397.7195413581633,1396.6946260664633,1395.7023630565714,1394.741048784695,1393.809155539366,1392.905299294939,1392.0282145996773,1391.1767350230934,1390.3497779681582,1389.5463328864914,1388.7654521264112,1388.006243801162,1387.267866193343,1386.5495233162299,1385.8504613373573,1385.3046125246465,1385.2371993225956,1385.1699656378164,1385.1029108084897,1385.0360341762566,1384.9693350861899,1384.902812886779,1384.8364669299108,1384.770296570847,1384.7043011682138,1384.63848008397,1384.5728326834005,1384.5073583350902,1384.4420564109082,1384.3769262859917,1384.3119673387232,1384.2471789507215,1384.1825605068127,1384.1181113950197,1384.0538310065465,1383.9897187357544,1383.9257739801526,1383.861996140374,1383.7983846201637,1383.734938826361,1383.6716581688809,1383.6085420607017,1383.545589917842,1383.482801159354,1383.420175207298,1383.3577114867337,1383.2954094256968,1383.2332684551914,1383.1712880091707,1383.109467524518,1383.047806441037,1382.986304201432,1382.924960251295,1382.8637740390898,1382.802745016135,1382.7418726365922,1382.6811563574486,1382.620595638503,1382.5601899423473,1382.4999387343614,1382.4398414826846,1382.3798976582127,1382.3201067345742,1382.2604681881264,1382.2009814979294,1382.1416461457409,1382.082461615992,1382.0234273957835,1381.9645429748664,1381.9058078456244,1381.8472215030647,1381.7887834448038,1381.7304931710512,1381.6723501845943,1381.6143539907857,1381.5565040975323,1381.4988000152764,1381.441241256986,1381.3838273381368,1381.3265577767015,1381.269432093134,1381.2124498103615,1381.1556104537617,1381.0989135511536,1381.0423586327872,1380.9859452313253,1380.9296728818304,1380.8735411217547,1380.8175494909235,1380.7616975315232,1380.7059847880876,1380.650410807485,1380.594975138903,1380.5396773338407,1380.4845169460884,1380.4294935317198,1380.3198558587594,1379.7797379519418
581.65,1415.617725764608,1413.9369377865612,1412.3502956449681,1410.8459099079184,1409.4140530783068,1408.0467459011477,1406.7374192540622,1405.4806387612343,1404.2718812993933,1403.1073542958245,1401.9838501934025,1400.898629711288,1399.849328593406,1398.8338834363674,1397.8504729481215,1396.8974716277385,1395.9734133934412,1395.0769631353053,1394.2068945438045,1393.3620728772034,1392.5414415891682,1391.7440119512542,1390.9688549803313,1390.2150951246238,1389.4819052789267,1388.7685027944256,1388.211528142106,1388.1427451405282,1388.0741462248584,1388.0057307089503,1387.9374979102686,1387.8694471498675,1387.8015777523722,1387.7338890459564,1387.6663803623187,1387.5990510366703,1387.5319004077044,1387.464927817587,1387.3981326119251,1387.3315141397595,1387.2650717535385,1387.1988048090977,1387.1327126656465,1387.066794685745,1387.001050235287,1386.9354786834792,1386.8700794028296,1386.804851769122,1386.739795161402,1386.6749089619573,1386.6101925563012,1386.5456453331553,1386.4812666844343,1386.4170560052198,1386.3530126937576,1386.2891361514264,1386.2254257827312,1386.1618809952806,1386.0985011997725,1386.0352858099777,1385.9722342427235,1385.9093459178769,1385.8466202583277,1385.7840566899722,1385.7216546417005,1385.6594135453777,1385.5973328358248,1385.53541195081,1385.47365033103,1385.412047420091,1385.3506026644982,1385.2893155136378,1385.2281854197606,1385.167211837969,1385.1063942262012,1385.0457320452151,1384.9852247585743,1384.9248718326296,1384.86467273651,1384.8046269421038,1384.7447339240423,1384.6849931596907,1384.6254041291263,1384.565966315129,1384.5066792031653,1384.4475422813707,1384.3885550405419,1384.3297169741143,1384.2710275781526,1384.2124863513357,1384.1540927949434,1384.0958464128369,1384.0377467114513,1383.979793199776,1383.921985389346,1383.8643227942218,1383.806804930979,1383.7494313186965,1383.692201478934,1383.6351149357292,1383.5781712155751,1383.5213698474106,1383.464710362607,1383.40819229495,1383.3518151806309,1383.2955785582312,1383.2394819687092,1383.1277070639271,1382.5770815524984
582.15,1419.262614089617,1417.5172510620334,1415.8735941203058,1414.318415455651,1412.840905233457,1411.4322104122284,1410.085057422644,1408.793444501732,1407.5523917093765,1406.3577385605342,1405.2059808316778,1404.0941394818403,1403.0196558016094,1401.9803078964721,1400.9741444497652,1399.999432417075,1399.0546158977236,1398.1382839263242,1397.2491453429104,1396.386009245961,1395.5477698196341,1394.7333945636854,1393.9419151498653,1393.1724202886257,1392.4240501206075,1391.6959917533918,1391.1276510491602,1391.057468943723,1390.9874756496165,1390.917670455281,1390.8480526529374,1390.778621538562,1390.70937641186,1390.6403165762522,1390.5714413388448,1390.5027500104077,1390.434241905358,1390.3659163417349,1390.2977726411775,1390.2298101289068,1390.1620281337052,1390.0944259878913,1390.0270030273045,1389.9597585912838,1389.8926920226475,1389.825802667672,1389.7590898760743,1389.6925530009955,1389.6261913989745,1389.5600044299358,1389.4939914571664,1389.4281518472997,1389.3624849702983,1389.2969901994306,1389.2316669112572,1389.1665144856127,1389.1015323055867,1389.0367197575033,1388.9720762309096,1388.9076011185555,1388.8432938163728,1388.7791537234646,1388.7151802420829,1388.6513727776128,1388.587730738558,1388.5242535365217,1388.460940586191,1388.3977913053195,1388.3348051147102,1388.2719814382024,1388.2093197026518,1388.1468193379155,1388.0844797768355,1388.022300455224,1387.9602808118466,1387.8984202884064,1387.836718329528,1387.7751743827405,1387.7137878984647,1387.6525583299976,1387.5914851334921,1387.5305677679457,1387.4698056951866,1387.4091983798492,1387.3487452893744,1387.2884458939795,1387.2282996666506,1387.1683060831253,1387.1084646218803,1387.0487747641116,1386.9892359937237,1386.9298477973143,1386.8706096641565,1386.8115210861883,1386.752581557993,1386.6937905767902,1386.6351476424156,1386.5766522573115,1386.518303926509,1386.4601021576111,1386.4020464607866,1386.3441363487482,1386.2863713367392,1386.2287509425244,1386.1712746863705,1386.1139420910308,1386.0567526817385,1385.942801534513,1385.381478783714
582.65,1422.9493537410096,1421.1347113121003,1419.4301529544955,1417.8209560674134,1416.295101440651,1414.8427593562699,1413.4558687002648,1412.127793397541,1410.8530429395348,1409.6270458722256,1408.4459669020239,1407.3065598000594,1406.2060495788733,1405.142038511192,1404.1124314869362,1403.115376985305,1402.1492205954808,1401.2124685700892,1400.3037593557792,1399.4218414288864,1398.5655560826606,1397.7338240762035,1396.9256352725445,1396.1400405716583,1395.3761455900042,1394.6331056566978,1394.0531509825378,1393.981539537232,1393.9101217922407,1393.8388970094463,1393.7678644546893,1393.6970233977402,1393.6263731122758,1393.5559128758596,1393.4856419699072,1393.4155596796747,1393.345665294225,1393.2759581064126,1393.2064374128536,1393.1371025139085,1393.0679527136592,1392.9989873198851,1392.930205644041,1392.8616070012374,1392.7931907102209,1392.724956093348,1392.6569024765672,1392.5890291894004,1392.5213355649198,1392.4538209397285,1392.3864846539398,1392.3193260511591,1392.2523444784622,1392.1855392863786,1392.11890982887,1392.0524554633114,1391.9861755504733,1391.9200694545025,1391.8541365429032,1391.7883761865176,1391.7227877595121,1391.6573706393513,1391.5921242067882,1391.5270478458378,1391.4621409437696,1391.3974028910802,1391.3328330814813,1391.2684309118822,1391.2041957823678,1391.1401270961865,1391.0762242597318,1391.0124866825224,1390.9489137771895,1390.885504959459,1390.8222596481314,1390.7591772650674,1390.696257235174,1390.6334989863824,1390.5709019496362,1390.508465558874,1390.446189251012,1390.3840724659274,1390.3221146464464,1390.260315238322,1390.1986736902231,1390.1371894537165,1390.0758619832498,1390.0146907361393,1389.9536751725525,1389.892814755489,1389.832108950771,1389.7715572270242,1389.7111590556622,1389.6509139108723,1389.590821269602,1389.5308806115381,1389.4710914190955,1389.4114531774062,1389.3519653742935,1389.2926275002662,1389.2334390484982,1389.17439951482,1389.1155083976942,1389.05676519821,1388.998169420062,1388.9397205695398,1388.8814181555092,1388.7652506851991,1388.193035917164
583.15,1426.6807904685825,1424.7916723701505,1423.0219283293748,1421.355166635397,1419.778017007619,1418.2795581961568,1416.8508487041702,1415.4845433140547,1414.1745808009014,1412.9159305261064,1411.7043875749061,1410.53640777954,1409.4089753958842,1408.3194974100825,1407.2657194743854,1406.2456593339832,1405.2575543325543,1404.2998201935175,1403.3710187836894,1402.4698329912121,1401.5950472031511,1400.7455321610212,1399.9202332141454,1399.1181611895151,1398.3383852592629,1397.5800273193997,1396.9882027243964,1396.9151307325064,1396.8422575006473,1396.7695822629253,1396.6971042575901,1396.624822727018,1396.5527369176716,1396.4808460800862,1396.4091494688344,1396.3376463425038,1396.2663359636747,1396.195217598887,1396.124290518624,1396.0535539972834,1395.983007313152,1395.912649748387,1395.8424805889872,1395.7724991247744,1395.7027046493656,1395.6330964601561,1395.5636738582918,1395.494436148652,1395.4253826398226,1395.3565126440787,1395.2878254773611,1395.2193204592543,1395.15099691297,1395.0828541653216,1395.0148915467032,1394.9471083910762,1394.8795040359396,1394.8120778223188,1394.74482909474,1394.6777572012127,1394.6108614932105,1394.5441413256524,1394.4775960568813,1394.4112250486464,1394.3450276660863,1394.279003277707,1394.2131512553663,1394.1474709742517,1394.0819618128678,1394.0166231530109,1393.9514543797593,1393.886454881446,1393.821624049649,1393.7569612791704,1393.692465968018,1393.6281375173883,1393.5639753316505,1393.4999788183286,1393.4361473880808,1393.3724804546891,1393.308977435035,1393.2456377490898,1393.1824608198933,1393.1194460735344,1393.0565929391405,1392.9939008488604,1392.9313692378416,1392.8689975442196,1392.8067852090983,1392.7447316765392,1392.6828363935376,1392.6210988100097,1392.5595183787798,1392.498094555557,1392.4368267989282,1392.375714570333,1392.3147573340555,1392.2539545572022,1392.1933057096946,1392.1328102642422,1392.0724676963375,1392.0122774842312,1391.9522391089274,1391.8923520541575,1391.8326158063726,1391.7730298547215,1391.7135936910427,1391.5951687082882,1391.0118618176728
583.65,1430.460060750645,1428.4907227918316,1426.6510658939374,1424.922835032689,1423.2911508697691,1421.7438724556616,1420.2710742266408,1418.8646181817378,1417.5178050965008,1416.2250911717017,1414.9818586847125,1413.7842310598276,1412.6289243454742,1411.5131284194508,1410.43441237192,1409.3906494684873,1408.379957898121,1407.4006541845115,1406.4512167037972,1405.5302572227108,1404.6364987633604,1403.7687584260236,1402.9259340700075,1402.1069939738366,1401.3109687771862,1400.5369451548488,1399.932986309097,1399.8584215519766,1399.7840607929338,1399.7099032369977,1399.6359480935498,1399.562194576291,1399.4886419032198,1399.4152892965988,1399.3421359829254,1399.2691811929055,1399.1964241614255,1399.1238641275245,1399.0515003343673,1398.97933202922,1398.9073584634198,1398.8355788923539,1398.76399257543,1398.6925987760546,1398.6213967616068,1398.5503858034137,1398.4795651767258,1398.4089341606948,1398.3384920383503,1398.268238096575,1398.1981716260823,1398.1282919213925,1398.0585982808127,1397.9890900064163,1397.9197664040128,1397.8506267831376,1397.7816704570207,1397.71289674257,1397.6443049603504,1397.5758944345614,1397.5076644930182,1397.439614467129,1397.3717436918769,1397.304051505798,1397.2365372509616,1397.1692002729528,1397.1020399208512,1397.0350555472082,1396.9682465080352,1396.9016121627767,1396.8351518742968,1396.7688650088562,1396.7027509360971,1396.636809029021,1396.5710386639735,1396.5054392206246,1396.4400100819473,1396.3747506342079,1396.3096602669364,1396.2447383729168,1396.1799843481683,1396.1153975919244,1396.050977506619,1395.9867234978637,1395.9226349744356,1395.858711348259,1395.7949520343834,1395.731356450973,1395.6679240192846,1395.604654163654,1395.5415463114753,1395.478599893186,1395.4158143422537,1395.3531890951501,1395.2907235913472,1395.2284172732866,1395.1662695863747,1395.1042799789604,1395.042447902318,1394.9807728106362,1394.9192541609941,1394.8578914133518,1394.796684030532,1394.735631478203,1394.6747332248628,1394.613988741824,1394.5533975031972,1394.43267266952,1393.8380680311163
584.15,1434.2906245802214,1432.2347122782423,1430.3199220159615,1428.5259191724392,1426.836139259329,1425.2370786547317,1423.7177119714738,1422.269014968775,1420.8835751829472,1419.5552752485496,1418.2790362694075,1417.050610634727,1415.8664154074334,1414.72339888173,1413.6189341522372,1412.5507345887288,1411.5167869970903,1410.515298992309,1409.544657733753,1408.6033976949689,1407.6901755749598,1406.8037508188518,1405.94297051445,1405.1067576772157,1404.2941021380764,1403.504053413458,1402.8876872414637,1402.8115964449353,1402.7357150709254,1402.660042293999,1402.5845772932935,1402.509319252491,1402.4342673597787,1402.359420807824,1402.2847787937392,1402.2103405190514,1402.1361051896752,1402.0620720158795,1401.9882402122569,1401.9146089976994,1401.8411775953666,1401.7679452326588,1401.6949111411916,1401.6220745567632,1401.549434719333,1401.4769908729938,1401.404742265941,1401.332688150458,1401.260827782877,1401.189160423566,1401.1176853368954,1401.0464017912193,1400.975309058848,1400.9044064160262,1400.8336931429087,1400.7631685235372,1400.6928318458154,1400.6226824014911,1400.5527194861281,1400.4829423990886,1400.4133504435072,1400.3439429262714,1400.2747191580006,1400.2056784530216,1400.1368201293512,1400.0681435086715,1399.9996479163117,1399.9313326812278,1399.8631971359798,1399.7952406167121,1399.7274624631336,1399.6598620184998,1399.5924386295885,1399.525191646684,1399.4581204235571,1399.391224317443,1399.3245026890243,1399.2579549024115,1399.191580325123,1399.1253783280697,1399.0593482855306,1398.993489575138,1398.927801577859,1398.8622836779746,1398.796935263063,1398.7317557239842,1398.6667444548532,1398.6019008530332,1398.5372243191084,1398.4727142568727,1398.4083700733054,1398.3441911785617,1398.2801769859475,1398.2163269119064,1398.1526403759995,1398.0891168008914,1398.0257556123292,1397.9625562391288,1397.8995181131543,1397.8366406693044,1397.7739233454924,1397.7113655826324,1397.6489668246186,1397.5867265183117,1397.5246441135234,1397.4627190629922,1397.4009508223783,1397.2778826080075,1396.6717688759625
584.65,1438.1763019629147,1436.0267811055548,1434.0310874629686,1432.1665660250778,1430.41477094887,1428.7606765074383,1427.1920283005197,1425.6988114597907,1424.2728161737348,1422.9072839315993,1421.5966205141403,1420.3361640001153,1419.1219979656514,1417.950801673836,1416.8197304255539,1415.7263204034005,1414.6684133198721,1413.6440970047058,1412.6516587571673,1411.6895488670148,1410.7563521897175,1409.850766062,1408.9715831753651,1408.1176782989223,1407.2879979675938,1406.481552435711,1405.8524967274614,1405.7748455156398,1405.6974093457416,1405.6201873603836,1405.5431787069979,1405.466382537796,1405.389798009726,1405.3134242844471,1405.2372605282899,1405.161305912223,1405.0855596118208,1405.0100208072306,1404.9346886831408,1404.8595624287466,1404.7846412377253,1404.709924308199,1404.6354108427083,1404.5611000481792,1404.4869911359008,1404.4130833214908,1404.3393758248656,1404.2658678702178,1404.192558685988,1404.119447504834,1404.0465335636052,1403.9738161033197,1403.901294369136,1403.8289676103236,1403.7568350802453,1403.6848960363247,1403.6131497400277,1403.5415954568325,1403.4702324562086,1403.399060011595,1403.328077400372,1403.2572839038394,1403.186678807193,1403.1162613995052,1403.046030973697,1402.97598682652,1402.9061282585328,1402.836454574078,1402.7669650812597,1402.697659091926,1402.6285359216422,1402.5595948896744,1402.4908353189658,1402.4222565361144,1402.3538578713587,1402.2856386585484,1402.217598235131,1402.149735942128,1402.0820511241154,1402.0145431292062,1401.9472113090255,1401.8800550186947,1401.8130736168157,1401.74626646544,1401.679632930062,1401.61317237959,1401.5468841863346,1401.4807677259848,1401.4148223775908,1401.3490475235483,1401.2834425495719,1401.2180068446864,1401.1527398011995,1401.0876408146921,1401.0227092839934,1400.957944611163,1400.8933462014763,1400.8289134634065,1400.7646458086053,1400.7005426518817,1400.6366034111893,1400.5728275076085,1400.5092143653255,1400.4457634116188,1400.382474076836,1400.3193457943833,1400.2563780007026,1400.1309216405255,1399.5130815387174
585.15,1442.1213135378066,1439.870392896565,1437.787413785272,1435.8471328149972,1434.0290042482518,1432.316302527091,1430.6954001066904,1429.155174934059,1427.686525859014,1426.281977645963,1424.935360146333,1423.6415486589942,1422.3962546074076,1421.195857448084,1420.0372702395791,1418.9178325823127,1417.835225720919,1416.7874055110638,1415.772549716865,1414.7890167446758,1413.8353134529932,1412.9100701222396,1412.012021036478,1411.1399894331494,1410.292875827158,1409.469648920574,1408.8276119183063,1408.7483647646134,1408.669338476341,1408.5905321625705,1408.5119449374574,1408.4335759201904,1408.3554242349528,1408.2774890108815,1408.1997693820304,1408.1222644873337,1408.0449734705708,1407.9678954803258,1407.8910296699562,1407.814375197556,1407.7379312259247,1407.661696922531,1407.5856714594795,1407.5098540134802,1407.4342437658165,1407.358839902314,1407.2836416133036,1407.208648093607,1407.133858542489,1407.0592721636338,1406.984888165123,1406.9107057593985,1406.8367241632382,1406.7629425977275,1406.6893602882317,1406.6159764643696,1406.5427903599837,1406.4698012131203,1406.397008265997,1406.3244107649803,1406.2520079605608,1406.1797991073238,1406.1077834639295,1406.0359602930866,1405.9643288615262,1405.8928884399825,1405.8216383031634,1405.7505777297329,1405.6797060022805,1405.6090224073057,1405.538526235189,1405.4682167801775,1405.3980933403514,1405.3281552176104,1405.2584017176496,1405.1888321499355,1405.1194458276884,1405.0502420678563,1404.9812201910954,1404.9123795217552,1404.8437193878433,1404.7752391210217,1404.706938056572,1404.6388155333836,1404.5708708939292,1404.503103484248,1404.4355126539206,1404.3680977560557,1404.3008581472627,1404.233793187638,1404.1669022407443,1404.1001846735883,1404.0336398566049,1403.9672671636367,1403.9010659719129,1403.8350356620317,1403.769175617945,1403.7034852269328,1403.63796387959,1403.5726109698053,1403.5074258947418,1403.4424080548206,1403.3775568537048,1403.3128716982721,1403.2483519986063,1403.1839971679758,1403.119806622814,1402.9919160703553,1402.3621261734702
585.65,1446.1303257770164,1443.7693711057143,1441.592042703594,1439.5702106421763,1437.680985953911,1435.9057451991828,1434.2293269428903,1432.6393718472302,1431.1257824252905,1429.6802822177178,1428.2960573353112,1426.9674660259532,1425.6898042382516,1424.4591171220338,1423.2720480756298,1422.1257183631583,1421.0176315188544,1419.9455977611103,1418.9076744837275,1417.9021195997805,1416.927355104755,1415.9819387180155,1415.0645418701977,1414.173932642076,1413.3089625386763,1412.468556210753,1411.813236169142,1411.7323563442746,1411.6517034221567,1411.571276476627,1411.4910745868783,1411.4110968374164,1411.331342318012,1411.2518101236622,1411.172499354545,1411.0934091159813,1411.0145385183898,1410.9358866772554,1410.857452713081,1410.7792357513536,1410.7012349225106,1410.6234493618963,1410.545878209729,1410.4685206110655,1410.3913757157666,1410.314442678462,1410.2377206585147,1410.1612088199927,1410.0849063316305,1410.0088123668033,1409.9329261034886,1409.8572467242407,1409.781773416156,1409.706505370846,1409.6314417844064,1409.5565818573866,1409.4819247947592,1409.4074698059,1409.3332161045491,1409.2591629087883,1409.1853094410155,1409.1116549279134,1409.0381986004252,1408.964939693728,1408.8918774472065,1408.8190111044278,1408.7463399131168,1408.6738631251262,1408.6015799964177,1408.5294897870347,1408.4575917610784,1408.3858851866817,1408.3143693359887,1408.243043485128,1408.1719069141914,1408.1009589072116,1408.030198752135,1407.959625740804,1407.889239168929,1407.8190383360748,1407.749022545625,1407.679191104774,1407.6095433244961,1407.5400785195284,1407.4707960083456,1407.4016951131425,1407.33277515981,1407.264035477915,1407.1954754006813,1407.127094264964,1407.0588914112363,1406.9908661835598,1406.9230179295764,1406.8553460004744,1406.787849750977,1406.7205285393202,1406.6533817272352,1406.586408679925,1406.5196087660433,1406.4529813576842,1406.3865258303508,1406.320241562944,1406.2541279377444,1406.1881843403808,1406.1224101598305,1406.0568047883814,1405.9913676216277,1405.860995500958,1405.2190260057794
586.15,1450.2085012685127,1447.727939629532,1445.448438836731,1443.3386508013953,1441.3730724713982,1439.5309619008258,1437.7954445508271,1436.1527786323607,1434.5917530677516,1433.103195734903,1431.6795731556767,1430.3146657781224,1429.0033055497645,1427.7411646467622,1426.524586064111,1425.3504483309507,1424.2160579324825,1423.1190641306907,1422.057391809864,1421.0291887559597,1420.032784433444,1419.066657868939,1418.1294127042,1417.2197578562016,1416.3364925315013,1415.4784945962515,1414.8095793135446,1414.727028830103,1414.644711510985,1414.5626263929466,1414.4807725184041,1414.3991489353882,1414.3177546974962,1414.2365888638421,1414.1556504990092,1414.0749386730079,1413.9944524612283,1413.9141909443974,1413.834153208534,1413.7543383449108,1413.674745450009,1413.5953736254783,1413.5162219780996,1413.437289619742,1413.3585756673306,1413.2800792427988,1413.2017994730609,1413.1237354899731,1413.0458864302936,1412.9682514356518,1412.8908296525124,1412.8136202321416,1412.736622330572,1412.65983510857,1412.5832577316087,1412.506889369828,1412.4307291980087,1412.3547763955373,1412.27903014638,1412.2034896390496,1412.1281540665766,1412.0530226264805,1411.9780945207383,1411.9033689557612,1411.8288451423618,1411.7545222957278,1411.680399635397,1411.606476385225,1411.5327517733622,1411.4592250322291,1411.3858953984845,1411.312762113008,1411.2398244208607,1411.1670815712782,1411.094532817631,1411.0221774174047,1410.9500146321773,1410.8780437275927,1410.8062639733384,1410.7346746431176,1410.6632750146327,1410.592064369553,1410.5210419935026,1410.450207176026,1410.379559210572,1410.3090973944725,1410.238821028914,1410.1687294189196,1410.0988218733264,1410.029097704763,1409.95955622963,1409.8901967680742,1409.8210186439687,1409.7520211848957,1409.68320372212,1409.6145655905693,1409.5461061288156,1409.4778246790522,1409.4097205870746,1409.3417932022578,1409.2740418775393,1409.2064659693938,1409.1390648378213,1409.071837846316,1409.0047843618554,1408.9379037548779,1408.8711953992618,1408.7382929547086,1408.0839074410997
586.65,1454.3615546409071,1451.750767999065,1449.360426141242,1447.1555941013862,1445.1078533563493,1443.1940977649024,1441.3955399497825,1439.6968937489817,1438.0857035986462,1436.5517962014662,1435.0868336804115,1433.6839507050668,1432.3374608818592,1431.0426200865181,1429.79543644536,1428.5925183906031,1427.4309536687229,1426.3082134070683,1425.2220763759003,1424.1705694487391,1423.151920988594,1422.1645244919991,1421.206910325371,1420.27772380475,1419.3757082138366,1418.4996916379898,1417.8168579552605,1417.732597508733,1417.6485767235017,1417.5647945972526,1417.4812501336683,1417.3979423423768,1417.314870238897,1417.2320328445844,1417.1494291865793,1417.0670582977586,1416.984919216681,1416.9030109875418,1416.821332660127,1416.739883289763,1416.6586619372683,1416.5776676689188,1416.49689955639,1416.416356676724,1416.3360381122866,1416.2559429507187,1416.1760702849008,1416.0964192129127,1416.016988837993,1415.9377782685026,1415.8587866178807,1415.7800130046144,1415.7014565522006,1415.6231163891046,1415.544991648732,1415.4670814693902,1415.3893849942533,1415.3119013713308,1415.234629753431,1415.1575692981316,1415.080719167747,1415.0040785292936,1414.9276465544604,1414.851422419582,1414.7754053055994,1414.6995943980396,1414.6239888869777,1414.548587967016,1414.4733908372443,1414.3983967012239,1414.3236047669488,1414.249014246827,1414.174624357644,1414.1004343205436,1414.0264433609973,1413.9526507087755,1413.8790555979276,1413.8056572667517,1413.732454957767,1413.6594479176956,1413.5866353974313,1413.5140166520139,1413.4415909406114,1413.3693575264876,1413.2973156769838,1413.2254646634924,1413.1538037614305,1413.0823322502245,1413.0110494132757,1412.939954537947,1412.8690469155326,1412.7983258412435,1412.7277906141726,1412.6574405372849,1412.5872749173868,1412.517293065107,1412.447494294876,1412.3778779249017,1412.3084432771466,1412.2391896773115,1412.1701164548083,1412.101222942743,1412.0325084778913,1411.9639724006777,1411.8956140551586,1411.8274327889978,1411.7594279534476,1411.6239449969937,1410.956900178003
587.15,1458.5958147493486,1455.843021659817,1453.3322284755861,1451.024503519438,1448.8881775461907,1446.8975067094682,1445.0315682632408,1443.2733511235738,1441.6090091668477,1440.0272500763363,1438.5188367773244,1437.0761821163298,1435.693020526173,1434.3641430466166,1433.085184304973,1431.8524519555522,1430.662790680457,1429.5134742078255,1428.402119943385,1427.3266217684263,1426.2850973588968,1425.2758470496663,1424.297321825109,1423.3480984792868,1422.4268603709809,1421.5323825133523,1420.8352957787426,1420.7492846844893,1420.6635199958764,1420.5780006693683,1420.492725667797,1420.4076939603015,1420.322904522267,1420.238356335267,1420.1540483870033,1420.0699796712477,1419.9861491877944,1419.9025559423944,1419.8191989467125,1419.7360772182697,1419.6531897803925,1419.5705356621677,1419.488113898383,1419.4059235294947,1419.3239636015649,1419.2422331662276,1419.160731280635,1419.0794570074197,1418.9984094146448,1418.917587575769,1418.8369905695988,1418.7566174802478,1418.6764673971009,1418.5965394147681,1418.5168326330515,1418.4373461569055,1418.3580790963972,1418.2790305666692,1418.2001996879064,1418.1215855852995,1418.0431873890063,1417.965004234122,1417.8870352606418,1417.8092796134283,1417.731736442179,1417.6544049013921,1417.5772841503378,1417.5003733530204,1417.4236716781566,1417.3471782991346,1417.2708923939897,1417.1948131453744,1417.1189397405265,1417.0432713712403,1416.9678072338372,1416.8925465291416,1416.8174884624482,1416.7426322434935,1416.6679770864328,1416.5935222098096,1416.51926683653,1416.445210193834,1416.3713515132745,1416.2976900306837,1416.224224986153,1416.1509556240073,1416.077881192776,1416.0050009451695,1415.932314138057,1415.8598200324398,1415.787517893426,1415.7154069902062,1415.6434865960337,1415.571755988195,1415.5002144479893,1415.4288612607047,1415.3576957155967,1415.2867171058606,1415.2159247286115,1415.1453178848635,1415.074895879505,1415.004658021273,1414.9346036227362,1414.8647320002738,1414.795042474044,1414.7255343679733,1414.656207009729,1414.5180918659703,1413.8381373264647
587.65,1462.9182938066128,1460.010417899296,1457.3685147453564,1454.9492005631728,1452.7171825844807,1450.6437748768176,1448.7056714809842,1446.883935140606,1445.1631662163845,1443.5308218000935,1441.9766596907841,1440.492285871831,1439.070787522441,1437.7064364906635,1436.3944506160424,1435.1308023779668,1433.9120661143845,1432.7352965490893,1431.5979326246077,1430.4977216954358,1429.4326600231443,1428.400946255671,1427.4009451905117,1426.4311596340197,1425.4902085931728,1424.5768103857802,1423.8651238802167,1423.7773200060674,1423.6897695421496,1423.6024714013738,1423.5154245034255,1423.428627774696,1423.3420801482112,1423.2557805635693,1423.1697279668747,1423.0839213106738,1422.9983595538936,1422.9130416617825,1422.8279666058486,1422.7431333638026,1422.6585409195034,1422.5741882628977,1422.4900743899695,1422.4061983026854,1422.3225590089448,1422.2391555225238,1422.155986863028,1422.073052055847,1421.9903501321,1421.907880128593,1421.8256410877686,1421.7436320576664,1421.661852091871,1421.5803002494777,1421.498975595041,1421.4178771985378,1421.337004135323,1421.2563554860903,1421.1759303368344,1421.0957277788086,1421.0157469084859,1420.9359868275249,1420.856446642729,1420.777125466012,1420.698022414359,1420.6191366097967,1420.5404671793524,1420.4620132550222,1420.383773973736,1420.3057484773287,1420.2279359124984,1420.1503354307852,1420.0729461885267,1419.9957673468382,1419.918798071575,1419.8420375333,1419.7654849072608,1419.6891393733529,1419.613000116092,1419.537066324588,1419.461337192509,1419.385811918063,1419.3104897039611,1419.2353697573903,1419.1604512899914,1419.0857335178277,1419.0112156613568,1418.9368969454079,1418.8627765991532,1418.7888538560796,1418.715127953967,1418.64159813486,1418.5682636450422,1418.495123735011,1418.4221776594554,1418.3494246772266,1418.2768640513173,1418.2044950488344,1418.1323169409768,1418.060329003012,1417.9885305142493,1417.9169207580173,1417.845499021641,1417.7742645964206,1417.7032167776042,1417.6323548643659,1417.5616781597853,1417.4208776082949,1416.7277555314681
588.15,1467.3367642176372,1464.259288041971,1461.474449135965,1458.933905751949,1456.598327172888,1454.435746753903,1452.420199376227,1450.5305973611903,1448.7498058265733,1447.0638844235707,1445.4614675001474,1443.9332591080863,1442.4716230057934,1441.0702509930936,1439.7238956246804,1438.4281556492465,1437.179304471359,1435.974153580761,1434.809944283624,1433.6842622387728,1432.5949702824605,1431.5401558450064,1430.5180899464694,1429.5271953267227,1428.5660217360432,1427.6332268008102,1426.9065811212397,1426.816940815255,1426.7275611982213,1426.6384411369615,1426.5495795055144,1426.460975185069,1426.3726270638765,1426.284534037185,1426.1966950071576,1426.1091088828136,1426.0217745799473,1425.934691021068,1425.8478571353276,1425.7612718584626,1425.6749341327243,1425.5888429068218,1425.5029971358583,1425.4173957812725,1425.3320378107796,1425.246922198319,1425.1620479239903,1425.0774139740072,1424.9930193406394,1424.9088630221604,1424.824944022799,1424.7412613526858,1424.6578140278066,1424.5746010699518,1424.49162150667,1424.408874371225,1424.3263587025438,1424.2440735451753,1424.16201794925,1424.0801909704267,1423.9985916698633,1423.917219114166,1423.8360723753483,1423.7551505307986,1423.6744526632308,1423.5939778606557,1423.5137252163336,1423.4336938287438,1423.35388280154,1423.2742912435247,1423.1949182686012,1423.1157629957504,1423.0368245489854,1422.958102057323,1422.8795946547516,1422.801301480191,1422.7232216774678,1422.6453543952753,1422.5676987871489,1422.4902540114301,1422.4130192312323,1422.3359936144216,1422.259176333573,1422.1825665659499,1422.1061634934686,1422.0299663026733,1421.953974184704,1421.8781863352715,1421.8026019546237,1421.7272202475224,1421.6520404232162,1421.5770616954067,1421.5022832822283,1421.4277044062171,1421.3533242942858,1421.279142177699,1421.205157292043,1421.131368877202,1421.0577761773354,1420.9843784408454,1420.9111749203603,1420.8381648727004,1420.765347558862,1420.6927222439842,1420.6202881973325,1420.5480446922677,1420.4759910062266,1420.3324502211885,1419.625895102245
588.65,1471.8598439558573,1468.5966465983845,1465.655746993605,1462.9832836748603,1460.5354274224644,1458.2765542754805,1456.177732821704,1454.2154751662983,1452.370708591977,1450.6279314654826,1448.9745225565716,1447.4001777414173,1445.8964521696637,1444.4563894783212,1443.0742226194072,1441.745133402782,1440.465060004464,1439.2305435084916,1438.0386060839612,1436.8866546897748,1435.772405283193,1434.693823415424,1433.6490778543814,1432.636504504693,1431.6545784171321,1430.7018921111908,1429.959914506908,1429.8683925198295,1429.777138789541,1429.6861521340113,1429.5954313789196,1429.5049753575756,1429.4147829108297,1429.324852886991,1429.2351841417465,1429.1457755380786,1429.0566259461891,1428.9677342434265,1428.8790993142022,1428.7907200499308,1428.702595348946,1428.6147241164417,1428.5271052643996,1428.43973771152,1428.352620383165,1428.2657522112886,1428.179132134372,1428.0927590973733,1428.0066320516592,1427.92074995495,1427.8351117712618,1427.7497164708504,1427.6645630301598,1427.5796504317625,1427.4949776643132,1427.4105437224955,1427.3263476069692,1427.2423883243218,1427.158664887026,1427.0751763133776,1426.991921627469,1426.9088998591242,1426.8261100438679,1426.7435512228706,1426.661222442916,1426.57912275635,1426.4972512210406,1426.4156069003398,1426.33418886304,1426.2529961833372,1426.1720279407891,1426.0912832202791,1426.0107611119743,1425.9304607112929,1425.850381118866,1425.770521440501,1425.690880787145,1425.6114582748532,1425.5322530247474,1425.4532641629917,1425.3744908207511,1425.2959321341586,1425.217587244292,1425.1394552971249,1425.0615354435106,1424.9838268391434,1424.9063286445255,1424.8290400249427,1424.7519601504284,1424.6750881957362,1424.5984233403078,1424.52196476825,1424.4457116682972,1424.3696632337878,1424.2938186626343,1424.2181771572969,1424.1427379247527,1424.0675001764723,1423.9924631283843,1423.9176260008587,1423.8429880186754,1423.7685484109938,1423.694306411334,1423.6202612575416,1423.546412191772,1423.4727584604564,1423.399299314281,1423.2529618012077,1422.5327001474782
589.15,1476.4970914081991,1473.0302681275866,1469.9187369749084,1467.10249313151,1464.5326972161442,1462.1696492442193,1459.9811097752347,1457.9409125428667,1456.0278212182927,1454.22459014041,1452.5171950115603,1450.8942048386282,1449.3462709163068,1447.8657125036602,1446.446182129692,1445.0823962547652,1443.7699193829376,1442.504991724504,1441.2843922002924,1440.1053300045883,1438.965359140998,1437.8623113486126,1436.7942436737972,1435.7593976406433,1434.7561675522618,1433.78307593405,1433.0253795911642,1432.9319289929745,1432.838754524767,1432.7458549526325,1432.6532290509201,1432.5608756021481,1432.4687933968964,1432.3769812337207,1432.285437919055,1432.1941622671272,1432.1031530998696,1432.01240924683,1431.9219295450948,1431.831712839201,1431.7417579810603,1431.6520638298837,1431.562629252097,1431.4734531212778,1431.3845343180726,1431.2958717301335,1431.2074642520424,1431.119310785249,1431.0314102380034,1430.9437615252853,1430.856363568748,1430.7692152966517,1430.6823156438054,1430.595663551504,1430.5092579674752,1430.423097845816,1430.3371821469418,1430.251509837529,1430.1660798904643,1430.0808912847872,1429.9959430056426,1429.9112340442286,1429.8267633977468,1429.7425300693533,1429.6585330681119,1429.5747714089484,1429.491244112602,1429.4079502055802,1429.3248887201148,1429.2420586941219,1429.1594591711537,1429.0770892003593,1428.994947836442,1428.9130341396194,1428.8313471755846,1428.7498860154633,1428.6686497357794,1428.5876374184131,1428.5068481505643,1428.4262810247167,1428.3459351386018,1428.265809595158,1428.1859035025022,1428.1062159738929,1428.026746127688,1427.9474930873243,1427.8684559812725,1427.7896339430108,1427.7110261109879,1427.6326316285924,1427.5544496441235,1427.4764793107556,1427.3987197865074,1427.3211702342148,1427.243829821498,1427.1666977207294,1427.0897731090058,1427.0130551681216,1426.9365430845355,1426.8602360493423,1426.7841332582482,1426.708233911536,1426.632537214042,1426.5570423751262,1426.4817486086486,1426.406655132934,1426.3317611707528,1426.18256870012,1425.4483187167757
589.65,1481.2591107145752,1477.5687726537087,1474.270430153196,1471.2972429165684,1468.5947931388314,1466.1188394387,1463.8334542352902,1461.709483255735,1459.7232750297826,1457.8556361145313,1456.0909745632289,1454.416599955946,1452.82215327527,1451.2991441499864,1449.8405766042797,1448.4406475230387,1447.0945046534416,1445.7980531720227,1444.5478017134512,1443.3407403305573,1442.1742441779172,1441.0459978202612,1439.9539359941557,1438.8961974240829,1437.87108893606,1436.8770576434424,1436.103240911901,1436.0078130019012,1435.9126694180313,1435.8178088711968,1435.72323008117,1435.6289317764858,1435.53491269432,1435.441171580396,1435.347707188875,1435.254518282254,1435.1616036312737,1435.068962014817,1434.9765922198158,1434.884493041161,1434.7926632816104,1434.7011017517073,1434.6098072696866,1434.5187786613985,1434.4280147602242,1434.3375144069983,1434.2472764499266,1434.157299744516,1434.067583153495,1433.9781255467472,1433.8889258012314,1433.7999828009222,1433.711295436735,1433.6228626064644,1433.5346832147134,1433.4467561728354,1433.3590803988714,1433.271654817484,1433.1844783599054,1433.0975499638716,1433.0108685735697,1432.9244331395805,1432.8382426188243,1432.752295974507,1432.6665921760632,1432.5811301991137,1432.4959090254026,1432.4109276427587,1432.3261850450406,1432.2416802320888,1432.1574122096797,1432.0733799894806,1431.9895825890012,1431.9060190315527,1431.8226883462003,1431.7395895677225,1431.6567217365664,1431.57408389881,1431.4916751061157,1431.409494415697,1431.3275408902696,1431.2458135980196,1431.164311612565,1431.083034012911,1431.00197988342,1430.9211483137717,1430.8405383989243,1430.7601492390852,1430.6799799396665,1430.6000296112609,1430.5202973695991,1430.4407823355155,1430.3614836349243,1430.2824003987753,1430.203531763026,1430.1248768686085,1430.0464348614,1429.9682048921889,1429.8901861166432,1429.8123776952793,1429.7347787934355,1429.6573885812345,1429.5802062335633,1429.5032309300323,1429.426461854958,1429.3498981973207,1429.2735391507485,1429.1214316883445,1428.3729029488386
590.15,1486.1576687355018,1482.2217205662112,1478.7185968418446,1475.5738538693192,1472.7268644815392,1470.1283288204731,1467.7382084999585,1465.5240166749625,1463.4594066058262,1461.5230099639318,1459.6974835607211,1457.9687295585145,1456.3252596794484,1454.757678591277,1453.2582656257725,1451.8206373686396,1450.4394765339337,1449.1103149709754,1447.829360710535,1446.593360693462,1445.3994922856832,1444.2452779092605,1443.1285181445837,1442.0472395143693,1440.9996538714522,1439.984126902007,1439.1937724589131,1439.0963166686001,1438.9991537426606,1438.9022823331861,1438.8057011018077,1438.709408719577,1438.613403866838,1438.5176852331088,1438.4222515169681,1438.3271014259349,1438.232233676364,1438.1376469933366,1438.0433401105497,1437.949311770221,1437.8555607229785,1437.7620857277752,1437.668885551778,1437.5759589702857,1437.4833047666327,1437.3909217321018,1437.2988086658324,1437.2069643747436,1437.115387673443,1437.024077384148,1436.933032336609,1436.8422513680296,1436.7517333229875,1436.6614770533677,1436.5714814182836,1436.481745284007,1436.392267523902,1436.3030470183555,1436.2140826547086,1436.1253733271913,1436.0369179368677,1435.9487153915584,1435.8607646057917,1435.7730645007414,1435.6856140041657,1435.5984120503488,1435.5114575800496,1435.4247495404431,1435.3382868850658,1435.252068573766,1435.1660935726482,1435.0803608540248,1434.9948693963647,1434.909618184243,1434.8246062082965,1434.7398324651738,1434.6552959574874,1434.5709956937703,1434.486930688432,1434.4030999617098,1434.319502539631,1434.2361374539646,1434.1530037421865,1434.0701004474288,1433.9874266184474,1433.9049813095767,1433.8227635806943,1433.740772497177,1433.6590071298676,1433.5774665550327,1433.496149854331,1433.415056114769,1433.3341844286722,1433.2535338936464,1433.1731036125377,1433.0928926934075,1433.0129002494918,1432.9331253991656,1432.8535672659148,1432.7742249783003,1432.6950976699222,1432.6161844793944,1432.5374845503077,1432.4589970311984,1432.3807210755178,1432.3026558416007,1432.2248004926378,1432.0697161264131,1431.30660922668
590.65,1491.205824901114,1486.9997180324226,1483.2718519767411,1479.9393278759762,1476.9346088798654,1474.2027622962055,1471.6991690991176,1469.3876265578026,1467.2387807879697,1465.2288355300414,1463.3384916227922,1461.552078645339,1459.856846198408,1458.2423874224592,1456.7001717245334,1455.2231674099467,1453.8055380794644,1452.4423993359449,1451.1296246143356,1449.8636908646151,1448.6415564300744,1447.4605648176275,1446.3183691907423,1445.2128733623979,1444.1421858535007,1443.1045842358965,1442.2972581781116,1442.197721966087,1442.0984875196243,1441.9995534280088,1441.9009182908153,1441.8025807177735,1441.7045393286203,1441.6067927529764,1441.5093396302045,1441.4121786092846,1441.31530834869,1441.218727516267,1441.1224347891086,1441.026428853445,1440.930708404526,1440.8352721465176,1440.7401187923806,1440.6452470637803,1440.550655690972,1440.4563434127085,1440.3623089761368,1440.2685511367047,1440.1750686580683,1440.0818603119985,1439.988924878294,1439.8962611446914,1439.8038679067824,1439.7117439679303,1439.6198881391895,1439.5282992392263,1439.4369760942354,1439.3459175378741,1439.2551224111814,1439.1645895625052,1439.074317847435,1438.98430612873,1438.8945532762511,1438.8050581668965,1438.7158196845328,1438.626836719935,1438.538108170725,1438.4496329413032,1438.3614099427955,1438.2734380929949,1438.1857163162992,1438.0982435436576,1438.0110187125156,1437.924040766759,1437.837308656664,1437.7508213388396,1437.664577776184,1437.5785769378253,1437.4928177990787,1437.4072993413974,1437.322020552322,1437.2369804254367,1437.1521779603197,1437.0676121625036,1436.9832820434228,1436.8991866203803,1436.8153249164936,1436.7316959606605,1436.6482987875145,1436.5651324373823,1436.482195956246,1436.3994883957012,1436.317008812919,1436.2347562706086,1436.1527298369745,1436.0709285856813,1435.9893515958222,1435.907997951874,1435.8268667436632,1435.7459570663336,1435.6652680203074,1435.5847987112536,1435.504548250051,1435.424515752754,1435.344700340563,1435.2651011397859,1435.1857172818086,1435.0275921449938,1434.2495983403542
591.15,1496.4180753262265,1491.9145340589212,1487.9397499893419,1484.4014245861,1481.2243342078139,1478.3472755399105,1475.720526809835,1473.3037431172916,1471.064216325682,1468.9754403880029,1467.015931944106,1465.1682637187514,1463.4182748400456,1461.7544278340702,1460.1672868621065,1458.6490958650397,1457.1934387638566,1455.7949668209587,1454.449180769267,1453.1522574290918,1451.9009123129094,1450.6922912140362,1449.523885028733,1448.3934631087116,1447.2990213136145,1446.2387416576619,1445.413992515786,1445.312321253814,1445.2109610442958,1445.1099104093105,1445.0091678820652,1444.9087320067379,1444.808601338318,1444.7087744424557,1444.609249895314,1444.5100262834196,1444.4111022035272,1444.3124762624816,1444.2141470770714,1444.1161132739173,1444.018373489327,1443.9209263691807,1443.8237705688057,1443.726904752855,1443.6303275951982,1443.5340377788038,1443.4380339956272,1443.34231494651,1443.246879341066,1443.1517258975853,1443.056853342933,1442.9622604124463,1442.8679458498466,1442.7739084071443,1442.6801468445403,1442.5866599303472,1442.493446440896,1442.4005051604545,1442.307834881143,1442.2154344028497,1442.123302533161,1442.0314380872715,1441.9398398879166,1441.8485067652975,1441.7574375570061,1441.6666311079518,1441.5760862703023,1441.4858019034027,1441.3957768737175,1441.3060100547627,1441.2165003270397,1441.1272465779796,1441.0382477018713,1440.949502599813,1440.8610101796464,1440.772769355899,1440.6847790497316,1440.5970381888774,1440.509545707593,1440.4223005466024,1440.3353016530436,1440.248547980417,1440.1620384885418,1440.075772143492,1439.9897479175647,1439.9039647892187,1439.8184217430342,1439.7331177696637,1439.64805186579,1439.563223034077,1439.478630283127,1439.3942726274402,1439.3101490873687,1439.226258689074,1439.1426004644904,1439.0591734512761,1438.9759766927828,1438.893009238008,1438.810270141559,1438.7277584636147,1438.645473269888,1438.563413631586,1438.481578625377,1438.3999673333471,1438.3185788429714,1438.237412247076,1438.1564666437987,1437.9952348340266,1437.2020356576577
591.65,1501.8105127228234,1496.979230459623,1492.7328902010358,1488.9687466861742,1485.6030274150794,1482.567550435583,1479.8069112100234,1477.276148746217,1474.9388144589036,1472.7653786684239,1470.731919482426,1468.8190472533117,1467.0110250444664,1465.2950517324796,1463.6606796627673,1462.099343284537,1460.6039790264426,1459.1687199298708,1457.7886513142535,1456.4596160789124,1455.1780602103224,1453.9409107154968,1452.7454795873914,1451.5893885667824,1450.4705104309505,1449.3869233423632,1448.5442810072389,1448.4404178564666,1448.336875455634,1448.2336522547598,1448.130746715923,1448.0281573130883,1447.9258825319241,1447.8239208696386,1447.7222708347958,1447.6209309471699,1447.5198997375696,1447.419175747696,1447.3187575299803,1447.2186436474403,1447.1188326735369,1447.0193231920296,1446.920113796844,1446.8212030919315,1446.722589691146,1446.6242722181116,1446.5262493060964,1446.4285195978985,1446.3310817457213,1446.2339344110628,1446.1370762645938,1446.0405059860598,1445.9442222641658,1445.8482237964756,1445.7525092893038,1445.6570774576242,1445.5619270249647,1445.4670567233163,1445.3724652930384,1445.2781514827689,1445.1841140493327,1445.0903517576585,1444.996863380693,1444.9036476993147,1444.8107035022583,1444.7180295860303,1444.6256247548356,1444.5334878204992,1444.4416176023908,1444.3500129273561,1444.2586726296443,1444.1675955508372,1444.0767805397772,1443.9862264525145,1443.8959321522261,1443.8058965091593,1443.7161184005718,1443.6265967106622,1443.5373303305155,1443.4483181580454,1443.3595590979305,1443.2710520615651,1443.1827959669952,1443.0947897388703,1443.0070323083878,1442.9195226132385,1442.8322595975583,1442.745242211875,1442.658469413058,1442.5719401642716,1442.4856534349244,1442.3996082006233,1442.3138034431277,1442.2282381503007,1442.1429113160673,1442.0578219403656,1441.97296902911,1441.88835159414,1441.8039686531831,1441.7198192298147,1441.6359023534094,1441.5522170591073,1441.4687623877714,1441.3855373859465,1441.3025411058256,1441.219772605205,1441.1372309474486,1440.9728244416108,1440.1640913033257
592.15,1507.401003799228,1502.2083061188105,1497.663033877399,1493.6508346622215,1490.0784310683734,1486.8698767599374,1483.9634402741178,1481.309017804739,1478.8659907673857,1476.6014564987145,1474.4887712408947,1472.5063538359113,1470.636706507568,1468.865615915289,1467.1815034803583,1465.574898944085,1464.0380153385618,1462.5644071354616,1461.1486963764717,1459.7863541577635,1458.4735270080726,1457.2068995233662,1455.9835861515166,1454.8010463012515,1453.6570180185317,1452.5494663627164,1451.6884409145118,1451.5823266907548,1451.47654335229,1451.3710892717081,1451.2659628347008,1451.16116243987,1451.0566864985205,1450.9525334344632,1450.8487016838296,1450.7451896948864,1450.6419959278437,1450.5391188547046,1450.4365569590618,1450.3343087359517,1450.232372691686,1450.1307473436918,1450.0294312203512,1449.928422860862,1449.8277208150791,1449.727323643377,1449.6272299165064,1449.5274382154587,1449.4279471313334,1449.3287552652057,1449.2298612280022,1449.1312636403736,1449.0329611325765,1448.9349523443548,1448.8372359248237,1448.7398105323587,1448.642674834487,1448.5458275077744,1448.4492672377285,1448.352992718692,1448.2570026537455,1448.1612957546063,1448.065870741538,1447.9707263432542,1447.8758612968293,1447.7812743476106,1447.6869642491301,1447.5929297630175,1447.499169658924,1447.4056827144348,1447.3124677149922,1447.2195234538196,1447.1268487318423,1447.0344423576175,1446.942303147261,1446.8504299243682,1446.7588215199582,1446.6674767723941,1446.576394527321,1446.485573637603,1446.3950129632535,1446.3047113713744,1446.2146677361,1446.1248809385281,1446.035349866665,1445.9460734153688,1445.8570504862903,1445.7682799878164,1445.67976083502,1445.5914919495985,1445.5034722598266,1445.4157007005037,1445.3281762129006,1445.2408977447128,1445.153864250004,1445.0670746891676,1444.980528028872,1444.894223242014,1444.8081593076774,1444.7223352110811,1444.6367499435403,1444.5514025024154,1444.4662918910776,1444.3814171188558,1444.296777201007,1444.2123711586607,1444.1281980187882,1443.9605465832967,1443.1359403472593
592.65,1513.2093860144628,1507.6178570858965,1502.7432342033346,1498.4582720836954,1494.6591284404515,1491.2612207928362,1488.1957755697756,1485.406960925395,1482.849510654244,1480.486760360448,1478.2890288841345,1476.2322881688629,1474.297073487818,1472.4675934246022,1470.731005398072,1469.076827974015,1467.4964658512042,1465.9828273557011,1464.5300176240419,1463.133093487189,1461.7878684573093,1460.490758231942,1459.2386588202785,1458.0288508121548,1456.8589244926711,1455.7267214899582,1454.8468019186514,1454.7383749454857,1454.6302894607786,1454.5225437537404,1454.4151361278596,1454.3080649006715,1454.2013284035313,1454.0949249813962,1453.9888529926025,1453.8831108086658,1453.7776968140693,1453.6726094060684,1453.5678469944958,1453.4634080015696,1453.3592908617147,1453.2554940213786,1453.1520159388551,1453.0488550841155,1452.946009938645,1452.8434789952737,1452.741260758024,1452.63935374195,1452.537756472996,1452.43646748784,1452.3354853337569,1452.2348085684769,1452.1344357600467,1452.0343654867004,1451.934596336728,1451.8351269083498,1451.7359558095905,1451.6370816581632,1451.538503081345,1451.4402187158707,1451.3422272078146,1451.2445272124824,1451.1471173943048,1451.0499964267349,1450.953162992142,1450.8566157817206,1450.7603534953814,1450.664374841667,1450.5686785376529,1450.4732633088593,1450.3781278891634,1450.2832710207083,1450.1886914538256,1450.0943879469437,1450.0003592665182,1449.9066041869385,1449.8131214904668,1449.7199099671445,1449.6269684147321,1449.5342956386312,1449.4418904518145,1449.34975167475,1449.2578781353461,1449.1662686688685,1449.074922117888,1448.98383733221,1448.8930131688135,1448.8024484917871,1448.7121421722693,1448.6220930883924,1448.53230012522,1448.4427621746947,1448.3534781355702,1448.2644469133768,1448.1756674203443,1448.0871385753667,1447.99885930394,1447.9108285381153,1447.8230452164426,1447.7355082839322,1447.6482166919943,1447.561169398395,1447.4743653672144,1447.3878035687883,1447.3014829796768,1447.2154025826048,1447.1295613664302,1446.9585924625642,1446.1177630024197
593.15,1519.2576857494507,1513.22575419709,1507.987980570831,1503.4028025489993,1499.3546380789005,1495.7493016156413,1492.5101836743465,1489.5750743375627,1486.89352887014,1484.4246886911922,1482.1354839527219,1479.99915514848,1477.9940407665306,1476.1025862141287,1474.3105362695546,1472.606279312265,1470.980316691963,1469.4248349409925,1467.9333622200709,1466.5004935074428,1465.1216716767938,1463.7930138299612,1462.5111741165895,1461.2732358373942,1460.076626935207,1458.9190540677553,1458.0197068724608,1457.9089028207463,1457.7984513613949,1457.6883506936465,1457.5785990323259,1457.4691946075845,1457.360135664647,1457.2514204635572,1457.1430472789327,1457.0350143997364,1456.927320129032,1456.8199627837769,1456.7129406945821,1456.6062522055145,1456.4998956738789,1456.3938694700198,1456.2881719771178,1456.182801591004,1456.0777567199646,1455.9730357845608,1455.8686372174488,1455.764559463206,1455.6608009781653,1455.5573602302345,1455.4542356987547,1455.3514258743255,1455.2489292586624,1455.1467443644417,1455.0448697151553,1454.9433038449686,1454.8420452985806,1454.7410926310868,1454.6404444078528,1454.5400992043758,1454.4400556061662,1454.3403122086236,1454.240867616909,1454.1417204458405,1454.0428693197669,1453.9443128724658,1453.846049747025,1453.7480785957448,1453.6503980800283,1453.5530068702815,1453.455903645817,1453.3590870947514,1453.2625559139144,1453.166308808754,1453.0703444932515,1452.9746616898224,1452.879259129245,1452.784135550559,1452.6892897009966,1452.5947203358926,1452.5004262186121,1452.406406120464,1452.3126588206376,1452.2191831061168,1452.1259777716127,1452.0330416194934,1451.9403734597115,1451.8479721097367,1451.7558363944913,1451.663965146277,1451.5723572047223,1451.4810114167083,1451.3899266363142,1451.299101724753,1451.208535550311,1451.118226988293,1451.0281749209635,1450.9383782374894,1450.8488358338825,1450.7595466129503,1450.6705094842393,1450.5817233639812,1450.493187175048,1450.404899846888,1450.316860315492,1450.2290675233307,1450.1415204193142,1449.96715910325,1449.1097448330293
598.15,1599.9203840312805,1585.8818449528942,1574.0804240473665,1564.1100461523836,1555.637339653998,1548.3892190891047,1542.1424715668759,1536.715042376192,1531.958758750895,1527.7532684903554,1524.0010027294961,1520.6230002717532,1517.5554551249922,1514.7468697149025,1512.1557141446726,1509.748507208065,1507.4982479918776,1505.383138119299,1503.385544249893,1501.4911585915593,1499.6883220940695,1497.9674808541226,1496.3207512183847,1494.7415732536972,1493.2244357745926,1491.7646590748507,1490.6354179818836,1490.4965702717057,1490.3582239861244,1490.2203758454002,1490.0830226116168,1489.9461610877977,1489.8097881170177,1489.6739005815555,1489.5384954020617,1489.4035695367345,1489.2691199805445,1489.1351437644546,1489.0016379546614,1488.868599651873,1488.7360259905868,1488.6039141383983,1488.4722612953094,1488.3410646930836,1488.210321594589,1488.0800292931679,1487.9501851120292,1487.8207864036538,1487.6918305492086,1487.5633149579696,1487.4352370667848,1487.3075943395268,1487.1803842665695,1487.0536043642728,1486.92725217449,1486.8013252640794,1486.6758212244292,1486.5507376709947,1486.4260722428576,1486.3018226022755,1486.1779864342677,1486.054561446188,1485.931545367323,1485.8089359485052,1485.686730961715,1485.56492819972,1485.443525475698,1485.3225206228863,1485.2019114942345,1485.0816959620681,1484.961871917758,1484.8424372713976,1484.72338995149,1484.604727904652,1484.4864490953103,1484.3685515054058,1484.2510331341266,1484.1338919976238,1484.0171261287426,1483.9007335767715,1483.784712407174,1483.6690607013502,1483.5537765563984,1483.4388580848663,1483.324303414537,1483.2101106881903,1483.0962780634009,1482.9828037123098,1482.8696858214303,1482.7569225914337,1482.6445122369648,1482.5324529864386,1482.4207430818599,1482.3093807786365,1482.1983643454041,1482.0876920638466,1481.9773622285365,1481.8673731467595,1481.7577231383534,1481.6484105355605,1481.5394336828595,1481.4307909368272,1481.3224806659846,1481.2145012506571,1481.1068510828293,1480.999528566019,1480.8925321151326,1480.6795111269512,1479.6334458785523
603.15,1758.9330523177198,1722.5401747460724,1692.463621345419,1667.5656591342326,1646.9068834218838,1629.7133192318815,1615.3486879897,1603.2910732645908,1593.1133266865581,1584.4666482935163,1577.066856277225,1570.6829309431703,1565.1274780721228,1560.2488089669798,1555.9243793724552,1552.0553680864243,1548.5622092775598,1545.3809209946903,1542.460096737656,1539.7584478020253,1537.24280189852,1534.8864786989734,1532.6679758413504,1530.5699098549544,1528.5781657202222,1526.6812165945744,1525.225481423401,1525.047141290086,1524.8695818255542,1524.6927958144784,1524.516776167976,1524.3415159206704,1524.1670082278108,1523.9932463624762,1523.8202237128069,1523.647933779362,1523.4763701724762,1523.3055266097474,1523.1353969135105,1522.9659750084318,1522.7972549191409,1522.6292307679144,1522.4618967724048,1522.2952472434683,1522.129276583,1521.9639792818334,1521.7993499177037,1521.6353831532651,1521.472073734122,1521.3094164869337,1521.1474063175908,1520.9860382093734,1520.8253072212003,1520.66520848593,1520.5057372086594,1520.3468886651021,1520.1886581999954,1520.0310412255337,1519.8740332198786,1519.7176297256476,1519.5618263484964,1519.4066187557096,1519.2520026748168,1519.0979738922804,1518.9445282521717,1518.7916616549153,1518.6393700560443,1518.4876494649952,1518.3364959439339,1518.1859056066048,1518.0358746172194,1517.8863991893618,1517.7374755849319,1517.5891001131013,1517.4412691293205,1517.293979034318,1517.1472262731647,1517.0010073343165,1516.8553187487162,1516.7101570889192,1516.565518968206,1516.4214010397548,1516.27779999583,1516.1347125669568,1515.9921355211704,1515.850065663241,1515.708499833944,1515.5674349093315,1515.4268678000415,1515.286795450602,1515.14721483878,1515.0081229749146,1514.869516901308,1514.7313936915887,1514.5937504501235,1514.456584311433,1514.3198924396183,1514.18367202781,1514.047920297625,1513.9126344986457,1513.777811907904,1513.6434498293795,1513.5095455935239,1513.3760965567674,1513.2431001010827,1513.1105536335144,1512.97845458575,1512.7155885970499,1511.4272617490074
608.15,2135.7742695871575,2036.9357007094047,1955.7121237339068,1888.986728393437,1834.1721305488204,1789.1248130391984,1752.0726794233249,1721.5538170824404,1696.3648277620844,1675.517311197153,1658.2012851984987,1643.7544971725713,1631.6367307713388,1621.4083400924949,1612.7123551389973,1605.2595982973344,1598.8163344002141,1593.1940482122432,1588.2410044315611,1583.835297863892,1579.8791464587487,1576.2942184138212,1573.017817440475,1569.999778313401,1567.1999486724123,1564.586153292183,1562.6115206447012,1562.3713327484986,1562.1325541930719,1561.8951661806025,1561.6591503065692,1561.4244885506723,1561.1911632677636,1560.9591571791013,1560.7284533637303,1560.4990352501013,1560.2708866078906,1560.043991539981,1559.818334474579,1559.593900157628,1559.370673645291,1559.1486402966884,1558.9277857666723,1558.7080959989496,1558.4895572192336,1558.2721559285528,1558.0558788968015,1557.8407131563715,1557.6266459959552,1557.4136649544407,1557.2017578150771,1556.9909125996264,1556.7811175627462,1556.5723611864667,1556.3646321748486,1556.157919448666,1555.9522121403372,1555.7474995888374,1555.5437713349086,1555.3410171161772,1555.1392268625737,1554.9383906917442,1554.738498904584,1554.5395419809665,1554.3415105754393,1554.144395513147,1553.948187785764,1553.7528785475633,1553.558459111586,1553.364920945886,1553.1722556698746,1552.9804550507383,1552.7895109999781,1552.5994155699814,1552.4101609507466,1552.221739466596,1552.0341435730738,1551.8473658538232,1551.6613990175986,1551.4762358953521,1551.2918694373489,1551.108292710378,1550.9254988950881,1550.743481283245,1550.5622332752218,1550.3817483774376,1550.202020199931,1550.0230424539086,1549.8448089494568,1549.6673135932363,1549.4905503862692,1549.3145134217664,1549.1391968830053,1548.964595041291,1548.790702253923,1548.6175129622543,1548.4450216897785,1548.2732230402696,1548.1021116959535,1547.9316824157702,1547.7619300336241,1547.5928494567117,1547.424435663905,1547.2566837041127,1547.089588694774,1546.9231458203162,1546.7573503306894,1546.4276828247055,1544.8166548887766
613.15,3116.4958529711994,2845.223945365403,2622.2486316330223,2439.2021802603904,2289.104359551043,2166.143375248364,2065.489670585946,1983.1379092197153,1915.7730936903795,1860.6573232583248,1815.5341749980137,1778.5481096117412,1748.1766662588213,1723.173525553176,1702.5207928017476,1685.3890897829792,1671.1042475963102,1659.1195694265073,1648.9927840760945,1640.3669419787075,1632.9546179030174,1626.5248811128342,1620.8925764975463,1615.9095309865693,1611.4573600355736,1607.4416005383418,1604.492058746806,1604.1379722720071,1603.7869404098635,1603.4389093015232,1603.0938262942484,1602.7516399140763,1602.4122998389046,1602.0757568721158,1601.7419629169449,1601.4108709511859,1601.0824350026292,1600.7566101250068,1600.4333523742341,1600.1126187855666,1599.794367350894,1599.4785569967285,1599.1651475625736,1598.8540997799012,1598.5453752514386,1598.2389364309774,1597.93474660362,1597.632769866534,1597.3329711100378,1597.0353159990493,1596.7397709551276,1596.4463031388316,1596.1548804323609,1595.8654714227566,1595.5780453853884,1595.292572267783,1595.0090226739846,1594.7273678489123,1594.4475796635497,1594.1696305999917,1593.8934937372285,1593.619142736957,1593.3465518298694,1593.075695802236,1592.8065499827426,1592.5390902296567,1592.2732929183137,1592.009134928832,1591.7465936341302,1591.4856468882788,1591.2262730150196,1590.9684507966208,1590.7121594629493,1590.4573786808305,1590.2040885436468,1589.9522695611033,1589.7019026494136,1589.4529691214495,1589.2054506773868,1588.959329395378,1588.7145877225505,1588.4712084661262,1588.229174784906,1587.9884701807096,1587.7490784902789,1587.5109838771866,1587.2741708240337,1587.0386241247413,1586.8043288771742,1586.5712704757573,1586.3394346044283,1586.1088072296272,1585.8793745935782,1585.6511232076218,1585.4240398457507,1585.1981115383496,1584.9733255659983,1584.7496694534939,1584.5271309639422,1584.3056980931015,1584.0853590637735,1583.8661023203133,1583.6479165234152,1583.430790544819,1583.2147134623513,1582.999674554906,1582.785663297701,1582.3606825882355,1580.294102230923
618.15,5751.675670540671,5011.545050712916,4401.5397080445355,3899.5894006867043,3487.2035754750955,3148.9178855605815,2871.8221645892268,2645.158456468196,2459.9792164571313,2308.8571242981793,2185.639106444723,2085.2381724865654,2003.4575486750546,1936.8423549439353,1882.5547351702824,1838.2689260114769,1802.083248527365,1772.4464386268173,1748.0961056836518,1728.0074309570975,1711.3504953270055,1697.4548650891122,1685.7802702307647,1675.8923861744734,1667.44288131141,1660.153022159028,1655.0049168873722,1654.3987146247591,1653.8002386322387,1653.2093298352534,1652.625832755702,1652.0495954332046,1651.4804693473159,1650.9183093417626,1650.3629735499342,1649.8143233223464,1649.2722231551465,1648.7365406205033,1648.2071462980712,1647.683913708235,1647.1667192465002,1646.6554421193891,1646.1499642815754,1645.650170374539,1645.1559476662915,1644.6671859923633,1644.1837776982195,1643.7056175829282,1643.2326028436128,1642.7646330215573,1642.3016099492074,1641.8434376983535,1641.3900225292994,1640.9412728414866,1640.4970991246541,1640.0574139113835,1639.6221317307156,1639.191169062348,1638.7644442924984,1638.3418776698556,1637.9233912632747,1637.5089089199744,1637.0983562245124,1636.691660459279,1636.2887505649546,1635.889557102711,1635.4940122164694,1635.1020495965568,1634.7136044438716,1634.3286134348778,1633.9470146874103,1633.5687477271695,1633.193753455004,1632.8219741149264,1632.4533532628095,1632.0878357356435,1631.7253676218643,1631.3658962317572,1631.0093700690832,1630.6557388030221,1630.304953240761,1629.956965300734,1629.61172798667,1629.2691953616886,1628.9293225236395,1628.5920655804077,1628.2573816262834,1627.925228718368,1627.595565853949,1627.2683529480973,1626.9435508119643,1626.6211211313698,1626.3010264461154,1625.9832301295455,1625.6676963686978,1625.3543901449384,1625.0432772149413,1624.7343240921732,1624.4274980286848,1624.1227669976045,1623.8200996756966,1623.5194654264574,1623.2208342838237,1622.9241769357689,1622.6294647088175,1622.336669552501,1622.0457640244726,1621.4695150362945,1618.6930682765153
623.15,12854.385609248286,10859.367515605067,9209.259150043217,7846.739720722612,6723.6006268847605,5799.362806904566,5040.094101316829,4417.399068215338,3907.557304098453,3490.789487795889,3150.6331318631474,2873.4124424702973,2647.7887973057723,2464.3801887376226,2315.4395794671877,2194.5835092796146,2096.5635001241894,2017.0738553935987,1952.5903579829812,1900.2351581938126,1857.6638224079882,1822.9711003415462,1794.612474678692,1771.3389924922587,1752.143252369608,1736.2147426655602,1725.3826563569721,1724.1321579269575,1722.9030018915466,1721.6947203046195,1720.5068556321366,1719.3389605316993,1718.190597635672,1717.061339338433,1715.9507675885327,1714.8584736845062,1713.784058075023,1712.7271301630362,1711.6873081135031,1710.6642186654701,1709.6574969477301,1708.6667862979978,1707.6917380860477,1706.7320115402263,1705.7872735776336,1704.8571986374818,1703.9414685180402,1703.0397722171274,1702.1518057752044,1701.2772721221645,1700.415880927144,1699.567348451422,1698.7313974041845,1697.907756801424,1697.0961618276033,1696.2963537002904,1695.5080795375413,1694.7310922277613,1693.9651503027503,1693.2100178128744,1692.4654642051914,1691.7312642040679,1691.007197693696,1690.2930496041274,1689.5886097986715,1688.8936729643033,1688.2080385038776,1687.5315104309288,1686.8638972666304,1686.205011938902,1685.5546716834247,1684.9126979470743,1684.2789162931551,1683.6531563086692,1683.0352515138766,1682.425039272965,1681.8223607077728,1681.227060612077,1680.6389873688167,1680.0579928684342,1679.4839324289803,1678.9166647182878,1678.3560516776756,1677.8019584468136,1677.2542532910036,1676.7128075293936,1676.1774954652547,1675.648194316945,1675.1247841515358,1674.607147818726,1674.0951708870266,1673.5887415808481,1673.0877507192074,1672.5920916555694,1672.101660219209,1671.6163546577054,1671.1360755808378,1670.6607259055695,1670.1902108021518,1669.7244376419003,1669.263315945421,1668.8067573325352,1668.3546754731794,1667.906986039035,1667.4636066569265,1667.0244568625114,1666.5894580555603,1665.731608060612,1661.666999042236
