T(K) \ P(MPa),0.1,0.6,1.1,1.6,2.1,2.6,3.1,3.6,4.1,4.6,5.1,5.6,6.1,6.6,7.1,7.6,8.1,8.6,9.1,9.6,10.1,10.6,11.1,11.6,12.1,12.6,13.0,13.05,13.1,13.15,13.2,13.25,13.3,13.35,13.4,13.45,13.5,13.55,13.6,13.65,13.7,13.75,13.8,13.85,13.9,13.95,14.0,14.05,14.1,14.15,14.2,14.25,14.3,14.35,14.4,14.45,14.5,14.55,14.6,14.65,14.7,14.75,14.8,14.85,14.9,14.95,15.0,15.05,15.1,15.15,15.2,15.25,15.3,15.35,15.4,15.45,15.5,15.55,15.6,15.65,15.7,15.75,15.8,15.85,15.9,15.95,16.0,16.05,16.1,16.15,16.2,16.25,16.3,16.35,16.4,16.45,16.5,16.55,16.6,16.65,16.7,16.75,16.8,16.85,16.9,16.95,17.0,17.1,17.6
273.15,4.219436957532565,4.216945793849875,4.214466539697515,4.211999147147695,4.209543568434236,4.207099755952444,4.204667662259021,4.202247240071938,4.199838442270357,4.197441221894494,4.19505553214554,4.192681326385553,4.190318558137347,4.18796718108441,4.185627149070797,4.183298416101033,4.18098093634002,4.178674664112948,4.176379553905186,4.174095560362215,4.1718226382895125,4.169560742652488,4.1673098285763714,4.165069851346151,4.16284076640646,4.160622529361521,4.1588557204776455,4.158635354406499,4.158415095975041,4.158194945139266,4.15797490185519,4.1577549660788335,4.157535137766244,4.157315416873475,4.1570958033566034,4.1568762971717215,4.156656898274933,4.156437606622362,4.156218422170145,4.155999344874439,4.155780374691409,4.155561511577244,4.155342755488147,4.155124106380335,4.154905564210041,4.154687128933515,4.154468800507024,4.154250578886847,4.154032464029283,4.153814455890646,4.153596554427264,4.153378759595482,4.153161071351662,4.1529434896521815,4.152726014453429,4.152508645711822,4.152291383383777,4.1520742274257385,4.151857177794162,4.15164023444552,4.151423397336303,4.151206666423012,4.15099004166217,4.150773523010312,4.150557110423989,4.150340803859769,4.1501246032742385,4.149908508623995,4.149692519865655,4.149476636955848,4.149260859851224,4.149045188508447,4.148829622884192,4.148614162935161,4.148398808618057,4.148183559889612,4.147968416706568,4.147753379025684,4.147538446803731,4.147323619997506,4.147108898563814,4.146894282459471,4.14667977164132,4.146465366066217,4.146251065691029,4.146036870472641,4.145822780367959,4.145608795333895,4.145394915327386,4.145181140305384,4.144967470224849,4.144753905042766,4.144540444716129,4.144327089201955,4.144113838457268,4.143900692439116,4.14368765110456,4.143474714410673,4.143261882314554,4.143049154773303,4.142836531744051,4.142624013183934,4.142411599050111,4.142199289299749,4.141987083890042,4.141774982778187,4.141562985921409,4.141139304802034,4.139027139985429
278.15,4.204952951469754,4.202807323708707,4.200671504222522,4.198545453349684,4.196429131561429,4.19432249946161,4.19222551778659,4.190138147405098,4.1880603493181106,4.185992084658729,4.183933314692065,4.18188400081511,4.179844104556629,4.177813587577035,4.175792411668278,4.1737805387537374,4.1717779308881004,4.1697845502572575,4.167800359178199,4.165825320098892,4.163859395598194,4.161902548385732,4.159954741301811,4.158015937317313,4.1560860995335815,4.154165191182341,4.152634869067633,4.15244397804701,4.152253175625594,4.152062461766938,4.151871836434603,4.151681299592171,4.151490851203228,4.151300491231375,4.151110219640232,4.150920036393428,4.1507299414546,4.150539934787407,4.150350016355515,4.150160186122603,4.149970444052371,4.149780790108518,4.149591224254768,4.149401746454855,4.149212356672523,4.149023054871531,4.148833841015648,4.148644715068662,4.148455676994371,4.148266726756585,4.148077864319128,4.147889089645834,4.147700402700556,4.1475118034471565,4.147323291849507,4.147134867871504,4.1469465314770435,4.1467582826300395,4.146570121294421,4.1463820474341295,4.1461940610131185,4.146006161995355,4.145818350344815,4.145630626025494,4.1454429890014,4.1452554392365455,4.145067976694968,4.144880601340708,4.144693313137821,4.144506112050382,4.144318998042472,4.144131971078189,4.143945031121642,4.143758178136949,4.14357141208825,4.143384732939694,4.1431981406554375,4.143011635199656,4.142825216536538,4.142638884630286,4.142452639445106,4.142266480945231,4.142080409094897,4.141894423858355,4.141708525199872,4.141522713083725,4.141336987474202,4.141151348335608,4.140965795632264,4.140780329328494,4.140594949388644,4.140409655777069,4.140224448458136,4.140039327396229,4.139854292555739,4.139669343901076,4.13948448139666,4.139299705006923,4.139115014696313,4.138930410429288,4.138745892170317,4.138561459883892,4.1383771135345055,4.138192853086671,4.138008678504913,4.137824589753762,4.137640586797777,4.13727283812955,4.135439230462303
283.15,4.195450961208123,4.193560177973661,4.191677621116501,4.189803257520419,4.187937054179811,4.186078978199545,4.184228996794813,4.182387077290977,4.180553187123432,4.178727293837453,4.176909365088065,4.175099368639895,4.1732972723670345,4.171503044252915,4.169716652390152,4.167938064980432,4.166167250334375,4.164404176871406,4.162648813119623,4.160901127715679,4.159161089404654,4.157428667039933,4.155703829583089,4.1539865461037575,4.15227678577952,4.1505745178958,4.149218077574568,4.149048857538298,4.148879711845735,4.148710640466428,4.148541643369931,4.148372720525827,4.148203871903687,4.148035097473105,4.1478663972036856,4.147697771065045,4.147529219026802,4.147360741058595,4.147192337130069,4.147024007210881,4.146855751270698,4.146687569279198,4.146519461206069,4.146351427021014,4.146183466693739,4.1460155801939695,4.145847767491431,4.145680028555872,4.145512363357043,4.145344771864706,4.145177254048639,4.145009809878626,4.1448424393244645,4.14467514235596,4.14450791894293,4.144340769055202,4.144173692662617,4.144006689735024,4.143839760242282,4.143672904154262,4.143506121440851,4.143339412071936,4.143172776017422,4.143006213247222,4.142839723731263,4.1426733074394795,4.142506964341816,4.142340694408233,4.1421744976086945,4.142008373913181,4.141842323291678,4.141676345714191,4.141510441150727,4.1413446095713065,4.141178850945963,4.141013165244736,4.140847552437682,4.140682012494864,4.140516545386357,4.140351151082246,4.1401858295526255,4.140020580767604,4.139855404697299,4.139690301311838,4.139525270581357,4.13936031247601,4.139195426965956,4.139030614021365,4.138865873612417,4.1387012057093076,4.138536610282237,4.13837208730142,4.138207636737081,4.138043258559455,4.137878952738786,4.137714719245333,4.137550558049361,4.137386469121148,4.137222452430984,4.137058507949166,4.136894635646004,4.136730835491819,4.136567107456943,4.136403451511714,4.1362398676264895,4.136076355771629,4.135912915917509,4.135586252093031,4.133957242956291
288.15,4.189098477008952,4.1873988072978525,4.1857061576839705,4.184020500236344,4.182341807117799,4.180670050584788,4.179005202987209,4.177347236768236,4.175696124464143,4.174051838704149,4.172414352210237,4.170783637797002,4.169159668371486,4.167542416933018,4.1659318565730565,4.164327960475042,4.162730701914228,4.16114005425755,4.159555990963457,4.157978485581785,4.156407511753591,4.154843043211029,4.153285053777192,4.151733517365989,4.15018840798199,4.148649699720318,4.147423324568681,4.147270313906857,4.147117366766477,4.146964483121861,4.146811662947332,4.146658906217224,4.146506212905883,4.146353582987658,4.146201016436911,4.146048513228014,4.1458960733353445,4.1457436967332955,4.145591383396259,4.1454391332986456,4.145286946414869,4.145134822719348,4.144982762186526,4.144830764790841,4.144678830506743,4.1445269593086955,4.144375151171166,4.144223406068635,4.144071723975585,4.143920104866518,4.1437685487159355,4.143617055498353,4.143465625188297,4.143314257760296,4.143162953188893,4.143011711448637,4.1428605325140895,4.142709416359815,4.142558362960397,4.142407372290415,4.1422564443244685,4.1421055790371595,4.141954776403104,4.141804036396921,4.141653358993242,4.1415027441667105,4.141352191891971,4.141201702143685,4.141051274896516,4.1409009101251435,4.140750607804251,4.140600367908532,4.14045019041269,4.140300075291438,4.140150022519493,4.140000032071586,4.139850103922461,4.139700238046856,4.139550434419537,4.139400693015263,4.139251013808812,4.139101396774964,4.138951841888516,4.138802349124267,4.138652918457027,4.138503549861616,4.138354243312862,4.138204998785601,4.138055816254679,4.137906695694954,4.137757637081287,4.137608640388552,4.137459705591631,4.137310832665415,4.137162021584802,4.137013272324701,4.13686458486003,4.136715959165717,4.136567395216695,4.136418892987911,4.136270452454318,4.136122073590876,4.135973756372556,4.135825500774339,4.135677306771215,4.13552917433818,4.135381103450243,4.135085146209732,4.133609044227213
293.15,4.184798221308531,4.183244083849895,4.181696036268368,4.180154054736278,4.178618115507167,4.177088194915583,4.175564269376881,4.174046315387013,4.172534309522341,4.1710282284394244,4.1695280488748505,4.168033747645017,4.166545301645964,4.165062687853178,4.163585883321413,4.162114865184503,4.160649610655192,4.159190097024949,4.157736301663801,4.156288202020161,4.154845775620648,4.153409000069935,4.151977853050571,4.150552312322832,4.149132355724547,4.147717961170949,4.146590435408598,4.146449743430107,4.146309106654514,4.146168525059925,4.146027998624454,4.145887527326215,4.145747111143343,4.145606750053965,4.145466444036229,4.145326193068284,4.145185997128287,4.145045856194405,4.144905770244811,4.144765739257685,4.1446257632112165,4.144485842083604,4.14434597585305,4.1442061644977635,4.144066407995971,4.1439267063258916,4.143787059465765,4.143647467393833,4.1435079300883455,4.143368447527559,4.143229019689742,4.143089646553163,4.142950328096107,4.142811064296863,4.142671855133722,4.142532700584993,4.142393600628985,4.142254555244017,4.1421155644084156,4.141976628100517,4.141837746298661,4.1416989189811995,4.141560146126488,4.141421427712895,4.141282763718787,4.141144154122549,4.141005598902566,4.140867098037237,4.140728651504962,4.140590259284155,4.1404519213532325,4.140313637690619,4.140175408274749,4.140037233084066,4.1398991120970186,4.1397610452920635,4.139623032647662,4.139485074142288,4.139347169754421,4.139209319462549,4.139071523245165,4.138933781080775,4.138796092947883,4.138658458825013,4.138520878690685,4.138383352523435,4.138245880301799,4.138108462004332,4.137971097609583,4.137833787096122,4.137696530442513,4.137559327627341,4.137422178629185,4.137285083426645,4.137148041998317,4.137011054322815,4.136874120378753,4.136737240144754,4.136600413599452,4.136463640721484,4.1363269214894975,4.136190255882151,4.1360536438781015,4.135917085456019,4.135780580594582,4.135644129272476,4.135507731468393,4.135235096329102,4.133875124479545
298.15,4.181900061492332,4.180458227081685,4.179021758592541,4.177590635433371,4.176164837084713,4.174744343098911,4.173329133099897,4.171919186782947,4.1705144839144515,4.169115004331684,4.1677207279425765,4.166331634725499,4.164947704729037,4.1635689180717765,4.162195254942082,4.160826695597904,4.1594632203665425,4.158104809644465,4.156751443897094,4.155403103658601,4.154059769531725,4.152721422187555,4.151388042365359,4.150059610872379,4.148736108583653,4.1474175164418225,4.146366165270632,4.146234965993206,4.14610381545696,4.145972713643003,4.1458416605324455,4.145710656106414,4.145579700346031,4.145448793232432,4.1453179347467595,4.145187124870159,4.145056363583789,4.144925650868807,4.144794986706381,4.144664371077687,4.144533803963906,4.144403285346226,4.14427281520584,4.1441423935239525,4.144012020281767,4.143881695460503,4.143751419041378,4.1436211910056215,4.143491011334467,4.143360880009159,4.1432307970109425,4.1431007623210725,4.142970775920811,4.142840837791429,4.1427109479141935,4.142581106270392,4.142451312841313,4.1423215676082465,4.1421918705525,4.142062221655375,4.14193262089819,4.141803068262267,4.141673563728931,4.141544107279518,4.141414698895369,4.141285338557833,4.141156026248264,4.141026761948022,4.140897545638477,4.140768377301002,4.1406392569169785,4.140510184467792,4.14038115993484,4.1402521832995225,4.140123254543248,4.139994373647429,4.139865540593487,4.13973675536285,4.139608017936953,4.139479328297235,4.139350686425144,4.139222092302133,4.139093545909665,4.138965047229205,4.138836596242232,4.138708192930217,4.138579837274655,4.138451529257037,4.138323268858863,4.138195056061641,4.138066890846885,4.137938773196112,4.137810703090852,4.137682680512637,4.137554705443006,4.137426777863509,4.137298897755693,4.137171065101126,4.137043279881368,4.136915542077992,4.1367878516725805,4.136660208646719,4.136532612981998,4.1364050646600194,4.1362775636623885,4.136150109970717,4.1360227035666215,4.135768032547678,4.1344975084669064
303.15,4.180023789225957,4.178669529385864,4.177320068265033,4.17597538780714,4.174635470021594,4.17330029698325,4.171969850832126,4.170644113773135,4.169323068075821,4.1680066960740705,4.166694980165874,4.165387902813052,4.164085446541004,4.1627875939384476,4.161494327657175,4.160205630411811,4.1589214849795555,4.157641874199953,4.156366780974659,4.155096188267192,4.153830079102723,4.152568436567823,4.151311243810264,4.150058484038776,4.148810140522846,4.14756619659249,4.146574197986103,4.146450394971705,4.146326635638043,4.146202919968596,4.146079247946847,4.145955619556285,4.145832034780405,4.145708493602711,4.145584996006704,4.145461541975905,4.145338131493829,4.145214764544003,4.145091441109957,4.144968161175227,4.144844924723361,4.144721731737905,4.1445985822024145,4.14447547610045,4.144352413415579,4.144229394131375,4.144106418231418,4.143983485699288,4.143860596518585,4.143737750672896,4.143614948145831,4.143492188920995,4.1433694729820045,4.14324680031248,4.143124170896048,4.143001584716339,4.142879041756995,4.142756542001658,4.142634085433977,4.142511672037614,4.142389301796226,4.142266974693482,4.1421446907130575,4.142022449838631,4.1419002520538895,4.1417780973425256,4.141655985688233,4.141533917074721,4.141411891485696,4.141289908904874,4.141167969315976,4.141046072702729,4.140924219048869,4.140802408338134,4.140680640554264,4.140558915681017,4.140437233702146,4.140315594601415,4.140193998362592,4.1400724449694515,4.139950934405776,4.139829466655347,4.1397080417019625,4.139586659529417,4.1394653201215155,4.1393440234620655,4.1392227695348875,4.1391015583238,4.138980389812629,4.1388592639852115,4.138738180825384,4.1386171403169945,4.138496142443891,4.138375187189931,4.138254274538977,4.138133404474899,4.13801257698157,4.137891792042871,4.137771049642687,4.137650349764912,4.137529692393443,4.137409077512183,4.137288505105042,4.137167975155936,4.1370474876487835,4.136927042567516,4.136806639896062,4.136565961718365,4.135365109963801
308.15,4.178950415927578,4.177664919177332,4.176383775178749,4.175106967838454,4.173834481124845,4.172566299067751,4.171302405758107,4.170042785347646,4.16878742204858,4.167536300133281,4.166289403933986,4.165046717842485,4.163808226309826,4.162573913846019,4.161343765019745,4.160117764458064,4.158895896846138,4.157678146926951,4.1564644995010225,4.155254939426146,4.154049451617115,4.152848021045458,4.15165063273918,4.150457271782501,4.149267923315595,4.148082572534353,4.1471371603300895,4.14701916266158,4.146901204690129,4.146783286401067,4.146665407779735,4.14654756881147,4.1464297694816254,4.146312009775548,4.146194289678604,4.146076609176152,4.145958968253564,4.145841366896216,4.145723805089488,4.145606282818764,4.14548880006944,4.145371356826912,4.145253953076579,4.145136588803853,4.145019263994146,4.144901978632878,4.144784732705473,4.1446675261973605,4.144550359093976,4.144433231380759,4.14431614304316,4.144199094066629,4.144082084436621,4.1439651141386005,4.143848183158033,4.143731291480397,4.143614439091169,4.143497625975831,4.143380852119876,4.1432641175087985,4.143147422128099,4.143030765963284,4.142914148999863,4.142797571223356,4.142681032619283,4.142564533173173,4.142448072870559,4.14233165169698,4.142215269637979,4.142098926679107,4.141982622805916,4.141866358003971,4.141750132258833,4.141633945556075,4.1415177978812725,4.141401689220009,4.141285619557871,4.141169588880451,4.1410535971733475,4.140937644422161,4.140821730612505,4.14070585572999,4.140590019760237,4.140474222688872,4.140358464501523,4.1402427451838255,4.140127064721423,4.140011423099959,4.139895820305087,4.139780256322465,4.139664731137754,4.139549244736622,4.13943379710474,4.139318388227792,4.139203018091457,4.139087686681426,4.138972393983394,4.13885713998306,4.138741924666132,4.138626748018314,4.13851161002533,4.138396510672896,4.13828144994674,4.138166427832594,4.138051444316197,4.137936499383289,4.137821593019617,4.137591895943008,4.136445719875634
313.15,4.178555861435371,4.177324481941747,4.176097104721379,4.1748737151710635,4.17365429874744,4.172438840966599,4.171227327403717,4.1700197436926745,4.168816075525698,4.167616308652997,4.166420428882396,4.165228422078993,4.164040274164806,4.162855971118431,4.161675498974698,4.160498843824341,4.1593259918136685,4.158156929144228,4.156991642072499,4.1558301169095575,4.15467234002078,4.15351829782552,4.152367976796816,4.151221363461079,4.150078444397801,4.148939206239266,4.148030457014269,4.147917028064032,4.147803635670257,4.147690279819702,4.147576960499136,4.147463677695331,4.1473504313950595,4.147237221585102,4.147124048252247,4.14701091138329,4.146897810965019,4.146784746984243,4.146671719427766,4.146558728282401,4.146445773534966,4.146332855172282,4.146219973181178,4.146107127548487,4.145994318261045,4.145881545305698,4.145768808669292,4.145656108338682,4.145543444300728,4.145430816542291,4.14531822505024,4.1452056698114506,4.1450931508128015,4.1449806680411765,4.144868221483464,4.144755811126562,4.144643436957368,4.144531098962787,4.144418797129728,4.144306531445108,4.144194301895846,4.144082108468867,4.143969951151102,4.143857829929485,4.143745744790959,4.143633695722468,4.143521682710963,4.143409705743402,4.143297764806742,4.143185859887952,4.143073990973999,4.1429621580518665,4.142850361108528,4.1427386001309765,4.142626875106201,4.142515186021194,4.142403532862963,4.142291915618512,4.142180334274853,4.142068788819004,4.1419572792379835,4.141845805518819,4.141734367648546,4.141622965614198,4.141511599402819,4.141400269001455,4.14128897439716,4.141177715576988,4.141066492528003,4.140955305237273,4.140844153691868,4.140733037878868,4.140621957785354,4.140510913398413,4.140399904705137,4.140288931692626,4.1401779943479795,4.140067092658307,4.139956226610718,4.1398453961923325,4.139734601390272,4.139623842191664,4.139513118583643,4.139402430553346,4.1392917780879115,4.13918116117449,4.139070579800236,4.138849523617854,4.137746370694345
318.15,4.178770863746691,4.177581921099858,4.176396706907085,4.17521520765914,4.174037409906522,4.17286330025901,4.171692865385219,4.1705260920121825,4.169362966924916,4.168203476965992,4.167047609035134,4.165895350088794,4.1647466871397585,4.163601607256735,4.162460097563967,4.1613221452408435,4.160187737521504,4.159056861694472,4.157929505102272,4.156805655141063,4.155685299260269,4.154568424962226,4.153455019801822,4.15234507138615,4.151238567374157,4.150135495476314,4.149255500854339,4.149145655109798,4.1490358434542625,4.1489260658755684,4.148816322361556,4.148706612900071,4.148596937478962,4.148487296086087,4.148377688709306,4.148268115336485,4.148158575955492,4.148049070554203,4.1479395991205035,4.147830161642274,4.147720758107407,4.1476113885037975,4.147502052819347,4.14739275104196,4.147283483159551,4.147174249160032,4.147065049031324,4.146955882761355,4.146846750338054,4.146737651749357,4.146628586983206,4.146519556027544,4.146410558870324,4.1463015954995,4.146192665903036,4.146083770068892,4.145974907985043,4.145866079639464,4.145757285020134,4.145648524115042,4.145539796912174,4.1454311033995275,4.145322443565102,4.145213817396903,4.145105224882944,4.144996666011234,4.144888140769798,4.14477964914666,4.1446711911298495,4.1445627667074,4.144454375867353,4.144346018597754,4.14423769488665,4.1441294047221,4.1440211480921585,4.1439129249848925,4.143804735388372,4.143696579290669,4.143588456679865,4.143480367544042,4.143372311871291,4.1432642896497045,4.143156300867381,4.143048345512425,4.142940423572944,4.142832535037053,4.142724679892868,4.1426168581285125,4.142509069732117,4.142401314691812,4.142293592995735,4.142185904632029,4.1420782495888435,4.141970627854328,4.141863039416642,4.141755484263944,4.141647962384405,4.141540473766194,4.141433018397492,4.141325596266471,4.141218207361324,4.141110851670245,4.141003529181424,4.140896239883062,4.1407889837633665,4.140681760810548,4.140574571012821,4.1403602908355275,4.139290875254132
323.15,4.1795570710989765,4.178401018043759,4.17724848241321,4.17609945145436,4.174953912475511,4.1738118528457235,4.1726732599943075,4.171538121410311,4.170406424642032,4.169278157296517,4.168153307039089,4.167031861592855,4.1659138087382575,4.164799136312572,4.163687832209486,4.162579884378613,4.16147528082507,4.160374009609018,4.159276058845234,4.158181416702674,4.157090071404063,4.156002011225457,4.154917224495847,4.1538356995967325,4.152757424961742,4.151682389076219,4.150824684562347,4.150717616434548,4.150610580476837,4.15050357667782,4.150396605026115,4.150289665510342,4.150182758119126,4.150075882841098,4.149969039664896,4.149862228579157,4.149755449572528,4.1496487026336615,4.1495419877512125,4.149435304913841,4.149328654110214,4.149222035329,4.149115448558878,4.149008893788527,4.148902371006634,4.148795880201889,4.148689421362989,4.148582994478634,4.148476599537529,4.148370236528387,4.148263905439922,4.148157606260856,4.148051338979916,4.14794510358583,4.147838900067334,4.147732728413172,4.147626588612085,4.14752048065283,4.147414404524155,4.147308360214825,4.1472023477136055,4.147096367009267,4.146990418090581,4.1468845009463315,4.146778615565305,4.146672761936289,4.146566940048077,4.146461149889473,4.146355391449279,4.146249664716308,4.14614396967937,4.146038306327289,4.145932674648887,4.145827074632995,4.145721506268446,4.145615969544079,4.14551046444874,4.145404990971277,4.145299549100544,4.145194138825399,4.145088760134706,4.144983413017335,4.144878097462157,4.14477281345805,4.1446675609939,4.144562340058593,4.144457150641023,4.144351992730085,4.144246866314685,4.144141771383728,4.1440367079261256,4.143931675930796,4.143826675386663,4.14372170628265,4.14361676860769,4.14351186235072,4.14340698750068,4.1433021440465145,4.143197331977177,4.143092551281622,4.142987801948811,4.142883083967707,4.142778397327281,4.142673742016508,4.142569118024368,4.142464525339844,4.142359963951926,4.1421509350218875,4.141107664430729
328.15,4.180893075179276,4.179761913073429,4.178634109893753,4.177509653349817,4.17638853121559,4.175270731328849,4.174156241590569,4.1730450499643466,4.171937144475819,4.1708325132121,4.169731144321203,4.168633026011495,4.167538146551145,4.166446494267585,4.16535805754697,4.164272824833648,4.163190784629647,4.162111925494152,4.1610362360430075,4.159963704948211,4.158894320937415,4.157828072793453,4.156764949353839,4.155704939510315,4.1546480322083665,4.153594216446767,4.152753382387462,4.152648416478402,4.1525434812771325,4.152438576772779,4.1523337029544765,4.152228859811358,4.152124047332573,4.152019265507265,4.151914514324588,4.151809793773702,4.151705103843771,4.151600444523961,4.151495815803452,4.151391217671418,4.1512866501170445,4.151182113129521,4.151077606698043,4.150973130811807,4.150868685460022,4.150764270631898,4.150659886316649,4.150555532503494,4.150451209181661,4.150346916340378,4.150242653968882,4.150138422056417,4.15003422059222,4.149930049565551,4.149825908965662,4.149721798781813,4.1496177190032695,4.149513669619308,4.149409650619204,4.1493056619922335,4.149201703727684,4.149097775814854,4.148993878243033,4.148890011001526,4.148786174079639,4.148682367466681,4.148578591151973,4.148474845124834,4.148371129374594,4.148267443890581,4.148163788662133,4.1480601636785925,4.147956568929307,4.147853004403628,4.147749470090914,4.147645965980522,4.147542492061824,4.147439048324192,4.147335634757001,4.147232251349628,4.147128898091468,4.14702557497191,4.146922281980354,4.146819019106193,4.146715786338845,4.146612583667708,4.146509411082214,4.146406268571775,4.146303156125821,4.146200073733781,4.146097021385096,4.1459939990692005,4.145891006775547,4.1457880444935835,4.145685112212768,4.145582209922563,4.14547933761243,4.145376495271842,4.145273682890279,4.145170900457216,4.1450681479621405,4.144965425394546,4.144862732743924,4.1447600699997755,4.144657437151607,4.144554834188931,4.144452261101255,4.144247204509008,4.14322371048965
333.15,4.182766504430043,4.181653366882217,4.180543474703801,4.179436815805414,4.178333378166762,4.17723314983593,4.176136118928704,4.175042273627885,4.173951602182614,4.172864092907712,4.17177973418303,4.1706985144527815,4.16962042222493,4.168545446070539,4.167473574623163,4.16640479657822,4.165339100692404,4.164276475783069,4.163216910727648,4.162160394463068,4.161106915985178,4.16005646434818,4.159009028664077,4.1579645981021045,4.1569231618882085,4.155884709304487,4.155056088284343,4.15495264416944,4.1548492296886845,4.1547458448314885,4.154642489587277,4.154539163945484,4.154435867895534,4.154332601426876,4.1542293645289465,4.154126157191205,4.154022979403097,4.153919831154086,4.153816712433643,4.153713623231238,4.153610563536344,4.153507533338454,4.153404532627045,4.153301561391617,4.153198619621667,4.153095707306698,4.152992824436221,4.1528899709997535,4.15278714698681,4.152684352386922,4.1525815871896175,4.152478851384434,4.152376144960917,4.152273467908604,4.152170820217057,4.152068201875831,4.151965612874484,4.151863053202593,4.151760522849722,4.151658021805459,4.1515555500593875,4.151453107601093,4.151350694420176,4.1512483105062294,4.1511459558488655,4.151043630437693,4.150941334262324,4.150839067312385,4.150736829577501,4.150634621047307,4.150532441711437,4.150430291559535,4.150328170581247,4.150226078766226,4.150124016104131,4.150021982584628,4.1499199781973815,4.149818002932069,4.149716056778367,4.149614139725962,4.149512251764544,4.149410392883804,4.149308563073447,4.149206762323174,4.149104990622696,4.149003247961733,4.148901534330003,4.148799849717228,4.148698194113144,4.148596567507488,4.148494969889996,4.1483934012504236,4.148291861578512,4.148190350864025,4.148088869096724,4.147987416266376,4.147885992362748,4.147784597375629,4.147683231294788,4.147581894110024,4.147480585811127,4.147379306387888,4.14727805583012,4.147176834127621,4.147075641270214,4.1469744772477135,4.146873342049947,4.146671158087914,4.145661964308314
338.15,4.185169767652502,4.184068619274392,4.182970642070573,4.181875823913716,4.1807841527518494,4.179695616607552,4.178610203577142,4.177527901829897,4.176448699607261,4.1753725852220835,4.174299547057845,4.173229573567915,4.172162653274803,4.171098774769432,4.170037926710408,4.168980097823316,4.1679252768999975,4.1668734527978755,4.165824614439261,4.1647787508106635,4.163735850962142,4.162695904006646,4.161658899119343,4.160624825536995,4.159593672557328,4.158565429538402,4.157744923181747,4.157642490090368,4.15754008589799,4.15743771059412,4.1573353641682615,4.157233046609937,4.15713075790866,4.157028498053966,4.156926267035377,4.156824064842438,4.156721891464691,4.156619746891686,4.156517631112986,4.156415544118142,4.156313485896723,4.15621145643831,4.156109455732476,4.156007483768803,4.155905540536888,4.155803626026321,4.1557017402267125,4.15559988312766,4.155498054718786,4.155396254989706,4.155294483930045,4.15519274152943,4.155091027777506,4.154989342663908,4.154887686178287,4.154786058310293,4.154684459049592,4.154582888385843,4.154481346308719,4.154379832807897,4.154278347873057,4.154176891493891,4.154075463660087,4.153974064361347,4.153872693587373,4.153771351327879,4.15367003757258,4.153568752311194,4.153467495533451,4.153366267229085,4.153265067387837,4.153163895999445,4.153062753053657,4.152961638540238,4.152860552448942,4.152759494769536,4.152658465491792,4.152557464605492,4.152456492100413,4.152355547966349,4.152254632193093,4.152153744770441,4.152052885688202,4.151952054936187,4.151851252504213,4.151750478382101,4.1516497325596795,4.151549015026779,4.151448325773244,4.1513476647889105,4.151247032063634,4.15114642758727,4.1510458513496795,4.150945303340723,4.150844783550276,4.150744291968217,4.1506438285844265,4.150543393388793,4.150442986371214,4.150342607521582,4.150242256829806,4.150141934285793,4.150041639879461,4.149941373600733,4.149841135439527,4.149740925385779,4.149640743429431,4.149440463768697,4.1484407478946155
343.15,4.188097957066856,4.187003371634602,4.18591191850526,4.184823585288834,4.183738359678626,4.182656229450309,4.181577182460986,4.180501206648267,4.1794282900293656,4.178358420700201,4.177291586834501,4.17622777668294,4.175166978572283,4.174109180904501,4.1730543721559785,4.172002540876624,4.17095367568911,4.169907765288024,4.168864798439087,4.1678247639783645,4.166787650811492,4.1657534479129,4.164722144325067,4.163693729157768,4.16266819158735,4.1616455208559815,4.1608294412073485,4.160727559506297,4.160625706270974,4.16052388149078,4.160422085155121,4.16032031725341,4.160218577775066,4.160116866709515,4.160015184046193,4.159913529774537,4.1598119038839885,4.159710306364004,4.159608737204035,4.159507196393554,4.159405683922024,4.159304199778921,4.159202743953736,4.159101316435947,4.158999917215059,4.158898546280573,4.158797203621989,4.15869588922883,4.15859460309061,4.158493345196858,4.158392115537109,4.1582909141009,4.158189740877775,4.15808859585729,4.157987479028998,4.157886390382468,4.157785329907265,4.157684297592973,4.1575832934291626,4.157482317405432,4.1573813695113735,4.1572804497365885,4.157179558070685,4.157078694503273,4.156977859023974,4.156877051622415,4.156776272288228,4.1566755210110475,4.156574797780523,4.156474102586299,4.156373435418037,4.156272796265391,4.156172185118041,4.1560716019656505,4.15597104679791,4.155870519604495,4.155770020375109,4.155669549099443,4.155569105767208,4.155468690368112,4.15536830289187,4.155267943328205,4.155167611666853,4.155067307897539,4.154967032010013,4.154866783994014,4.1547665638393,4.15466637153563,4.154566207072765,4.1544660704404786,4.154365961628551,4.154265880626762,4.154165827424897,4.154065802012757,4.15396580438014,4.153865834516853,4.153765892412705,4.153665978057523,4.1535660914411245,4.153466232553341,4.1533664013840115,4.153266597922974,4.153166822160081,4.153067074085187,4.152967353688146,4.152867660958828,4.152767995887104,4.152568748675957,4.151574168640049
348.15,4.19154799449539,4.190454988276004,4.189365107985251,4.188278340752861,4.187194673801624,4.186114094446297,4.185036590092513,4.183962148235716,4.1828907564600994,4.1818224024375725,4.180757073926712,4.179694758771764,4.178635444901629,4.177579120328876,4.17652577314876,4.175475391538266,4.174427963755145,4.1733834781369765,4.172341923100253,4.1713032871394455,4.170267558826118,4.169234726808023,4.168204779808232,4.16717770662426,4.1661534961272215,4.165132137260971,4.16431709595835,4.164215343345741,4.16411361904129,4.164011923034117,4.163910255313346,4.163808615868109,4.163707004687547,4.163605421760805,4.163503867077039,4.163402340625411,4.163300842395084,4.163199372375235,4.163097930555047,4.162996516923707,4.162895131470415,4.162793774184366,4.162692445054774,4.162591144070855,4.16248987122183,4.162388626496931,4.162287409885398,4.16218622137647,4.162085060959403,4.161983928623447,4.161882824357876,4.1617817481519515,4.161680699994961,4.1615796798761835,4.161478687784916,4.161377723710452,4.161276787642104,4.1611758795691784,4.161074999480997,4.160974147366883,4.1608733232161725,4.160772527018207,4.160671758762327,4.1605710184378895,4.160470306034258,4.1603696215407915,4.16026896494687,4.160168336241867,4.160067735415177,4.159967162456188,4.159866617354302,4.15976610009893,4.159665610679481,4.1595651490853776,4.159464715306044,4.159364309330918,4.159263931149439,4.159163580751052,4.159063258125215,4.158962963261385,4.15886269614903,4.158762456777626,4.158662245136647,4.158562061215587,4.1584619050039375,4.158361776491199,4.158261675666875,4.158161602520483,4.15806155704154,4.157961539219574,4.15786154904412,4.157761586504715,4.157661651590908,4.157561744292247,4.157461864598294,4.157362012498617,4.157262187982787,4.157162391040378,4.157062621660985,4.156962879834194,4.1568631655496,4.156763478796814,4.156663819565447,4.156564187845112,4.156464583625436,4.1563650068960545,4.156265457646597,4.156066441546043,4.155073006324136
353.15,4.195518463327802,4.194422366943771,4.193329420761584,4.192239611213777,4.191152924837701,4.190069348274231,4.188988868266511,4.187911471658717,4.186837145394816,4.185765876517358,4.184697652166281,4.183632459577725,4.182570286082857,4.181511119106735,4.180454946167161,4.1794017548735525,4.178351532925855,4.177304268113427,4.17625994831397,4.175218561492465,4.174180095700125,4.173144539073355,4.172111879832723,4.171082106281964,4.170055206806979,4.169031169874853,4.168213993661128,4.16811197464279,4.1680099840328895,4.167908021820093,4.167806087993069,4.167704182540497,4.167602305451059,4.167500456713448,4.16739863631637,4.167296844248528,4.167195080498646,4.1670933450554415,4.166991637907651,4.166889959044011,4.166788308453271,4.166686686124189,4.166585092045523,4.166483526206046,4.166381988594538,4.1662804791997825,4.166178998010576,4.16607754501572,4.1659761202040215,4.1658747235643,4.165773355085378,4.165672014756089,4.165570702565275,4.165469418501776,4.165368162554453,4.16526693471217,4.165165734963793,4.165064563298201,4.164963419704283,4.164862304170928,4.164761216687036,4.164660157241518,4.164559125823288,4.16445812242127,4.1643571470243925,4.164256199621595,4.164155280201827,4.164054388754036,4.163953525267186,4.163852689730242,4.1637518821321855,4.163651102461992,4.163550350708657,4.16344962686118,4.163348930908558,4.163248262839813,4.163147622643963,4.163047010310034,4.16294642582706,4.162845869184086,4.16274534037016,4.162644839374341,4.16254436618569,4.162443920793284,4.162343503186198,4.162243113353521,4.162142751284346,4.1620424169677745,4.161942110392916,4.161841831548883,4.1617415804248035,4.161641357009802,4.161541161293022,4.161440993263605,4.161340852910708,4.161240740223482,4.161140655191101,4.161040597802736,4.160940568047568,4.160840565914787,4.160740591393586,4.160640644473172,4.160540725142751,4.160440833391542,4.160340969208769,4.160241132583666,4.160141323505466,4.159941787946777,4.158945759318388
358.15,4.200009792765831,4.198906150067194,4.197805711454273,4.196708462440169,4.195614388656768,4.194523475853263,4.193435709894678,4.192351076760426,4.191269562542878,4.190191153445951,4.189115835783707,4.188043595978998,4.186974420562085,4.185908296169312,4.184845209541775,4.183785147524025,4.182728097062775,4.181674045205614,4.180622979099789,4.179574885990925,4.1785297532218255,4.177487568231267,4.176448318552805,4.1754119918136015,4.174378575733271,4.173348058122726,4.172525722799077,4.17242306046332,4.17232042688307,4.172217822046362,4.172115245941225,4.172012698555719,4.171910179877888,4.171807689895805,4.171705228597544,4.171602795971182,4.171500392004819,4.1713980166865445,4.171295670004474,4.171193351946728,4.171091062501426,4.170988801656704,4.1708865694007065,4.17078436572159,4.1706821906075096,4.170580044046638,4.17047792602715,4.170375836537236,4.170273775565088,4.170171743098911,4.170069739126923,4.169967763637336,4.169865816618385,4.169763898058308,4.169662007945351,4.169560146267765,4.169458313013823,4.1693565081717905,4.169254731729947,4.16915298367659,4.169051264000009,4.168949572688512,4.1688479097304185,4.168746275114045,4.1686446688277305,4.168543090859807,4.168441541198627,4.168340019832547,4.1682385267499305,4.168137061939155,4.168035625388598,4.167934217086655,4.167832837021722,4.1677314851822,4.167630161556514,4.167528866133083,4.1674275989003435,4.167326359846725,4.1672251489606875,4.167123966230682,4.167022811645174,4.166921685192641,4.1668205868615615,4.1667195166404225,4.166618474517726,4.1665174604819795,4.166416474521694,4.166315516625395,4.166214586781609,4.166113684978884,4.166012811205757,4.16591196545079,4.165811147702548,4.165710357949594,4.1656095961805155,4.165508862383899,4.165408156548342,4.165307478662444,4.165206828714822,4.1651062066940945,4.165005612588888,4.164905046387845,4.164804508079603,4.1647039976528175,4.164603515096151,4.1645030603982685,4.164402633547851,4.164201863344154,4.163199679334163
363.15,4.205024599810016,4.203909085652856,4.202796858739443,4.2016879034300425,4.200582204220209,4.19947974573908,4.19838051274766,4.197284490137131,4.1961916629272,4.195102016264447,4.194015535420712,4.192932205791476,4.191852012894311,4.190774942367295,4.189700979967474,4.18863011156936,4.187562323163417,4.186497600854581,4.18543593086081,4.184377299511628,4.18332169324672,4.182269098614518,4.181219502270817,4.180172890977418,4.179129251600767,4.178088571110644,4.177258148425689,4.177154477830259,4.177050836578837,4.176947224658638,4.176843642056894,4.176740088760844,4.176636564757728,4.176533070034809,4.176429604579356,4.1763261683786395,4.176222761419951,4.176119383690588,4.176016035177855,4.175912715869068,4.1758094257515515,4.175706164812649,4.1756029330397,4.175499730420061,4.175396556941098,4.175293412590188,4.175190297354712,4.175087211222069,4.1749841541796595,4.174881126214902,4.174778127315216,4.174675157468034,4.174572216660804,4.1744693048809784,4.174366422116016,4.17426356835339,4.174160743580583,4.1740579477850845,4.1739551809544,4.173852443076035,4.173749734137512,4.173647054126358,4.173544403030119,4.173441780836336,4.173339187532568,4.173236623106388,4.173134087545368,4.173031580837097,4.172929102969171,4.172826653929198,4.172724233704787,4.172621842283568,4.172519479653174,4.172417145801247,4.1723148407154405,4.172212564383416,4.172110316792844,4.172008097931411,4.171905907786802,4.1718037463467175,4.171701613598867,4.171599509530969,4.171497434130752,4.1713953873859495,4.171293369284309,4.17119137981359,4.171089418961555,4.1709874867159735,4.170885583064636,4.17078370799533,4.170681861495858,4.170580043554032,4.170478254157669,4.1703764932946035,4.170274760952672,4.170173057119718,4.170071381783601,4.16996973493219,4.169868116553355,4.169766526634983,4.169664965164966,4.16956343213121,4.169461927521618,4.169360451324117,4.169259003526635,4.1691575841171105,4.169056193083492,4.168853496095801,4.1678417096258285
368.15,4.210568080117141,4.209436431267259,4.20830818238407,4.207183316424526,4.2060618165003145,4.20494366587583,4.203828847966198,4.20271734633532,4.201609144693912,4.200504226897622,4.199402576945119,4.198304178976236,4.197209017270135,4.196117076243494,4.1950283404486965,4.193942794572082,4.192860423432191,4.191781211978041,4.190705145287432,4.189632208565264,4.188562387141888,4.187495666471454,4.18643203213033,4.185371469815485,4.18431396534293,4.183259504646185,4.182418118228763,4.182313080914953,4.182208073774727,4.182103096794298,4.181998149959897,4.181893233257759,4.181788346674133,4.18168349019528,4.181578663807472,4.181473867496991,4.181369101250129,4.181264365053194,4.181159658892501,4.181054982754374,4.180950336625158,4.180845720491203,4.1807411343388665,4.180636578154517,4.180532051924544,4.180427555635339,4.180323089273306,4.1802186528248635,4.180114246276439,4.180009869614467,4.179905522825401,4.179801205895702,4.179696918811835,4.1795926615602905,4.179488434127556,4.179384236500138,4.179280068664551,4.179175930607321,4.179071822314985,4.1789677437740895,4.178863694971195,4.17875967589287,4.178655686525697,4.178551726856263,4.178447796871173,4.178343896557037,4.178240025900482,4.17813618488814,4.1780323735066585,4.17792859174269,4.177824839582903,4.1777211170139745,4.17761742402259,4.177513760595453,4.177410126719271,4.17730652238076,4.177202947566654,4.177099402263695,4.17699588645863,4.176892400138228,4.176788943289258,4.176685515898504,4.1765821179527585,4.176478749438831,4.176375410343533,4.176272100653692,4.176168820356141,4.176065569437731,4.175962347885316,4.175859155685765,4.175755992825954,4.175652859292778,4.175549755073128,4.175446680153916,4.175343634522064,4.1752406181645,4.175137631068164,4.175034673220009,4.174931744606996,4.1748288452160915,4.174725975034286,4.174623134048566,4.174520322245936,4.174417539613406,4.174314786138001,4.1742120618067515,4.174109366606707,4.173904063548444,4.172879291737596
373.15,4.21664839110004,4.215496346054775,4.21434784413992,4.213202866635427,4.212061394998787,4.210923410862648,4.209788896032525,4.208657832484498,4.207530202362966,4.206405987978417,4.205285171805227,4.204167736479481,4.203053664796844,4.201942939710442,4.200835544328758,4.199731461913594,4.19863067587802,4.197533169784374,4.196438927342286,4.195347932406705,4.194260168975996,4.193175621190018,4.19209427332825,4.191016109807949,4.1899411151823065,4.188869274138664,4.188014061677226,4.187907300962773,4.187800571496723,4.187693873264086,4.187587206249887,4.1874805704391544,4.187373965816942,4.187267392368306,4.187160850078322,4.1870543389320725,4.1869478589146585,4.18684141001119,4.1867349922067945,4.186628605486604,4.186522249835769,4.186415925239452,4.186309631682832,4.1862033691510945,4.186097137629436,4.185990937103073,4.185884767557228,4.185778628977144,4.185672521348071,4.185566444655266,4.185460398884011,4.185354384019593,4.18524840004731,4.185142446952478,4.185036524720425,4.184930633336484,4.184824772786009,4.184718943054363,4.184613144126921,4.18450737598907,4.184401638626215,4.184295932023762,4.184190256167141,4.184084611041787,4.183978996633152,4.183873412926695,4.183767859907892,4.183662337562232,4.18355684587521,4.1834513848323365,4.183345954419139,4.183240554621152,4.183135185423921,4.183029846813005,4.182924538773981,4.182819261292428,4.182714014353945,4.18260879794414,4.1825036120486345,4.182398456653057,4.182293331743057,4.182188237304288,4.182083173322421,4.181978139783136,4.181873136672125,4.18176816397509,4.181663221677755,4.18155830976584,4.181453428225092,4.181348577041259,4.181243756200111,4.181138965687417,4.18103420548897,4.180929475590569,4.180824775978024,4.180720106637161,4.180615467553815,4.1805108587138315,4.180406280103071,4.180301731707401,4.180197213512711,4.180092725504889,4.179988267669842,4.17988383999349,4.1797794424617605,4.179675075060591,4.179570737775942,4.179362153500055,4.1783210343509625
378.15,4.223277002002261,4.222100246591618,4.220927209360192,4.219757869607356,4.218592206836709,4.217430200753332,4.216271831261095,4.215117078459994,4.21396592264351,4.212818344296023,4.211674324090235,4.210533842884648,4.209396881721064,4.20826342182211,4.207133444588816,4.206006931598198,4.204883864600896,4.203764225518839,4.202647996442916,4.201535159630722,4.200425697504283,4.199319592647865,4.198216827805768,4.19711738588016,4.196021249928975,4.194928403163782,4.194056482780542,4.19394763957568,4.193838828947733,4.193730050880286,4.193621305356928,4.19351259236127,4.1934039118769375,4.193295263887564,4.193186648376807,4.1930780653283355,4.192969514725824,4.192860996552978,4.1927525107935075,4.192644057431132,4.192535636449602,4.192427247832665,4.192318891564098,4.1922105676276775,4.1921022760072075,4.1919940166864995,4.19188578964938,4.191777594879693,4.1916694323612935,4.1915613020780516,4.191453204013857,4.191345138152604,4.191237104478209,4.1911291029746,4.191021133625718,4.190913196415522,4.19080529132798,4.190697418347079,4.190589577456817,4.190481768641209,4.190373991884282,4.1902662471700785,4.190158534482655,4.190050853806078,4.189943205124436,4.1898355884218255,4.189728003682354,4.189620450890156,4.189512930029364,4.18940544108414,4.189297984038646,4.189190558877068,4.189083165583601,4.188975804142454,4.188868474537854,4.188761176754032,4.188653910775248,4.188546676585763,4.188439474169855,4.188332303511822,4.1882251645959645,4.18811805740661,4.18801098192809,4.18790393814475,4.187796926040956,4.187689945601079,4.187582996809516,4.187476079650661,4.187369194108935,4.187262340168769,4.187155517814604,4.187048727030899,4.186941967802125,4.186835240112767,4.186728543947321,4.186621879290299,4.186515246126226,4.1864086444396404,4.186302074215095,4.186195535437158,4.1860890280904,4.185982552159421,4.185876107628822,4.185769694483224,4.185663312707256,4.185556962285568,4.185450643202816,4.185238098992826,4.184177253080772
383.15,4.230469004078159,4.229263120427214,4.228061163907552,4.22686311149704,4.225668940409041,4.224478628089238,4.223292152212463,4.222109490679602,4.220930621614521,4.219755523361023,4.218584174479875,4.217416553745821,4.216252640144712,4.215092412870577,4.213935851322828,4.212782935103417,4.211633644014089,4.2104879580536565,4.2093458574152836,4.2082073224838545,4.207072333833318,4.205940872224126,4.20481291860067,4.203688454088754,4.202567459993122,4.2014499177949975,4.200558357069274,4.200447066023594,4.2003358091496725,4.200224586429407,4.20011339784472,4.200002243377551,4.199891123009853,4.1997800367235945,4.199668984500768,4.1995579663233755,4.199446982173441,4.199336032033001,4.199225115884113,4.199114233708846,4.199003385489293,4.198892571207556,4.198781790845756,4.198671044386035,4.198560331810548,4.198449653101464,4.198339008240976,4.198228397211285,4.1981178199946125,4.198007276573198,4.197896766929297,4.197786291045178,4.197675848903131,4.197565440485457,4.197455065774477,4.197344724752528,4.197234417401962,4.197124143705151,4.197013903644476,4.196903697202342,4.196793524361167,4.19668338510338,4.196573279411438,4.1964632072678025,4.196353168654961,4.196243163555409,4.196133191951663,4.196023253826253,4.195913349161724,4.195803477940646,4.1956936401455875,4.195583835759157,4.195474064763954,4.19536432714261,4.195254622877768,4.19514495195209,4.195035314348246,4.194925710048929,4.1948161390368455,4.194706601294714,4.194597096805279,4.194487625551293,4.194378187515524,4.194268782680755,4.194159411029794,4.194050072545452,4.193940767210565,4.19383149500798,4.193722255920558,4.193613049931182,4.193503877022748,4.193394737178163,4.193285630380355,4.193176556612266,4.1930675158568524,4.192958508097086,4.192849533315956,4.192740591496468,4.192631682621639,4.192522806674501,4.192413963638111,4.192305153495523,4.192196376229828,4.192087631824116,4.191978920261497,4.191870241525105,4.191761595598072,4.191544402104742,4.190460397488269
388.15,4.238243384447741,4.237003801360534,4.235768390877544,4.234537127268451,4.2333099850751035,4.232086939107772,4.230867964441477,4.229653036412346,4.228442130614038,4.2272352228941825,4.226032289350895,4.224833306329324,4.223638250418235,4.222447098446662,4.221259827480572,4.220076414819604,4.218896837993821,4.217721074760542,4.216549103101163,4.215380901218085,4.214216447531621,4.213055720676991,4.211898699501335,4.2107453630607585,4.20959569061745,4.208449661636798,4.2075354480741325,4.207421333904456,4.207307255784585,4.20719321369447,4.207079207614086,4.206965237523417,4.20685130340248,4.206737405231302,4.206623542989932,4.206509716658436,4.206395926216907,4.206282171645445,4.206168452924183,4.20605477003326,4.205941122952844,4.205827511663119,4.205713936144288,4.205600396376569,4.205486892340209,4.205373424015463,4.205259991382618,4.205146594421963,4.205033233113821,4.204919907438527,4.204806617376434,4.20469336290792,4.204580144013375,4.204466960673215,4.204353812867864,4.204240700577777,4.204127623783423,4.204014582465286,4.20390157660387,4.203788606179704,4.203675671173331,4.203562771565309,4.203449907336223,4.203337078466672,4.203224284937269,4.203111526728653,4.20299880382148,4.2028861161964235,4.202773463834172,4.202660846715439,4.202548264820951,4.202435718131457,4.202323206627722,4.202210730290528,4.20209828910068,4.2019858830389945,4.201873512086311,4.20176117622349,4.201648875431407,4.201536609690947,4.201424378983032,4.201312183288584,4.201200022588554,4.201087896863906,4.200975806095627,4.200863750264717,4.200751729352196,4.200639743339099,4.200527792206485,4.200415875935432,4.200303994507022,4.200192147902375,4.2000803361026104,4.199968559088879,4.199856816842341,4.199745109344177,4.199633436575586,4.199521798517785,4.19941019515201,4.19929862645951,4.199187092421554,4.199075593019435,4.1989641282344525,4.198852698047928,4.1987413024412055,4.198629941395637,4.198518614892604,4.198296065439722,4.197185384418029
393.15,4.2466232728332365,4.2453452159636,4.244071616954376,4.242802446924921,4.241537677309744,4.2402772798541495,4.239021226609923,4.237769489931079,4.236522042469664,4.2352788571716005,4.234039907272617,4.23280516629418,4.231574608039537,4.230348206589759,4.229125936299871,4.227907771795024,4.226693687966698,4.225483659968984,4.224277663214899,4.223075673372754,4.221877666362569,4.220683618352541,4.219493505755548,4.218307305225717,4.217124993655022,4.2159465481699465,4.215006560140205,4.214889234017978,4.214771946128167,4.21465469644846,4.214537484956567,4.214420311630219,4.2143031764471734,4.214186079385206,4.214069020422117,4.213951999535729,4.213835016703882,4.213718071904448,4.21360116511531,4.213484296314385,4.2133674654796005,4.213250672588917,4.213133917620308,4.213017200551774,4.212900521361334,4.212783880027035,4.212667276526939,4.212550710839136,4.212434182941733,4.212317692812862,4.212201240430675,4.212084825773348,4.211968448819077,4.211852109546078,4.2117358079325955,4.211619543956886,4.211503317597238,4.21138712883195,4.211270977639352,4.211154863997794,4.211038787885644,4.21092274928129,4.210806748163148,4.210690784509654,4.210574858299258,4.21045896951044,4.2103431181216955,4.210227304111547,4.210111527458535,4.209995788141218,4.209880086138185,4.209764421428036,4.209648793989398,4.209533203800918,4.209417650841265,4.209302135089124,4.209186656523209,4.20907121512225,4.208955810864997,4.2088404437302245,4.208725113696728,4.2086098207433205,4.208494564848839,4.208379345992138,4.208264164152096,4.208149019307609,4.2080339114376,4.207918840521008,4.2078038065367895,4.207688809463927,4.207573849281425,4.207458925968302,4.207344039503605,4.207229189866393,4.207114377035751,4.206999600990784,4.206884861710618,4.206770159174395,4.206655493361285,4.206540864250471,4.20642627182116,4.206311716052577,4.206197196923973,4.206082714414612,4.205968268503784,4.205853859170795,4.205739486394971,4.205510850432239,4.20436985704687
398.15,4.2556361732118315,4.254314613564343,4.252997840789641,4.251685822347723,4.250378526064255,4.249075920125442,4.247777973072992,4.2464846537991185,4.245195931541623,4.2439117758790355,4.242632156725821,4.241357044327648,4.240086409256711,4.238820222407132,4.237558454990405,4.236301078530909,4.23504806486148,4.233799386119041,4.232555014740295,4.2313149234574565,4.230079085294072,4.2288474735608705,4.227620061851681,4.226396824039402,4.225177734272032,4.223962766968744,4.2229937442806875,4.222872800175495,4.222751896816025,4.222631034177345,4.222510212234552,4.222389430962764,4.222268690337125,4.222147990332808,4.222027330925012,4.2219067120889555,4.221786133799889,4.221665596033091,4.221545098763858,4.221424641967517,4.221304225619418,4.221183849694939,4.221063514169483,4.220943219018477,4.220822964217378,4.2207027497416565,4.220582575566826,4.220462441668412,4.220342348021969,4.22022229460308,4.220102281387348,4.219982308350405,4.219862375467904,4.219742482715527,4.219622630068985,4.219502817504002,4.219383044996337,4.219263312521774,4.219143620056114,4.219023967575191,4.218904355054861,4.218784782471004,4.218665249799525,4.218545757016354,4.218426304097447,4.218306891018782,4.218187517756369,4.218068184286229,4.217948890584421,4.217829636627018,4.2177104223901285,4.217591247849877,4.217472112982415,4.2173530177639185,4.217233962170588,4.217114946178649,4.2169959697643495,4.2168770329039615,4.2167581355737855,4.216639277750143,4.2165204594093755,4.216401680527859,4.216282941081984,4.216164241048168,4.216045580402858,4.215926959122514,4.21580837718363,4.2156898345627205,4.2155713312363225,4.215452867180999,4.215334442373334,4.215216056789938,4.215097710407442,4.214979403202507,4.21486113515181,4.214742906232058,4.214624716419978,4.2145065656923215,4.214388454025861,4.2142703813974,4.214152347783757,4.214034353161778,4.213916397508334,4.213798480800316,4.213680603014637,4.213562764128242,4.2134449641180876,4.213209480634473,4.212034387989092
403.15,4.265314193689833,4.263943793073514,4.262578556869803,4.26121844828994,4.259863430970249,4.258513468966155,4.257168526746233,4.255828569186362,4.254493561563937,4.25316346955216,4.251838259214425,4.250517896998751,4.249202349732301,4.2478915846159735,4.246585569219068,4.245284271474015,4.243987659671177,4.242695702453728,4.2414083688125865,4.240125628081434,4.2388474499317885,4.237573804368152,4.236304661723207,4.235039992653118,4.233779768132847,4.232523959451569,4.2315224728147625,4.231397483700884,4.23127253820814,4.231147636308564,4.231022777974232,4.230897963177239,4.230773191889719,4.230648464083833,4.230523779731772,4.230399138805756,4.230274541278031,4.230149987120882,4.230025476306617,4.229901008807575,4.229776584596125,4.229652203644665,4.229527865925625,4.229403571411462,4.229279320074661,4.22915511188774,4.229030946823245,4.228906824853754,4.228782745951868,4.22865871009022,4.228534717241477,4.228410767378327,4.228286860473497,4.228162996499733,4.228039175429813,4.227915397236551,4.227791661892778,4.227667969371366,4.227544319645207,4.227420712687228,4.227297148470379,4.227173626967643,4.227050148152029,4.226926711996579,4.2268033184743565,4.226679967558463,4.2265566592220205,4.226433393438177,4.226310170180125,4.226186989421067,4.22606385113424,4.225940755292917,4.2258177018703895,4.225694690839985,4.225571722175049,4.225448795848966,4.225325911835141,4.225203070107012,4.225080270638041,4.224957513401725,4.224834798371576,4.224712125521148,4.224589494824016,4.224466906253782,4.2243443597840775,4.224221855388564,4.224099393040927,4.223976972714883,4.22385459438417,4.22373225802256,4.223609963603851,4.22348771110187,4.223365500490467,4.223243331743519,4.223121204834939,4.222999119738661,4.222877076428642,4.222755074878876,4.222633115063378,4.22251119695619,4.222389320531385,4.222267485763062,4.222145692625344,4.222023941092384,4.221902231138359,4.221780562737478,4.2216589358639744,4.221415806596158,4.220202643174633
408.15,4.275694288406964,4.274269340463057,4.272849988681568,4.271436191338995,4.270027907207041,4.26862509554554,4.267227716095439,4.265835729071945,4.264449095157684,4.263067775496002,4.261691731684337,4.260320925767686,4.258955320232146,4.257594877998564,4.256239562416246,4.254889337256773,4.253544166707888,4.252204015367469,4.250868848237579,4.249538630718617,4.2482133286035095,4.246892908072022,4.2455773356851285,4.244266578379459,4.242960603461823,4.2416593786038215,4.240621797265282,4.240492311102931,4.240362871836508,4.240233479434558,4.240104133865657,4.23997483509842,4.239845583101494,4.239716377843564,4.239587219293346,4.239458107419591,4.239329042191087,4.239200023576657,4.239071051545156,4.238942126065475,4.238813247106535,4.238684414637299,4.2385556286267585,4.238426889043942,4.238298195857912,4.23816954903776,4.238040948552625,4.23791239437166,4.237783886464071,4.237655424799089,4.237527009345976,4.237398640074035,4.237270316952599,4.237142039951034,4.23701380903874,4.236885624185156,4.236757485359747,4.236629392532014,4.2365013456714955,4.236373344747754,4.2362453897304,4.236117480589063,4.235989617293413,4.2358617998131525,4.235734028118014,4.23560630217777,4.235478621962217,4.235350987441194,4.235223398584566,4.235095855362234,4.234968357744133,4.234840905700224,4.234713499200511,4.2345861382150245,4.234458822713826,4.234331552667016,4.234204328044723,4.234077148817108,4.233950014954369,4.23382292642673,4.233695883204452,4.233568885257825,4.233441932557178,4.233315025072863,4.23318816277527,4.233061345634822,4.2329345736219715,4.232807846707201,4.23268116486103,4.23255452805401,4.232427936256718,4.232301389439768,4.232174887573808,4.2320484306295105,4.231922018577589,4.23179565138878,4.231669329033856,4.23154305148362,4.231416818708911,4.231290630680592,4.231164487369561,4.231038388746747,4.230912334783117,4.230786325449655,4.2306603607173905,4.230534440557375,4.230408564940692,4.230156947221841,4.228901521438449
413.15,4.286818525516741,4.285332890868636,4.283853345078747,4.282379840686785,4.280912330810577,4.279450769137682,4.277995109917141,4.276545307951333,4.2751013185879385,4.273663097712024,4.272230601738203,4.270803787602948,4.269382612756963,4.267967035157695,4.266557013261918,4.265152506018445,4.26375347286092,4.262359873700711,4.260971668919923,4.259588819364464,4.258211286337255,4.2568390315914995,4.255472017324055,4.254110206168909,4.252753561190732,4.251402045878514,4.2503245027198915,4.2501900381225655,4.250055624139321,4.249921260734662,4.249786947873131,4.249652685519316,4.249518473637834,4.249384312193355,4.249250201150588,4.2491161404742686,4.248982130129191,4.248848170080179,4.248714260292097,4.248580400729852,4.248446591358391,4.2483128321427,4.248179123047806,4.248045464038772,4.247911855080702,4.247778296138745,4.247644787178084,4.247511328163945,4.24737791906159,4.24724455983632,4.247111250453485,4.24697799087846,4.246844781076668,4.246711621013569,4.246578510654665,4.246445449965492,4.246312438911629,4.2461794774586945,4.24604656557234,4.245913703218263,4.245780890362195,4.24564812696991,4.245515413007219,4.245382748439969,4.245250133234046,4.245117567355383,4.244985050769938,4.244852583443719,4.244720165342767,4.244587796433161,4.244455476681017,4.2443232060524965,4.244190984513788,4.244058812031128,4.2439266885707845,4.24379461409907,4.243662588582326,4.243530611986939,4.24339868427933,4.24326680542596,4.243134975393325,4.243003194147961,4.24287146165644,4.242739777885371,4.2426081428014015,4.242476556371217,4.24234501856154,4.2422135293391285,4.24208208867078,4.241950696523329,4.241819352863645,4.241688057658634,4.241556810875245,4.241425612480458,4.24129446244129,4.2411633607248005,4.2410323072980765,4.24090130212825,4.240770345182486,4.24063943642799,4.240508575831994,4.240377763361779,4.240246998984657,4.24011628266797,4.2399856143791075,4.239854994085492,4.239724421754574,4.239463420850855,4.238161283077811
418.15,4.298734395586436,4.2971814295164315,4.295635113913425,4.294095394638373,4.292562218228692,4.291035531888324,4.2895152834779555,4.2880014215053555,4.2864938951158615,4.284992654083004,4.283497648799229,4.282008830266782,4.280526150088705,4.279049560459954,4.277579014158646,4.276114464537437,4.274655865514995,4.273203171567613,4.271756337720943,4.270315319541816,4.268880073130218,4.267450555111337,4.266026722627759,4.264608533331744,4.263195945377632,4.261788917414339,4.260667270760384,4.260527312255579,4.260387408577983,4.260247559687427,4.260107765543789,4.259968026106992,4.259828341337011,4.259688711193863,4.259549135637616,4.25940961462838,4.2592701481263155,4.259130736091633,4.258991378484582,4.258852075265466,4.258712826394628,4.258573631832463,4.25843449153941,4.258295405475953,4.25815637360263,4.258017395880013,4.257878472268729,4.25773960272945,4.2576007872228905,4.257462025709813,4.2573233181510295,4.257184664507387,4.257046064739793,4.256907518809188,4.256769026676565,4.25663058830296,4.256492203649456,4.256353872677181,4.2562155953473075,4.256077371621053,4.2559392014596815,4.255801084824499,4.255663021676861,4.255525011978166,4.255387055689857,4.255249152773422,4.255111303190393,4.254973506902349,4.254835763870913,4.254698074057749,4.254560437424569,4.254422853933131,4.254285323545234,4.254147846222721,4.254010421927482,4.25387305062145,4.2537357322666,4.253598466824955,4.25346125425858,4.2533240945295825,4.253186987600115,4.253049933432376,4.252912931988601,4.252775983231079,4.252639087122134,4.252502243624139,4.252365452699506,4.252228714310696,4.252092028420206,4.2519553949905795,4.251818813984409,4.251682285364322,4.251545809092991,4.251409385133133,4.251273013447508,4.25113669399892,4.25100042675021,4.250864211664267,4.250728048704023,4.250591937832451,4.250455879012564,4.250319872207421,4.250183917380125,4.250048014493817,4.249912163511678,4.249776364396942,4.249640617112872,4.249369277890028,4.248015679183478
423.15,4.311495175345121,4.3098676461844585,4.308247407431405,4.306634397156935,4.305028554225585,4.303429818283627,4.301838129747419,4.30025342979191,4.2986756603393195,4.297104764047958,4.295540684301245,4.293983365196838,4.292432751535955,4.290888788812826,4.289351423204297,4.287820601559602,4.2862962713902455,4.284778380860071,4.28326687877544,4.281761714575561,4.280262838322958,4.278770200694084,4.277283752970052,4.275803447027505,4.27432923532963,4.272861070917283,4.2716908622398675,4.271544855022171,4.271398907400253,4.271253019328533,4.271107190761489,4.27096142165365,4.270815711959601,4.270670061633984,4.270524470631496,4.2703789389068865,4.2702334664149575,4.270088053110574,4.269942698948647,4.269797403884144,4.269652167872089,4.269506990867562,4.269361872825688,4.269216813701659,4.269071813450709,4.268926872028135,4.268781989389283,4.268637165489556,4.268492400284404,4.268347693729339,4.268203045779922,4.268058456391769,4.267913925520547,4.2677694531219785,4.26762503915184,4.267480683565956,4.267336386320213,4.267192147370539,4.267047966672926,4.266903844183412,4.2667597798580905,4.266615773653104,4.266471825524654,4.266327935428986,4.266184103322406,4.266040329161269,4.26589661290198,4.265752954501,4.265609353914838,4.265465811100061,4.2653223260132815,4.2651788986111665,4.265035528850436,4.264892216687859,4.264748962080257,4.264605764984508,4.264462625357532,4.264319543156306,4.264176518337861,4.2640335508592715,4.26389064067767,4.263747787750237,4.263604992034204,4.263462253486854,4.263319572065521,4.263176947727589,4.263034380430492,4.2628918701317176,4.262749416788799,4.262607020359327,4.262464680800934,4.26232239807131,4.26218017212819,4.262038002929361,4.261895890432664,4.261753834595984,4.261611835377258,4.261469892734475,4.261328006625669,4.261186177008926,4.2610444038423845,4.260902687084231,4.2607610266926965,4.260619422626069,4.260477874842678,4.260336383300909,4.260194947959195,4.259912245709898,4.258502092398691
428.15,4.3251603627594735,4.323450358873321,4.321748374813173,4.320054339543046,4.318368182960581,4.316689835882885,4.31501923003257,4.31335629802401,4.311700973349786,4.31005319036735,4.308412884285874,4.306779991153294,4.30515444784355,4.3035361920440085,4.301925162243078,4.300321297717999,4.2987245385228166,4.297134825476528,4.295552100151414,4.293976304861528,4.292407382651363,4.290845277284681,4.289289933233516,4.287741295667322,4.286199310442292,4.284663924090841,4.283440330693777,4.283287674757213,4.283135083811227,4.282982557803966,4.282830096683642,4.282677700398529,4.282525368896969,4.282373102127365,4.282220900038185,4.282068762577965,4.281916689695298,4.2817646813388475,4.281612737457336,4.28146085799955,4.281309042914345,4.281157292150635,4.281005605657394,4.280853983383669,4.280702425278561,4.2805509312912395,4.280399501370933,4.28024813546694,4.280096833528615,4.279945595505373,4.2797944213467005,4.27964331100214,4.2794922644212985,4.279341281553845,4.27919036234951,4.279039506758086,4.2788887147294306,4.278737986213458,4.27858732116015,4.278436719519544,4.278286181241746,4.278135706276916,4.2779852945752825,4.27783494608713,4.277684660762807,4.277534438552724,4.277384279407347,4.27723418327721,4.277084150112903,4.276934179865083,4.276784272484457,4.2766344279218025,4.276484646127953,4.276334927053804,4.276185270650309,4.2760356768684815,4.275886145659405,4.275736676974205,4.275587270764083,4.275437926980291,4.275288645574145,4.275139426497019,4.274990269700347,4.274841175135624,4.274692142754402,4.274543172508292,4.274394264348968,4.274245418228155,4.274096634097648,4.2739479119092945,4.273799251614999,4.2736506531667295,4.273502116516511,4.273353641616425,4.273205228418614,4.273056876875277,4.272908586938671,4.272760358561116,4.272612191694985,4.2724640862927075,4.272316042306777,4.272168059689741,4.272020138394205,4.2718722783728325,4.271724479578347,4.271576741963523,4.271429065481199,4.271133895725678,4.269661698938469
433.15,4.339796201104936,4.33799502394334,4.336202698721579,4.334419143728146,4.332644278353552,4.3308780230732475,4.329120299430796,4.327371030021333,4.325630138475252,4.323897549442163,4.322173188575099,4.320456982514949,4.318748858875145,4.317048746226583,4.315356574082773,4.313672272885211,4.311995773988983,4.310327009648576,4.3086659130039315,4.3070124180666784,4.305366459706597,4.303727973638283,4.302096896408021,4.300473165380825,4.2988567187277384,4.297247495413253,4.295965277048574,4.295805320568524,4.295645435182979,4.295485620832797,4.295325877458913,4.295166205002333,4.295006603404145,4.294847072605511,4.294687612547659,4.294528223171907,4.294368904419639,4.2942096562323115,4.294050478551464,4.293891371318704,4.293732334475715,4.2935733679642585,4.293414471726166,4.293255645703343,4.293096889837772,4.292938204071508,4.292779588346678,4.292621042605491,4.292462566790216,4.292304160843204,4.29214582470688,4.29198755832374,4.291829361636352,4.291671234587358,4.291513177119476,4.291355189175491,4.291197270698265,4.291039421630732,4.2908816419158935,4.290723931496834,4.290566290316699,4.290408718318712,4.290251215446165,4.2900937816424305,4.2899364168509395,4.289779121015204,4.289621894078806,4.289464735985397,4.2893076466787,4.2891506261025105,4.288993674200694,4.28883679091719,4.288679976196006,4.288523229981217,4.2883665522169725,4.2882099428474945,4.288053401817076,4.2878969290700715,4.287740524550914,4.2875841882041055,4.287427919974214,4.287271719805882,4.28711558764382,4.286959523432806,4.286803527117692,4.286647598643395,4.286491737954902,4.2863359449972736,4.286180219715635,4.2860245620551805,4.285868971961175,4.285713449378953,4.285557994253913,4.285402606531531,4.285247286157339,4.285092033076947,4.284936847236032,4.284781728580336,4.28462667705567,4.284471692607912,4.284316775183014,4.284161924726987,4.284007141185911,4.283852424505939,4.283697774633293,4.283543191514249,4.283388675095162,4.283079842142604,4.281539661226038
438.15,4.355476312217128,4.353574352356536,4.351682194968758,4.34979974578835,4.3479269118555495,4.346063601495516,4.3442097242979125,4.34236519109683,4.340529913951025,4.33870380612449,4.3368867820673325,4.335078757396966,4.333279648879614,4.331489374412091,4.329707853003894,4.327935004759581,4.326170750861413,4.324415013552295,4.32266771611898,4.32092878287553,4.319198139147061,4.317475711253724,4.315761426494946,4.314055213133933,4.312357000382392,4.310666718385514,4.309320156575808,4.309152188389118,4.308984298207189,4.3088164859623905,4.308648751587184,4.308481095014122,4.308313516175838,4.3081460150050646,4.307978591434613,4.307811245397389,4.307643976826384,4.307476785654676,4.307309671815435,4.307142635241917,4.306975675867462,4.3068087936255015,4.306641988449555,4.306475260273225,4.3063086090302045,4.306142034654272,4.305975537079292,4.305809116239219,4.305642772068087,4.3054765045000245,4.305310313469242,4.305144198910038,4.304978160756789,4.30481219894397,4.304646313406132,4.304480504077918,4.304314770894051,4.304149113789341,4.303983532698684,4.30381802755706,4.303652598299534,4.303487244861257,4.303321967177463,4.30315676518347,4.3029916388146825,4.302826588006586,4.302661612694754,4.302496712814841,4.302331888302582,4.302167139093804,4.302002465124413,4.301837866330395,4.301673342647822,4.301508894012854,4.301344520361727,4.301180221630764,4.301015997756366,4.300851848675019,4.300687774323295,4.300523774637843,4.300359849555398,4.3001959990127725,4.300032222946866,4.299868521294658,4.299704893993208,4.299541340979656,4.299377862191227,4.299214457565226,4.299051127039038,4.298887870550131,4.298724688036052,4.298561579434429,4.2983985446829704,4.298235583719464,4.298072696481783,4.297909882907873,4.2977471429357665,4.297584476503574,4.297421883549484,4.297259364011765,4.297096917828767,4.296934544938916,4.296772245280722,4.296610018792773,4.296447865413731,4.296285785082342,4.2961237777374315,4.295799981762725,4.294185360382443
443.15,4.372282462703254,4.370269055077722,4.3682665376591485,4.366274801364979,4.364293738666384,4.3623232435628045,4.36036321155695,4.358413539630233,4.356474126218619,4.354544871188904,4.352625675815393,4.350716442756969,4.348817076034586,4.3469274810090965,4.345047564359494,4.34317723406151,4.341316399366568,4.339464970781095,4.337622860046175,4.335789980117559,4.333966245145981,4.332151570457822,4.3303458725360855,4.32854906900169,4.326761078595065,4.324981821158062,4.323564649772537,4.323387890776574,4.3232112176161435,4.323034630213715,4.322858128491859,4.322681712373256,4.322505381780684,4.322329136637032,4.322152976865291,4.321976902388553,4.321800913130021,4.321625009012992,4.321449189960873,4.321273455897175,4.321097806745509,4.320922242429587,4.320746762873234,4.320571368000365,4.320396057735004,4.320220832001279,4.320045690723415,4.319870633825745,4.319695661232698,4.31952077286881,4.319345968658711,4.319171248527142,4.31899661239894,4.318822060199042,4.318647591852486,4.318473207284413,4.318298906420065,4.318124689184781,4.317950555504005,4.317776505303275,4.317602538508234,4.31742865504462,4.317254854838278,4.317081137815145,4.316907503901259,4.3167339530227595,4.3165604851058825,4.316387100076965,4.316213797862441,4.316040578388843,4.3158674415828004,4.315694387371044,4.315521415680401,4.315348526437796,4.315175719570249,4.315002995004884,4.314830352668917,4.314657792489662,4.314485314394529,4.314312918311028,4.314140604166762,4.313968371889435,4.313796221406845,4.313624152646883,4.313452165537542,4.313280260006906,4.313108435983157,4.3129366933945725,4.312765032169527,4.312593452236486,4.312421953524014,4.31225053596077,4.312079199475504,4.311907943997066,4.3117367694543995,4.311565675776537,4.311394662892611,4.311223730731846,4.311052879223561,4.310882108297168,4.310711417882174,4.310540807908176,4.310370278304868,4.310199829002035,4.310029459929558,4.309859171017407,4.309688962195644,4.309348784544008,4.307652678054135
448.15,4.390305491904359,4.388168745458924,4.386044136704941,4.383931538997433,4.3818308275496305,4.379741879401455,4.377664573388605,4.375598790112205,4.373544411909016,4.371501322822196,4.369469408572583,4.367448556530522,4.365438655688169,4.363439596632336,4.361451271517794,4.359473574041062,4.357506399414677,4.355549644341909,4.353603206991918,4.351666986975373,4.349740885320477,4.347824804449425,4.345918648155277,4.344022321579212,4.342135731188211,4.34025878475309,4.338764110094364,4.338577703349986,4.33839139132694,4.338205173936103,4.338019051088475,4.337833022695182,4.337647088667473,4.337461248916717,4.337275503354416,4.337089851892183,4.336904294441761,4.336718830915013,4.336533461223929,4.336348185280609,4.336163002997291,4.3359779142863255,4.335792919060184,4.335608017231462,4.335423208712875,4.335238493417263,4.335053871257582,4.33486934214691,4.334684905998446,4.334500562725511,4.3343163122415405,4.334132154460094,4.333948089294853,4.33376411665961,4.3335802364682845,4.333396448634912,4.3332127530736475,4.333029149698763,4.332845638424649,4.332662219165818,4.332478891836893,4.332295656352627,4.332112512627873,4.331929460577619,4.331746500116959,4.331563631161108,4.331380853625397,4.331198167425277,4.331015572476307,4.330833068694172,4.330650655994666,4.330468334293703,4.330286103507309,4.330103963551631,4.329921914342923,4.329739955797564,4.329558087832037,4.329376310362954,4.329194623307023,4.329013026581083,4.328831520102078,4.328650103787066,4.328468777553227,4.3282875413178425,4.328106394998318,4.3279253385121645,4.32774437177701,4.327563494710596,4.327382707230773,4.3272020092555055,4.327021400702874,4.326840881491064,4.326660451538379,4.326480110763231,4.326299859084143,4.3261196964197515,4.3259396226888045,4.325759637810158,4.325579741702782,4.3253999342857545,4.325220215478266,4.325040585199613,4.324861043369206,4.324681589906567,4.324502224731325,4.324322947763217,4.32414375892209,4.32378564530072,4.322000337706211
453.15,4.409646437300486,4.407373033003434,4.405113200868349,4.402866793332315,4.4006336650677085,4.398413672942749,4.396206675982861,4.394012535332778,4.391831114219405,4.389662277915401,4.387505893703477,4.385361830841372,4.383229960527529,4.381110155867418,4.379002291840495,4.376906245267818,4.374821894780257,4.3727491207873195,4.370687805446546,4.368637832633512,4.366599087912355,4.364571458506869,4.362554833272148,4.360549102666727,4.358554158725247,4.356569895031633,4.3549901033165055,4.354793102594073,4.354596206692741,4.354399415509782,4.354202728942614,4.354006146888804,4.353809669246068,4.353613295912259,4.353417026785394,4.353220861763613,4.353024800745216,4.35282884362865,4.3526329903124985,4.3524372406955,4.352241594676524,4.3520460521545985,4.351850613028884,4.351655277198697,4.351460044563489,4.351264915022852,4.351069888476531,4.350874964824412,4.350680143966512,4.35048542580301,4.350290810234208,4.350096297160561,4.349901886482666,4.349707578101258,4.34951337191721,4.349319267831545,4.34912526574542,4.348931365560133,4.348737567177122,4.3485438704979735,4.348350275424403,4.348156781858266,4.347963389701569,4.347770098856439,4.347576909225163,4.3473838207101485,4.347190833213953,4.3469979466392665,4.346805160888919,4.346612475865877,4.346419891473246,4.346227407614266,4.346035024192315,4.345842741110916,4.345650558273712,4.345458475584496,4.345266492947192,4.345074610265858,4.344882827444689,4.344691144388022,4.34449956100032,4.344308077186183,4.344116692850347,4.343925407897686,4.343734222233199,4.343543135762029,4.343352148389445,4.343161260020857,4.342970470561799,4.342779779917948,4.342589187995104,4.342398694699211,4.342208299936334,4.342018003612676,4.341827805634571,4.34163770590849,4.341447704341023,4.341257800838902,4.341067995308984,4.34087828765827,4.340688677793871,4.340499165623037,4.340309751053156,4.340120433991739,4.339931214346427,4.3397420920249905,4.3395530669353235,4.339175308083571,4.337292316589067
458.15,4.430417902509236,4.427992851911307,4.42558302805862,4.423188258334441,4.4208083728288585,4.418443204288846,4.416092588069396,4.413756362085656,4.411434366766124,4.409126445006769,4.406832442126114,4.404552205821298,4.402285586124974,4.400032435363162,4.397792608113909,4.395565961166833,4.393352353483444,4.391151646158336,4.388963702381076,4.386788387398924,4.384625568480264,4.382475114878766,4.380336897798265,4.378210790358325,4.376096667560473,4.373994406255115,4.372321055889305,4.3721124123374775,4.371903885109058,4.371695474085303,4.371487179147635,4.371279000177643,4.37107093705711,4.370862989667979,4.370655157892374,4.370447441612583,4.370239840711088,4.370032355070521,4.369824984573699,4.369617729103612,4.369410588543417,4.3692035627764465,4.368996651686204,4.368789855156366,4.368583173070777,4.368376605313449,4.368170151768576,4.367963812320515,4.367757586853789,4.3675514752530935,4.367345477403301,4.367139593189439,4.366933822496715,4.3667281652105,4.366522621216332,4.366317190399926,4.366111872647147,4.365906667844044,4.365701575876823,4.365496596631864,4.3652917299957075,4.36508697585506,4.364882334096796,4.364677804607956,4.364473387275741,4.3642690819875245,4.364064888630841,4.363860807093384,4.363656837263024,4.3634529790277785,4.363249232275841,4.363045596895562,4.3628420727754635,4.3626386598042135,4.362435357870655,4.362232166863796,4.362029086672797,4.3618261171869825,4.361623258295841,4.3614205098890135,4.3612178718563195,4.3610153440877175,4.360812926473342,4.360610618903476,4.360408421268574,4.360206333459235,4.360004355366231,4.359802486880479,4.35960072789307,4.35939907829524,4.35919753797839,4.358996106834069,4.358794784754,4.358593571630052,4.3583924673542445,4.358191471818769,4.35799058491596,4.357789806538317,4.357589136578487,4.3573885749292804,4.357188121483655,4.356987776134733,4.356787538775777,4.356587409300221,4.356387387601638,4.356187473573761,4.35598766711048,4.355588376454011,4.353598341172392
463.15,4.452745725982993,4.450152080135918,4.44757557634222,4.4450160117867155,4.442473186956873,4.439946905578799,4.437436974554667,4.434943203901586,4.432465406691819,4.430003398994336,4.427556999817692,4.425126031054132,4.422710317424972,4.420309686427151,4.417923968280956,4.4155529958788895,4.413196604735654,4.41085463293919,4.408526921102804,4.406213312318274,4.403913652110007,4.401627788390121,4.399355571414511,4.397096853739816,4.394851490181307,4.392619337771622,4.3908430331877675,4.390621579727567,4.390400255720392,4.390179061028539,4.389957995514522,4.38973705904106,4.389516251471083,4.389295572667725,4.38907502249434,4.388854600814475,4.388634307491898,4.388414142390572,4.388194105374677,4.387974196308598,4.387754415056917,4.387534761484433,4.387315235456142,4.38709583683725,4.386876565493167,4.386657421289505,4.38643840409208,4.386219513766914,4.386000750180231,4.385782113198454,4.385563602688216,4.385345218516343,4.385126960549868,4.384908828656028,4.384690822702256,4.384472942556187,4.384255188085651,4.384037559158687,4.383820055643529,4.383602677408604,4.383385424322557,4.3831682962542065,4.382951293072589,4.382734414646923,4.382517660846633,4.382301031541342,4.3820845266008694,4.381868145895217,4.381651889294602,4.381435756669429,4.3812197478902934,4.381003862827992,4.3807881013535095,4.380572463338031,4.380356948652932,4.380141557169786,4.379926288760347,4.37971114329658,4.379496120650621,4.379281220694824,4.379066443301706,4.378851788344,4.378637255694613,4.3784228452266545,4.378208556813416,4.37799439032838,4.377780345645222,4.377566422637804,4.377352621180176,4.377138941146587,4.376925382411456,4.376711944849404,4.376498628335233,4.3762854327439396,4.376072357950696,4.375859403830869,4.375646570260008,4.375433857113851,4.37522126426832,4.375008791599521,4.374796438983746,4.3745842062974765,4.374372093417368,4.3741601002202675,4.373948226583204,4.373736472383386,4.373524837498207,4.3731019251822705,4.370994481037833
468.15,4.476771026279481,4.473989521579441,4.471227385193385,4.468484377645006,4.465760263521848,4.463054811392207,4.460367793724037,4.457698986805764,4.4550481706690945,4.452415129013597,4.449799649133116,4.4472015218439145,4.444620541414498,4.442056505497125,4.439509215060857,4.436978474326219,4.4344640907013275,4.431965874719531,4.429483639978439,4.427017203080378,4.424566383574174,4.422131003898285,4.4197108893251755,4.417305867906978,4.4149157704223425,4.412540430324487,4.410650673321519,4.410415106266317,4.410179683690376,4.409944405433503,4.409709271335743,4.409474281237404,4.409239434979045,4.409004732401466,4.408770173345727,4.4085357576531345,4.408301485165246,4.408067355723868,4.407833369171057,4.407599525349112,4.407365824100591,4.407132265268284,4.406898848695242,4.406665574224758,4.406432441700361,4.406199450965841,4.4059666018652255,4.405733894242782,4.4055013279430355,4.405268902810735,4.40503661869089,4.404804475428751,4.404572472869793,4.404340610859757,4.4041088892446085,4.403877307870562,4.403645866584072,4.4034145652318255,4.403183403660756,4.402952381718035,4.40272149925107,4.402490756107513,4.402260152135241,4.402029687182385,4.401799361097299,4.401569173728579,4.401339124925057,4.4011092145358015,4.40087944241011,4.400649808397523,4.400420312347811,4.400190954110975,4.399961733537253,4.399732650477117,4.399503704781271,4.3992748963006445,4.399046224886411,4.39881769038996,4.39858929266292,4.3983610315571555,4.398132906924747,4.3979049186180195,4.39767706648951,4.397449350391998,4.397221770178484,4.396994325702205,4.3967670168166055,4.396539843375381,4.396312805232435,4.396085902241908,4.395859134258162,4.395632501135782,4.395406002729578,4.39517963889459,4.394953409486079,4.394727314359518,4.394501353370626,4.394275526375322,4.394049833229766,4.393824273790321,4.393598847913584,4.393373555456375,4.393148396275725,4.392923370228888,4.392698477173343,4.3924737169667845,4.392249089467121,4.391800232021238,4.389563859186687
473.15,4.502652724215813,4.49966134727467,4.49669193857586,4.493744213778371,4.490817893588866,4.487912703652253,4.485028374445177,4.48216464117224,4.479321243664885,4.476497926282917,4.473694437818498,4.4709105314025805,4.468145964413712,4.46540049838909,4.462673898937869,4.459965935656583,4.457276382046681,4.4546050154340655,4.451951616890606,4.449315971157564,4.446697866570861,4.44409709498817,4.441513451717745,4.438946735448937,4.4363967481844115,4.433863295173919,4.431848308589563,4.43159716585616,4.431346184849673,4.431095365383037,4.430844707269506,4.430594210322635,4.430343874356278,4.430093699184595,4.429843684622058,4.429593830483431,4.429344136583785,4.429094602738489,4.428845228763222,4.42859601447395,4.428346959686951,4.428098064218791,4.427849327886343,4.427600750506778,4.427352331897556,4.4271040718764425,4.4268559702614985,4.426608026871075,4.426360241523824,4.426112614038682,4.425865144234891,4.425617831931986,4.425370676949783,4.4251236791084025,4.424876838228247,4.424630154130019,4.424383626634705,4.424137255563583,4.423891040738221,4.423644981980472,4.4233990791124835,4.423153331956687,4.422907740335804,4.4226623040728335,4.422417022991066,4.422171896914086,4.421926925665746,4.421682109070194,4.421437446951861,4.421192939135454,4.4209485854459745,4.420704385708691,4.420460339749162,4.420216447393233,4.419972708467015,4.41972912279691,4.419485690209592,4.419242410532023,4.418999283591436,4.418756309215339,4.418513487231523,4.418270817468048,4.418028299753267,4.4177859339157886,4.417543719784506,4.417301657188586,4.417059745957466,4.416817985920859,4.416576376908752,4.416334918751404,4.416093611279344,4.415852454323368,4.41561144771455,4.415370591284233,4.415129884864027,4.414889328285808,4.414648921381728,4.414408663984201,4.414168555925916,4.413928597039818,4.413688787159126,4.413449126117319,4.41320961374815,4.41297024988563,4.412731034364038,4.412491967017916,4.412253047682064,4.4117756523817135,4.4093975006792485
478.15,4.530570675925631,4.527344123402837,4.524142591828769,4.520965741469519,4.51781323892581,4.514684756986929,4.511579974488754,4.508498576175819,4.505440252567197,4.502404699826067,4.499391619632908,4.496400719062071,4.493431710461732,4.490484311337023,4.487558244236302,4.484653236640404,4.481769020854826,4.478905333904718,4.476061917432604,4.4732385175987455,4.470434884984103,4.467650774495736,4.464885945274662,4.462140160606032,4.459413187831594,4.456704798264352,4.454551315326309,4.454282950420657,4.454014767105389,4.453746765161211,4.4534789443691905,4.453211304510792,4.4529438453678285,4.452676566722491,4.452409468357343,4.452142550055312,4.451875811599697,4.451609252774165,4.451342873362743,4.451076673149834,4.450810651920199,4.450544809458964,4.45027914555162,4.450013659984019,4.449748352542377,4.4494832230132735,4.449218271183641,4.448953496840775,4.448688899772343,4.4484244797663415,4.448160236611158,4.44789617009551,4.447632280008485,4.447368566139527,4.447105028278426,4.446841666215331,4.446578479740741,4.446315468645513,4.446052632720853,4.445789971758315,4.445527485549803,4.445265173887578,4.445003036564241,4.444741073372744,4.444479284106389,4.44421766855882,4.443956226524034,4.443694957796366,4.443433862170498,4.443172939441448,4.442912189404598,4.442651611855653,4.442391206590665,4.442130973406026,4.441870912098474,4.441611022465079,4.441351304303255,4.441091757410751,4.440832381585654,4.440573176626392,4.4403141423317205,4.440055278500743,4.439796584932881,4.439538061427903,4.439279707785909,4.439021523807325,4.438763509292917,4.438505664043777,4.438247987861332,4.437990480547328,4.43773314190386,4.437475971733334,4.437218969838487,4.436962136022393,4.436705470088437,4.4364489718403455,4.436192641082161,4.435936477618254,4.435680481253315,4.435424651792363,4.435168989040735,4.434913492804097,4.434658162888428,4.434402999100026,4.434148001245521,4.433893169131854,4.433638502566282,4.43312966531007,4.430595346806258
483.15,4.560729597536921,4.55723859827391,4.553776226316067,4.55034207286857,4.546935737176646,4.543556826327384,4.540204955057696,4.536879745568157,4.533580827342486,4.5303078369724075,4.527060417987739,4.523838220691442,4.52064090199947,4.517468125285225,4.514319560228466,4.511194882668485,4.508093774461423,4.5050159233415465,4.501961022786378,4.498928771885572,4.495918875213323,4.492931042704296,4.489964989532907,4.487020435995853,4.484097107397793,4.481194733940109,4.478887744629987,4.478600295345044,4.478313050612592,4.4780260101743945,4.47773917377266,4.477452541150071,4.477166112049752,4.476879886215293,4.476593863390728,4.476308043320552,4.476022425749706,4.475737010423588,4.475451797088042,4.475166785489362,4.474881975374288,4.47459736649001,4.47431295858416,4.474028751404823,4.473744744700519,4.473460938220218,4.4731773317133285,4.472893924929697,4.472610717619618,4.472327709533822,4.472044900423475,4.47176229004018,4.471479878135984,4.47119766446336,4.470915648775226,4.4706338308249185,4.470352210366217,4.470070787153334,4.469789560940909,4.469508531484011,4.469227698538138,4.4689470618592155,4.468666621203595,4.468386376328063,4.468106326989817,4.467826472946485,4.467546813956126,4.467267349777207,4.46698808016862,4.466709004889691,4.466430123700153,4.466151436360155,4.465872942630274,4.465594642271496,4.46531653504522,4.465038620713279,4.464760899037895,4.464483369781721,4.464206032707814,4.463928887579645,4.463651934161097,4.46337517221646,4.463098601510434,4.462822221808125,4.462546032875053,4.462270034477133,4.4619942263806935,4.461718608352467,4.461443180159588,4.461167941569591,4.460892892350418,4.460618032270403,4.460343361098292,4.460068878603223,4.459794584554729,4.459520478722751,4.459246560877619,4.458972830790056,4.45869928823119,4.458425932972535,4.458152764786002,4.457879783443893,4.457606988718902,4.457334380384112,4.457061958213,4.456789721979429,4.456517671457651,4.45597412664842,4.453267469070306
488.15,4.5933640272629646,4.589574481983737,4.585817854102754,4.582093647801685,4.578401377594164,4.574740568052114,4.571110753541441,4.567511477966563,4.563942294523459,4.560402765460779,4.556892461848716,4.553410963355255,4.5499578580294715,4.546532742091641,4.543135219729783,4.539764902902455,4.536421411147491,4.533104371396481,4.529813417794762,4.52654819152668,4.523308340646,4.5200935199112,4.516903390625522,4.513737620481605,4.510595883410533,4.507477859435149,4.505000302460637,4.504691652889357,4.5043832345275305,4.504075047069528,4.5037670902102835,4.503459363645302,4.503151867070653,4.50284460018297,4.502537562679447,4.5022307542578375,4.501924174616453,4.501617823454172,4.501311700470425,4.501005805365193,4.500700137839024,4.5003946975930065,4.500089484328786,4.499784497748561,4.499479737555073,4.499175203451618,4.4988708951420415,4.498566812330717,4.498262954722582,4.49795932202311,4.497655913938315,4.497352730174746,4.497049770439512,4.4967470344402285,4.496444521885078,4.496142232482755,4.495840165942501,4.4955383219740925,4.495236700287825,4.494935300594542,4.494634122605597,4.494333166032889,4.494032430588835,4.493731915986379,4.493431621938986,4.493131548160653,4.492831694365892,4.492532060269737,4.492232645587744,4.491933450035984,4.491634473331051,4.49133571519005,4.491037175330599,4.490738853470838,4.490440749329412,4.490142862625483,4.489845193078716,4.489547740409293,4.489250504337903,4.488953484585733,4.488656680874483,4.488360092926363,4.488063720464069,4.487767563210819,4.4874716208903145,4.487175893226774,4.486880379944898,4.486585080769896,4.486289995427471,4.4859951236438205,4.485700465145635,4.485406019660099,4.48511178691489,4.484817766638177,4.484523958558619,4.484230362405357,4.483936977908031,4.483643804796759,4.483350842802142,4.483058091655276,4.482765551087728,4.482473220831562,4.482181100619305,4.481889190183976,4.481597489259069,4.4813059975785565,4.481014714876885,4.48043277535025,4.477535526792002
493.15,4.628744662178359,4.624616538815666,4.620526476470722,4.616473868380652,4.612458121243132,4.608478654831041,4.604534901621508,4.600626306438736,4.596752326109884,4.592912429133377,4.589106095359032,4.585332815679449,4.58159209173207,4.577883435611439,4.574206369591196,4.570560425855288,4.5669451462380515,4.563360081972702,4.559804793447927,4.5562788499721805,4.552781829545374,4.549313318637681,4.545872911975134,4.54246021233177,4.539074830328072,4.5357163842354575,4.533048769463747,4.532716503472968,4.532384499786624,4.532052758040958,4.5317212778729346,4.5313900589202145,4.531059100821173,4.530728403214882,4.530397965741122,4.530067788040378,4.529737869753824,4.529408210523342,4.5290788099915025,4.528749667801572,4.52842078359751,4.528092157023969,4.527763787726285,4.527435675350489,4.527107819543292,4.52678021995209,4.526452876224963,4.526125788010664,4.525798954958641,4.525472376719003,4.525146052942543,4.524819983280728,4.524494167385691,4.52416860491024,4.523843295507859,4.523518238832687,4.523193434539533,4.522868882283876,4.522544581721848,4.522220532510248,4.52189673430654,4.521573186768831,4.521249889555888,4.520926842327147,4.52060404474268,4.520281496463218,4.519959197150138,4.5196371464654685,4.519315344071881,4.518993789632702,4.518672482811882,4.518351423274035,4.5180306106843995,4.517710044708861,4.517389725013941,4.517069651266792,4.516749823135206,4.516430240287605,4.5161109023930415,4.515791809121201,4.515472960142392,4.515154355127557,4.514835993748252,4.514517875676668,4.514200000585611,4.513882368148511,4.513564978039414,4.513247829932983,4.512930923504505,4.5126142584298705,4.512297834385588,4.511981651048779,4.511665708097175,4.511350005209115,4.511034542063543,4.510719318340009,4.510404333718675,4.5100895878802945,4.509775080506231,4.509460811278443,4.5091467798794875,4.508832985992525,4.508519429301303,4.5082061094901675,4.507893026244059,4.507580179248504,4.507267568189625,4.506643052629316,4.503534525090633
498.15,4.6671865371687655,4.662672434946716,4.658202615381123,4.653776328440866,4.649392841900798,4.645051440787605,4.640751426848379,4.636492118040771,4.63227284804364,4.628092965787181,4.623951835001543,4.619848833782925,4.615783354176329,4.6117548017740475,4.60776259532906,4.603806166382669,4.599884958905509,4.5959984289514075,4.592146044323338,4.5883272842509335,4.584541639079028,4.5807886099666595,4.577067708596086,4.573378456891354,4.5697203867460106,4.566093039759578,4.563212980839476,4.5628543245244915,4.562495966982395,4.562137907777538,4.561780146475161,4.561422682641402,4.561065515843288,4.560708645648742,4.560352071626561,4.559995793346436,4.559639810378945,4.559284122295527,4.558928728668522,4.558573629071128,4.558218823077427,4.5578643102623655,4.557510090201764,4.5571561624723,4.5568025266515235,4.556449182317847,4.556096129050535,4.555743366429711,4.555390894036368,4.555038711452329,4.55468681826028,4.55433521404376,4.553983898387145,4.553632870875656,4.5532821310953615,4.5529316786331675,4.552581513076812,4.552231634014875,4.551882041036772,4.5515327337327385,4.55118371169385,4.550834974511997,4.550486521779912,4.55013835309113,4.549790468040024,4.549442866221773,4.549095547232375,4.548748510668645,4.548401756128209,4.548055283209503,4.547709091511767,4.5473631806350525,4.547017550180209,4.546672199748891,4.546327128943552,4.545982337367444,4.54563782462461,4.545293590319888,4.544949634058916,4.544605955448105,4.544262554094668,4.543919429606598,4.543576581592665,4.543234009662431,4.542891713426229,4.542549692495173,4.542207946481155,4.54186647499683,4.541525277655642,4.541184354071781,4.540843703860227,4.540503326636711,4.5401632220177355,4.539823389620556,4.5394838290631965,4.539144539964433,4.538805521943803,4.538466774621587,4.538128297618831,4.537790090557323,4.537452153059598,4.537114484748943,4.536777085249386,4.536439954185698,4.536103091183388,4.535766495868705,4.535430167868643,4.53475831232399,4.531414947629021
503.15,4.709059701977184,4.704102960538738,4.699198102451919,4.694344190031963,4.68954030954823,4.684785570411593,4.68007910439738,4.675420064902264,4.670807626233548,4.666240982929209,4.661719349107222,4.657241957842582,4.652808060570643,4.648416926515301,4.644067842140703,4.639760110625214,4.6354930513564145,4.631265999445955,4.627078305263251,4.622929333986935,4.6188184651731525,4.614745092339815,4.610708622565962,4.60670847610548,4.602744086014452,4.598814897791459,4.595696527663292,4.595308277444711,4.5949203690302705,4.5945328018945455,4.594145575513265,4.593758689363284,4.593372142922606,4.59298593567036,4.592600067086814,4.592214536653352,4.591829343852493,4.591444488167873,4.591059969084251,4.590675786087489,4.590291938664575,4.589908426303598,4.589525248493751,4.589142404725343,4.588759894489763,4.58837771727951,4.587995872588173,4.587614359910435,4.587233178742063,4.58685232857991,4.586471808921908,4.586091619267071,4.585711759115491,4.585332227968323,4.5849530253278,4.584574150697226,4.584195603580958,4.583817383484418,4.583439489914092,4.583061922377512,4.582684680383271,4.582307763441006,4.581931171061399,4.581554902756182,4.581178958038121,4.580803336421031,4.580428037419746,4.5800530605501475,4.579678405329139,4.579304071274651,4.5789300579056365,4.578556364742075,4.578182991304962,4.577809937116306,4.577437201699131,4.577064784577475,4.576692685276373,4.576320903321873,4.57594943824102,4.575578289561865,4.57520745681345,4.574836939525806,4.574466737229968,4.57409684945795,4.573727275742756,4.573358015618367,4.572989068619751,4.572620434282851,4.572252112144585,4.571884101742845,4.571516402616492,4.571149014305352,4.570781936350219,4.57041516829285,4.570048709675953,4.569682560043204,4.569316718939224,4.568951185909598,4.568585960500844,4.568221042260441,4.567856430736801,4.567492125479286,4.567128126038193,4.566764431964754,4.56640104281114,4.5660379581304475,4.565675177476706,4.56495052647083,4.561345362657867
508.15,4.7548033302222095,4.749335504565398,4.743928951972506,4.738582485099624,4.733294949414519,4.728065221987088,4.722892210334124,4.717774851316524,4.712712110086966,4.707702979085901,4.702746477083737,4.697841648267012,4.692987561366381,4.688183308824269,4.683428006000061,4.678720790410836,4.674060821005562,4.669447277470997,4.664879359567395,4.660356286492306,4.655877296270905,4.651441645171287,4.647048607143294,4.642697473279567,4.638387551297557,4.634118165041326,4.630731397383123,4.63030982922992,4.629888654002075,4.62946787106101,4.62904747976961,4.628627479492242,4.628207869594731,4.627788649444361,4.627369818409879,4.626951375861481,4.626533321170809,4.626115653710951,4.625698372856431,4.625281477983215,4.6248649684686916,4.624448843691682,4.624033103032428,4.623617745872587,4.623202771595238,4.622788179584863,4.6223739692273496,4.621960139909996,4.621546691021487,4.621133621951904,4.620720932092723,4.620308620836805,4.619896687578384,4.6194851317130805,4.619073952637884,4.618663149751156,4.618252722452619,4.617842670143361,4.617432992225825,4.617023688103812,4.616614757182468,4.616206198868282,4.615798012569094,4.615390197694075,4.61498275365373,4.614575679859896,4.61416897572574,4.613762640665745,4.613356674095713,4.612951075432766,4.612545844095333,4.612140979503153,4.6117364810772665,4.611332348240013,4.610928580415028,4.610525177027241,4.610122137502875,4.609719461269423,4.60931714775568,4.6089151963916954,4.608513606608809,4.608112377839627,4.607711509518017,4.607311001079119,4.606910851959321,4.606511061596275,4.6061116294288835,4.605712554897292,4.605313837442899,4.604915476508339,4.604517471537487,4.6041198219754484,4.603722527268567,4.603325586864402,4.60292900021175,4.60253276676062,4.602136885962236,4.6017413572690415,4.601346180134686,4.600951354014024,4.600556878363117,4.600162752639227,4.599768976300805,4.5993755488075,4.598982469620156,4.59858973820079,4.598197354012612,4.597413625188539,4.593515633994226
513.15,4.804944611996469,4.79888204907401,4.792892505512121,4.786974456194037,4.781126421766345,4.775346966828726,4.769634698202085,4.763988263274022,4.758406348419881,4.752887677497392,4.747431010412415,4.742035141753256,4.736698899490688,4.731421143740727,4.726200765587289,4.721036685961567,4.7159278545753045,4.710873248904892,4.70587187322352,4.700922757678564,4.69602495741154,4.691177551718139,4.686379643245873,4.681630357227068,4.676928840745069,4.672274262031636,4.668583848393956,4.66812460203534,4.667665809793668,4.667207470886267,4.66674958453239,4.666292149953206,4.665835166371783,4.665378633013104,4.664922549104042,4.664466913873359,4.664011726551702,4.663556986371599,4.663102692567456,4.662648844375532,4.662195441033961,4.661742481782723,4.6612899658636495,4.660837892520422,4.660386260998551,4.65993507054538,4.6594843204100895,4.659034009843665,4.658584138098919,4.6581347044304735,4.657685708094744,4.657237148349953,4.656789024456115,4.656341335675028,4.655894081270274,4.655447260507211,4.655000872652966,4.654554916976437,4.65410939274827,4.653664299240877,4.653219635728416,4.652775401486777,4.652331595793607,4.651888217928273,4.6514452671718685,4.65100274280722,4.650560644118859,4.650118970393039,4.649677720917707,4.649236894982522,4.648796491878834,4.648356510899688,4.647916951339805,4.647477812495596,4.647039093665146,4.646600794148205,4.64616291324619,4.645725450262182,4.645288404500908,4.644851775268754,4.644415561873748,4.643979763625557,4.643544379835478,4.643109409816451,4.642674852883026,4.642240708351381,4.641806975539309,4.641373653766212,4.640940742353095,4.640508240622565,4.6400761478988315,4.639644463507679,4.639213186776496,4.63878231703424,4.638351853611449,4.637921795840235,4.6374921430542715,4.637062894588798,4.63663404978061,4.636205607968059,4.635777568491039,4.635349930690991,4.634922693910899,4.634495857495273,4.634069420790161,4.63364338314313,4.633217743903266,4.632367658048987,4.628140913908622
513.65,4.810224130087355,4.804096775155943,4.798043772060661,4.792063555702367,4.78615460833764,4.780315457694385,4.774544675168486,4.768840874100406,4.763202708130319,4.757628869629669,4.752118088206887,4.746669129284571,4.741280792745328,4.735951911643273,4.7306813509781245,4.7254680065288035,4.7203108037434705,4.715208696682871,4.710160667014093,4.7051657230517705,4.700222898843994,4.695331253300223,4.690489869358696,4.685697853190905,4.680954333440898,4.676258460497275,4.672535510357881,4.672072227635158,4.671609405795873,4.671147044040875,4.670685141572993,4.670223697597015,4.669762711319696,4.669302181949748,4.668842108697821,4.668382490776518,4.667923327400373,4.667464617785849,4.667006361151339,4.666548556717145,4.666091203705484,4.665634301340488,4.665177848848173,4.664721845456456,4.66426629039515,4.663811182895935,4.66335652219238,4.662902307519915,4.6624485381158385,4.661995213219306,4.661542332071326,4.661089893914757,4.660637897994296,4.660186343556472,4.6597352298496455,4.659284556124009,4.6588343216315575,4.658384525626118,4.657935167363305,4.657486246100542,4.657037761097062,4.6565897116138615,4.6561420969137455,4.655694916261286,4.655248168922827,4.654801854166493,4.654355971262157,4.653910519481457,4.65346549809778,4.653020906386261,4.652576743623777,4.652133009088935,4.6516897020620815,4.65124682182528,4.650804367662321,4.6503623388587,4.649920734701628,4.64947955448002,4.649038797484489,4.648598463007341,4.6481585503425675,4.647719058785851,4.647279987634543,4.646841336187675,4.646403103745942,4.645965289611702,4.645527893088975,4.6450909134834255,4.644654350102374,4.64421820225478,4.643782469251239,4.6433471504039785,4.642912245026864,4.642477752435368,4.642043671946588,4.641610002879239,4.6411767445536345,4.640743896291703,4.64031145741696,4.639879427254522,4.639447805131089,4.6390165903749425,4.638585782315956,4.638155380285563,4.637725383616774,4.637295791644161,4.636866603703864,4.636009437272504,4.631747623402412
514.15,4.815554624491483,4.809361424136818,4.8032439403248555,4.797200566671228,4.791229745802749,4.785329967396158,4.779499766300335,4.773737720741312,4.7680424506086325,4.7624126158211695,4.7568469147701276,4.751344082836564,4.745902890980603,4.740522144399297,4.735200681249981,4.729937371435961,4.724731115451305,4.719580843281602,4.714485513357528,4.709444111558254,4.704455650261716,4.699519167439026,4.694633725790247,4.689798411919136,4.685012335544343,4.680274628744927,4.676518719988365,4.67605134872376,4.675584445238029,4.675118008715125,4.674652038341027,4.674186533303735,4.6737214927932635,4.673256916001636,4.67279280212288,4.672329150353018,4.671865959890054,4.671403229933987,4.670940959686787,4.670479148352392,4.670017795136711,4.669556899247597,4.669096459894873,4.668636476290299,4.668176947647567,4.66771787318232,4.667259252112106,4.666801083656411,4.666343367036632,4.66588610147607,4.665429286199936,4.664972920435329,4.664517003411251,4.664061534358579,4.663606512510076,4.663151937100366,4.662697807365958,4.662244122545212,4.661790881878345,4.661338084607425,4.660885729976363,4.660433817230911,4.659982345618651,4.659531314388995,4.659080722793168,4.658630570084223,4.658180855517014,4.657731578348207,4.657282737836255,4.656834333241415,4.656386363825728,4.655938828853015,4.655491727588879,4.65504505930069,4.654598823257581,4.654153018730449,4.653707644991949,4.653262701316478,4.652818186980181,4.652374101260943,4.651930443438377,4.651487212793827,4.65104440861036,4.650602030172766,4.650160076767533,4.649718547682864,4.649277442208672,4.648836759636548,4.648396499259782,4.647956660373362,4.647517242273937,4.647078244259846,4.646639665631091,4.646201505689346,4.645763763737935,4.645326439081847,4.644889531027719,4.644453038883829,4.644016961960101,4.643581299568089,4.643146051020982,4.6427112156335895,4.642276792722346,4.6418427816053,4.641409181602108,4.640975992034035,4.640543212223947,4.639678879177158,4.635381571312629
514.65,4.820936822845565,4.814676699992841,4.808493691608588,4.802386148670788,4.796352472889764,4.790391114667098,4.784500571140574,4.778679384314653,4.77292613927519,4.767239462486688,4.761618020169851,4.756060516756801,4.7505656934211125,4.745132326679578,4.739759227062525,4.734445237849348,4.72918923386602,4.723990120341254,4.718846831818055,4.713758331117582,4.708723608352192,4.703741679984767,4.698811587931528,4.6939323987056465,4.689103202599183,4.684323112900948,4.680533816108166,4.680062303224966,4.679591265148099,4.679120701044179,4.678650610081907,4.678180991432059,4.677711844267481,4.677243167763089,4.67677496109585,4.676307223444779,4.675839953990945,4.6753731519174435,4.674906816409414,4.674440946654009,4.673975541840402,4.673510601159788,4.673046123805348,4.672582108972278,4.672118555857762,4.671655463660971,4.671192831583047,4.670730658827123,4.670268944598283,4.669807688103581,4.6693468885520195,4.668886545154556,4.668426657124091,4.667967223675453,4.6675082440254085,4.667049717392648,4.666591642997775,4.6661340200633115,4.6656768478136765,4.665220125475199,4.664763852276098,4.664308027446478,4.663852650218333,4.6633977198255225,4.6629432355037865,4.662489196490721,4.662035602025791,4.661582451350309,4.661129743707428,4.660677478342157,4.660225654501327,4.6597742714336094,4.6593233283894895,4.658872824621279,4.658422759383102,4.657973131930884,4.657523941522366,4.657075187417062,4.656626868876299,4.656178985163181,4.655731535542582,4.655284519281166,4.654837935647354,4.654391783911337,4.653946063345059,4.6535007732222144,4.653055912818249,4.652611481410354,4.652167478277443,4.651723902700169,4.651280753960915,4.650838031343774,4.6503957341345625,4.649953861620794,4.6495124130917045,4.64907138783821,4.6486307851529345,4.6481906043301855,4.647750844665952,4.6473115054579015,4.646872586005382,4.646434085609394,4.645996003572621,4.64555833919939,4.645121091795683,4.644684260669135,4.644247845129015,4.643376258053356,4.639043025185911
515.15,4.8263714683088805,4.820043321530828,4.813793721390427,4.807620974824068,4.801523441289877,4.795499530643937,4.78954770110495,4.78366645730715,4.777854348440451,4.772109966476229,4.766431944476541,4.760818954984303,4.755269708491481,4.749782951982231,4.744357467547711,4.7389920710692,4.7336856109660985,4.728436967005453,4.723245049169561,4.7181087965784645,4.713027176464042,4.707999183192708,4.703023837333735,4.698100184770382,4.693227295851266,4.688404264579387,4.684581142862841,4.684105434365199,4.683630207836524,4.683155462425649,4.682681197283544,4.682207411563323,4.6817341044202205,4.681261275011602,4.680788922496928,4.680317046037787,4.6798456447978625,4.679374717942922,4.678904264640837,4.6784342840615425,4.677964775377064,4.677495737761475,4.677027170390928,4.67655907244362,4.676091443099801,4.67562428154175,4.675157586953795,4.67469135852228,4.674225595435578,4.673760296884073,4.67329546206016,4.672831090158232,4.672367180374683,4.671903731907891,4.671440743958225,4.670978215728018,4.670516146421586,4.670054535245201,4.669593381407097,4.66913268411746,4.668672442588415,4.668212656034039,4.667753323670329,4.66729444471522,4.66683601838856,4.666378043912118,4.665920520509568,4.665463447406489,4.665006823830354,4.664550649010536,4.664094922178281,4.663639642566725,4.663184809410871,4.6627304219475905,4.662276479415618,4.661822981055545,4.6613699261098125,4.660917313822701,4.660465143440334,4.660013414210669,4.6595621253834905,4.659111276210399,4.658660865944815,4.658210893841973,4.657761359158902,4.6573122611544395,4.656863599089211,4.656415372225631,4.655967579827896,4.655520221161981,4.655073295495628,4.654626802098351,4.654180740241419,4.653735109197859,4.653289908242441,4.652845136651691,4.652400793703865,4.651956878678949,4.651513390858668,4.651070329526461,4.65062769396749,4.650185483468622,4.649743697318433,4.64930233480721,4.648861395226928,4.648420877871244,4.647980782035521,4.647101852113765,4.642732256351119
515.65,4.831859320006269,4.825462022806791,4.819144739719317,4.812905732181022,4.806743316011238,4.800655859201903,4.794641779798909,4.788699543874398,4.782827663589284,4.777024695344498,4.771289238018998,4.765619931291971,4.7600154540464485,4.754474522851169,4.748995890517336,4.743578344726897,4.73822070672878,4.732921830099585,4.727680599565236,4.722495929880162,4.7173667647607145,4.712292075869501,4.707270861847673,4.702302147392158,4.697384982375065,4.692518441002631,4.688661049836898,4.688181090789062,4.687701621011257,4.68722263963407,4.68674414579029,4.686266138614902,4.685788617245073,4.685311580820158,4.684835028481683,4.684358959373337,4.683883372640971,4.683408267432591,4.68293364289834,4.682459498190509,4.681985832463513,4.681512644873895,4.6810399345803155,4.680567700743546,4.680095942526459,4.679624659094028,4.679153849613315,4.678683513253465,4.678213649185701,4.677744256583318,4.6772753346216716,4.676806882478178,4.676338899332297,4.675871384365542,4.675404336761457,4.67493775570562,4.6744716403856295,4.674005989991106,4.673540803713681,4.67307608074699,4.672611820286665,4.672148021530335,4.671684683677611,4.67122180593009,4.670759387491331,4.670297427566876,4.669835925364211,4.669374880092786,4.668914290964001,4.668454157191199,4.667994477989648,4.667535252576562,4.6670764801710645,4.666618159994207,4.666160291268955,4.665702873220168,4.665245905074616,4.664789386060955,4.664333315409739,4.6638776923533936,4.663422516126228,4.662967785964424,4.662513501106017,4.66205966079091,4.661606264260856,4.661153310759455,4.660700799532152,4.660248729826219,4.659797100890769,4.65934591197673,4.658895162336853,4.658444851225699,4.6579949778996435,4.657545541616852,4.657096541637296,4.6566479772227325,4.656199847636704,4.655752152144535,4.655304890013318,4.654858060511922,4.654411662910973,4.653965696482852,4.653520160501704,4.653075054243406,4.652630376985587,4.652186128007604,4.651742306590551,4.650855943572218,4.646449539994691
516.15,4.8374011534864705,4.830933553558943,4.82454747162368,4.818241122105266,4.812012775744596,4.805860757300539,4.79978344334485,4.793779260150694,4.787846681674361,4.781984227628908,4.776190461647859,4.770463989536493,4.764803457607986,4.759207551101195,4.75367499267677,4.74820454098804,4.742794989323072,4.737445164314309,4.732153924712092,4.726920160218588,4.72174279037856,4.71662076352367,4.71155305576707,4.706538670045181,4.7015766352037405,4.696666005125343,4.692773892173049,4.692289626678039,4.691805857895893,4.691322584938485,4.690839806919942,4.690357522956647,4.6898757321672395,4.689394433672594,4.688913626595825,4.688433310062269,4.687953483199483,4.687474145137243,4.686995295007516,4.686516931944482,4.686039055084501,4.685561663566121,4.685084756530071,4.684608333119238,4.6841323924786815,4.683656933755616,4.683181956099396,4.682707458661526,4.6822334405956365,4.681759901057499,4.68128683920499,4.680814254198113,4.6803421451989715,4.679870511371767,4.679399351882802,4.678928665900463,4.67845845259521,4.677988711139589,4.677519440708199,4.67705064047771,4.67658230962684,4.6761144473363565,4.675647052789062,4.675180125169805,4.674713663665442,4.674247667464873,4.6737821357589935,4.673317067740715,4.672852462604957,4.672388319548623,4.6719246377706085,4.6714614164717965,4.670998654855043,4.670536352125172,4.670074507488978,4.6696131201552005,4.66915218933455,4.668691714239661,4.668231694085122,4.667772128087451,4.667313015465089,4.666854355438401,4.666396147229665,4.6659383900630695,4.665481083164708,4.665024225762566,4.664567817086522,4.664111856368339,4.663656342841658,4.6632012757420025,4.662746654306743,4.662292477775134,4.661838745388271,4.661385456389103,4.660932610022424,4.660480205534869,4.6600282421748975,4.6595767191928035,4.659125635840699,4.658674991372515,4.658224785043983,4.657775016112648,4.657325683837855,4.656876787480732,4.656428326304201,4.655980299572963,4.655532706553507,4.654638818724677,4.650195155237884
516.65,4.842997761196298,4.836458679655523,4.830002657534488,4.8236278606738,4.8173325132411176,4.8111148953409835,4.804973340720094,4.798906234568827,4.792912011418935,4.786989153136346,4.781136187007367,4.775351683916018,4.769634256609666,4.763982558049889,4.758395279845118,4.752871150761522,4.747408935308403,4.742007432394375,4.736665474050549,4.731381924217069,4.7261556775893165,4.720985658520299,4.715870819975836,4.710810142539283,4.705802633462736,4.700847325761763,4.6969200306947005,4.6964314018723865,4.6959432773509855,4.69545565622316,4.694968537583888,4.694481920530477,4.693995804162544,4.693510187582006,4.693025069893082,4.692540450202281,4.692056327618393,4.69157270125248,4.691089570217873,4.69060693363016,4.690124790607185,4.689643140269038,4.689161981738038,4.688681314138739,4.6882011365979235,4.687721448244578,4.687242248209906,4.686763535627307,4.686285309632381,4.6858075693629,4.685330313958837,4.6848535425623155,4.684377254317644,4.683901448371275,4.683426123871819,4.682951279970027,4.682476915818797,4.682003030573143,4.681529623390215,4.681056693429276,4.6805842398516955,4.680112261820947,4.679640758502607,4.679169729064341,4.678699172675883,4.678229088509064,4.677759475737769,4.677290333537955,4.676821661087628,4.676353457566855,4.675885722157732,4.675418454044405,4.674951652413042,4.674485316451838,4.674019445351001,4.673554038302758,4.673089094501335,4.672624613142955,4.672160593425839,4.671697034550187,4.671233935718177,4.670771296133967,4.670309115003683,4.669847391535397,4.669386124939153,4.668925314426929,4.668464959212653,4.668005058512188,4.667545611543318,4.6670866175257695,4.6666280756811656,4.666169985233053,4.665712345406879,4.665255155429998,4.664798414531644,4.664342121942954,4.6638862768969345,4.663430878628475,4.662975926374334,4.662521419373127,4.66206735686534,4.661613738093299,4.6611605623011885,4.6607078287350205,4.660255536642659,4.659803685273777,4.659352273879887,4.658450768032198,4.653969385215954
517.15,4.848649952971382,4.8420381835581185,4.835511053722802,4.829066679090333,4.822703235702954,4.816418957535133,4.810212134105949,4.804081108190337,4.798024273629412,4.792040073239121,4.786126996815701,4.78028357923582,4.774508398648613,4.768800074756602,4.763157267182012,4.757578673914888,4.7520630298391815,4.746609105333018,4.7412157049391865,4.7358816661020855,4.730605857967288,4.725387180240093,4.720224562099477,4.715116961164104,4.710063362507086,4.7050627777164875,4.701099832031784,4.7006067819963535,4.700114243998642,4.699622217111592,4.699130700410533,4.69863969297319,4.698149193879656,4.697659202212406,4.697169717056262,4.6966807374984105,4.696192262628381,4.6957042915380445,4.6952168233216005,4.6947298570755684,4.6942433918987865,4.693757426892403,4.693271961159857,4.692786993806897,4.692302523941536,4.691818550674079,4.691335073117095,4.690852090385418,4.690369601596135,4.6898876058685826,4.689406102324337,4.688925090087201,4.688444568283218,4.687964536040635,4.687484992489921,4.687005936763739,4.686527367996957,4.686049285326629,4.685571687891988,4.685094574834454,4.684617945297604,4.684141798427179,4.683666133371078,4.683190949279342,4.682716245304157,4.68224202059984,4.681768274322837,4.681295005631713,4.680822213687143,4.680349897651909,4.679878056690895,4.679406689971077,4.678935796661516,4.678465375933351,4.677995426959792,4.677525948916123,4.677056940979681,4.6765884023298545,4.67612033214808,4.675652729617835,4.675185593924625,4.674718924255988,4.674252719801483,4.673786979752677,4.673321703303147,4.672856889648469,4.672392537986215,4.671928647515948,4.671465217439212,4.671002246959518,4.670539735282358,4.670077681615181,4.6696160851673945,4.669154945150358,4.668694260777367,4.668234031263674,4.667774255826443,4.667314933684776,4.666856064059689,4.666397646174125,4.665939679252917,4.66548216252281,4.665025095212449,4.664568476552355,4.664112305774948,4.663656582114519,4.663201304807236,4.662292086206083,4.657772517159391
517.65,4.854358556544021,4.847672864801053,4.841073432752358,4.834558324112668,4.828125665186948,4.821773642287128,4.815500499248343,4.8093045350465315,4.803184101517971,4.797137601180366,4.791163485154191,4.785260251182306,4.779426441745178,4.773660642268726,4.7679614794212934,4.762327619496115,4.756757766875398,4.751250662572018,4.745805082844891,4.740419837884025,4.735093770561258,4.729825755242933,4.724614696660745,4.719459528837231,4.714359214062477,4.709312741918824,4.705313668749963,4.704816138586787,4.704319128350529,4.703822637093893,4.703326663872043,4.7028312077426,4.702336267765635,4.701841843003645,4.701347932521561,4.700854535386739,4.700361650668947,4.699869277440348,4.699377414775513,4.698886061751396,4.698395217447331,4.697904880945032,4.697415051328573,4.696925727684378,4.696436909101235,4.6959485946702575,4.695460783484905,4.694973474640965,4.694486667236526,4.694000360372006,4.693514553150113,4.693029244675859,4.69254443405654,4.69206012040173,4.691576302823283,4.691092980435311,4.690610152354193,4.690127817698545,4.6896459755892375,4.689164625149375,4.688683765504286,4.688203395781522,4.687723515110853,4.687244122624252,4.68676521745589,4.686286798742138,4.685808865621542,4.685331417234832,4.6848544527249105,4.684377971236841,4.683901971917847,4.6834264539172965,4.682951416386709,4.682476858479733,4.682002779352154,4.681529178161871,4.681056054068907,4.680583406235387,4.680111233825543,4.679639536005701,4.6791683119442755,4.678697560811758,4.678227281780728,4.67775747402582,4.677288136723734,4.676819269053233,4.6763508701951215,4.675882939332246,4.6754154756494914,4.674948478333775,4.674481946574025,4.674015879561197,4.673550276488258,4.67308513655017,4.672620458943895,4.672156242868388,4.67169248752459,4.67122919211541,4.670766355845743,4.670303977922445,4.669842057554322,4.669380593952146,4.66891958632863,4.66845903389843,4.667998935878131,4.667539291486258,4.66708009994325,4.666163072295161,4.661604842477168
518.15,4.860124418068924,4.85336354048752,4.846690583947816,4.840103558494768,4.833600539022086,4.82717966258768,4.8208391258304495,4.814577182490765,4.808392141035744,4.802282362389278,4.796246257765737,4.790282286605658,4.78438895461079,4.7785648118756,4.772808451111794,4.767118505962119,4.761493649399538,4.755932592207698,4.750434081538583,4.744996899543226,4.739619862071366,4.73430181743611,4.729041645239686,4.723838255256544,4.7186905863702675,4.713597605560884,4.709561919483461,4.7090598492252855,4.70855830693937,4.708057291657647,4.70755680241458,4.70705683824716,4.706557398194886,4.7060584812997694,4.705560086606318,4.705062213161534,4.7045648600148935,4.704068026218349,4.703571710826315,4.703075912895672,4.70258063148574,4.7020858656582805,4.701591614477485,4.701097877009977,4.700604652324783,4.700111939493349,4.699619737589514,4.699128045689508,4.698636862871951,4.698146188217832,4.6976560208105065,4.697166359735701,4.696677204081481,4.696188552938262,4.6957004053987985,4.695212760558171,4.6947256175137815,4.694238975365343,4.693752833214876,4.693267190166706,4.69278204532744,4.692297397805967,4.691813246713462,4.6913295911633615,4.690846430271361,4.690363763155415,4.689881588935718,4.689399906734711,4.688918715677054,4.688438014889647,4.6879578035015905,4.687478080644207,4.686998845451017,4.686520097057735,4.686041834602266,4.685564057224694,4.6850867640672815,4.6846099542744435,4.684133626992777,4.683657781371014,4.683182416560042,4.682707531712885,4.6822331259846965,4.681759198532759,4.681285748516468,4.680812775097336,4.680340277438984,4.6798682547071175,4.679396706069545,4.6789256306961535,4.678455027758912,4.677984896431861,4.6775152358910965,4.67704604531479,4.676577323883144,4.676109070778421,4.675641285184911,4.675173966288953,4.674707113278884,4.6742407253450855,4.67377480167994,4.673309341477837,4.672844343935166,4.672379808250305,4.671915733623632,4.671452119257493,4.670988964356214,4.670064029775373,4.665466656842185
518.65,4.865948402667437,4.859111045803014,4.852363313879252,4.845703161443987,4.839128610241126,4.832637746421683,4.82622871785774,4.819899731562323,4.813649051216865,4.80747499480653,4.801375932362753,4.795350283811376,4.789396516924089,4.7835131453702155,4.777698726865498,4.771951861414112,4.766271189639952,4.760655391203021,4.755103183296649,4.749613319221355,4.744184587031025,4.7388158082473195,4.733505836638213,4.7282535570567825,4.723057884336495,4.717917762239429,4.713844969071441,4.713338297673933,4.712832162454033,4.712326562422343,4.711821496592078,4.711316963979047,4.710812963601641,4.710309494480834,4.70980655564017,4.7093041461057545,4.708802264906243,4.7083009110728336,4.707800083639265,4.707299781641799,4.706800004119217,4.7063007501128045,4.705802018666354,4.705303808826148,4.7048061196409545,4.704308950162016,4.703812299443044,4.70331616654021,4.702820550512132,4.702325450419874,4.7018308653269365,4.701336794299242,4.700843236405141,4.700350190715375,4.699857656303111,4.699365632243891,4.6988741176156585,4.698383111498727,4.697892612975779,4.697402621131866,4.6969131350543885,4.696424153833096,4.695935676560086,4.695447702329771,4.694960230238899,4.694473259386535,4.693986788874039,4.69350081780509,4.693015345285649,4.692530370423969,4.692045892330577,4.69156191011827,4.691078422902118,4.690595429799431,4.690112929929779,4.689630922414977,4.689149406379062,4.688668380948308,4.688187845251202,4.687707798418444,4.687228239582944,4.686749167879805,4.686270582446324,4.685792482421979,4.685314866948424,4.684837735169485,4.684361086231153,4.6838849192815655,4.683409233471019,4.682934027951944,4.68245930187891,4.681985054408613,4.681511284699867,4.681037991913608,4.680565175212868,4.680092833762792,4.679620966730607,4.679149573285636,4.678678652599276,4.6782082038450055,4.677738226198361,4.677268718836946,4.676799680940413,4.676331111690471,4.675863010270857,4.675395375867348,4.674928207667753,4.673995266641623,4.66935826027883
519.15,4.871831394991063,4.864916234546864,4.858092446863558,4.8513579290941395,4.844710648027064,4.838148637189677,4.831669994055994,4.825272877362436,4.818955504533818,4.812716149220303,4.8065531389450316,4.8004648528611185,4.79444971961581,4.788506215319092,4.782632861613314,4.776828223840175,4.771090909300988,4.765419565605985,4.759812879108332,4.754269573418444,4.748788407994184,4.743368176802653,4.738007707049345,4.7327058579705445,4.72746151968508,4.722273612101679,4.7181632086982015,4.717651874014799,4.717141083878327,4.716630837277492,4.716121133203689,4.715611970650974,4.715103348616074,4.714595266098363,4.714087722099859,4.71358071562522,4.713074245681721,4.712568311279263,4.712062911430347,4.71155804515008,4.711053711456153,4.7105499093688445,4.710046637910995,4.7095438961080225,4.7090416829878885,4.708539997581105,4.708038838920723,4.707538206042324,4.707038097984009,4.706538513786384,4.70603945249257,4.7055409131481785,4.705042894801304,4.7045453965025255,4.704048417304889,4.703551956263905,4.703056012437532,4.702560584886182,4.702065672672699,4.701571274862359,4.701077390522853,4.700584018724292,4.700091158539192,4.6995988090424605,4.699106969311399,4.698615638425683,4.6981248154673745,4.697634499520885,4.697144689672998,4.696655385012832,4.696166584631861,4.6956782876238865,4.695190493085035,4.694703200113759,4.694216407810812,4.693730115279261,4.693244321624463,4.6927590259540635,4.692274227377993,4.691789925008455,4.691306117959914,4.6908228053490975,4.6903399862949815,4.689857659918794,4.689375825343988,4.68889448169625,4.688413628103495,4.687933263695842,4.687453387605626,4.686973998967381,4.686495096917833,4.686016680595887,4.685538749142644,4.685061301701362,4.68458433741747,4.6841078554385565,4.683631854914353,4.683156334996748,4.682681294839757,4.68220673359953,4.681732650434335,4.681259044504565,4.680785914972718,4.680313261003396,4.679841081763295,4.679369376421205,4.678898144147993,4.677957095502066,4.673279957252889
519.65,4.877774299805014,4.87077997968251,4.8638788254833765,4.857068674994998,4.850347438174935,4.843713094143657,4.837163688282721,4.830697329442817,4.824312187264543,4.818006489613232,4.811778520127869,4.805626615883141,4.799549165162627,4.793544605340556,4.787611420868761,4.781748141365219,4.7759533398000364,4.7702256307745685,4.764563668889265,4.758966147195653,4.753431795727924,4.747959380109668,4.742547700231275,4.73719558899383,4.731901911115314,4.726665561995185,4.722517036037219,4.722000974793278,4.721485466633655,4.720970510524577,4.720456105435021,4.719942250336724,4.719428944204154,4.718916186014507,4.71840397474771,4.717892309386388,4.7173811889158745,4.716870612324195,4.7163605786020595,4.715851086742842,4.715342135742597,4.71483372460002,4.714325852316456,4.713818517895895,4.713311720344946,4.712805458672846,4.712299731891433,4.71179453901515,4.711289879061038,4.710785751048714,4.710282154000371,4.709779086940779,4.709276548897251,4.708774538899653,4.708273055980403,4.707772099174435,4.70727166751921,4.706771760054711,4.7062723758234215,4.705773513870325,4.705275173242889,4.7047773529910755,4.7042800521673005,4.703783269826461,4.703287005025902,4.702791256825417,4.702296024287242,4.7018013064760416,4.701307102458908,4.7008134113053455,4.700320232087268,4.699827563878984,4.699335405757206,4.698843756801016,4.698352616091876,4.697861982713622,4.697371855752445,4.6968822342968854,4.696393117437837,4.69590450426852,4.6954163938844875,4.6949287853836195,4.694441677866103,4.693955070434428,4.693468962193397,4.692983352250094,4.692498239713884,4.692013623696409,4.691529503311586,4.691045877675589,4.690562745906848,4.690080107126031,4.689597960456056,4.689116305022065,4.688635139951433,4.688154464373739,4.687674277420791,4.6871945782265785,4.6867153659272995,4.686236639661343,4.685758398569271,4.685280641793824,4.68480336847991,4.6843265777745975,4.683850268827107,4.683374440788809,4.682899092813206,4.681949833674785,4.677232056763692
520.15,4.883778042592546,4.876703173907248,4.869723311124314,4.862836230618858,4.856039783569601,4.849331892837827,4.842710549952553,4.836173812207262,4.829719799871728,4.82334669352082,4.817052731480842,4.810836207392703,4.804695467890334,4.798628910391776,4.792634980999837,4.78671217250862,4.780859022511814,4.775074111608432,4.769356061701341,4.763703534384018,4.758115229410768,4.752589883245783,4.747126267686422,4.741723188556286,4.736379484463746,4.731094025621848,4.726906855399193,4.726386003165398,4.7258657127255885,4.725345983022894,4.724826813003283,4.724308201615562,4.723790147811343,4.723272650545057,4.722755708773925,4.72223932145797,4.721723487559981,4.721208206045529,4.720693475882937,4.720179296043285,4.719665665500389,4.7191525832308026,4.7186400482138,4.718128059431365,4.71761661586819,4.717105716511662,4.716595360351847,4.716085546381495,4.71557627359602,4.715067540993495,4.714559347574636,4.714051692342806,4.713544574303994,4.713037992466814,4.712531945842494,4.712026433444856,4.71152145429033,4.711017007397925,4.710513091789229,4.710009706488398,4.709506850522149,4.709004522919752,4.708502722713017,4.708001448936289,4.707500700626442,4.707000476822857,4.70650077656744,4.7060015989045825,4.705502942881177,4.70500480754659,4.704507191952678,4.7040100951537545,4.70351351620659,4.7030174541704115,4.702521908106884,4.702026877080108,4.701532360156612,4.701038356405342,4.700544864897649,4.700051884707295,4.69955941491043,4.699067454585588,4.698576002813687,4.69808505867801,4.69759462126421,4.697104689660286,4.696615262956588,4.696126340245807,4.695637920622957,4.695150003185393,4.694662587032766,4.6941756712670495,4.69368925499251,4.693203337315714,4.692717917345507,4.692232994193022,4.6917485669716505,4.691264634797062,4.690781196787166,4.6902982520621395,4.689815799744381,4.689333838958539,4.688852368831482,4.688371388492299,4.687890897072289,4.687410893704961,4.686931377526017,4.685973803287057,4.6812148724387095
520.65,4.8898435701809495,4.8826867302423045,4.875626784531132,4.868661445884865,4.86178850468014,4.855005825594883,4.848311344477131,4.8417030653268025,4.835179057394755,4.828737452401645,4.822376441877651,4.8160942746228335,4.809889254286713,4.80375973706485,4.797704129509367,4.791720886449777,4.785808509020073,4.7799655427876075,4.774190575979161,4.768482237799371,4.762839196836703,4.757260159552107,4.751743868845629,4.7462891026962835,4.7408946728707075,4.73555942369628,4.731333077884202,4.730807369049227,4.730282230894515,4.729757662339477,4.729233662306451,4.72871022972068,4.728187363510314,4.727665062606395,4.727143325942841,4.72662215245644,4.726101541086845,4.7255814907765625,4.7250620004709285,4.724543069118125,4.724024695669141,4.723506879077789,4.722989618300674,4.722472912297195,4.721956760029538,4.721441160462653,4.720926112564259,4.720411615304827,4.719897667657572,4.719384268598442,4.718871417106107,4.718359112161958,4.7178473527500975,4.717336137857308,4.716825466473075,4.716315337589552,4.715805750201573,4.71529670330662,4.714788195904835,4.714280226998998,4.713772795594526,4.713265900699451,4.712759541324429,4.71225371648272,4.711748425190182,4.7112436664652595,4.710739439328973,4.710235742804925,4.709732575919275,4.70922993770073,4.708727827180555,4.708226243392537,4.707725185373007,4.707224652160798,4.706724642797269,4.7062251563262745,4.705726191794166,4.705227748249779,4.704729824744423,4.704232420331888,4.703735534068414,4.7032391650126995,4.702743312225886,4.702247974771551,4.701753151715701,4.701258842126765,4.700765045075582,4.700271759635397,4.6997789848818465,4.699286719892962,4.698794963749152,4.698303715533196,4.697812974330246,4.6973227392278,4.696833009315713,4.696343783686182,4.695855061433728,4.695366841655213,4.694879123449807,4.694391905918992,4.6939051881665526,4.693418969298578,4.692933248423432,4.692448024651769,4.691963297096515,4.691479064872857,4.6909953270982445,4.690029331377202,4.685228722630581
521.15,4.895971851390022,4.88873158264393,4.881590146383639,4.8745451897018075,4.867594440071483,4.860735701988401,4.853966853720061,4.847285844168919,4.84069068985481,4.834179472019842,4.827750333857455,4.821401477865792,4.815131163324408,4.808937703892256,4.802819465324124,4.796774863301958,4.790802361377019,4.784900469018412,4.779067739763262,4.773302769463652,4.767604194625285,4.761970690832931,4.756400971257658,4.750893785241019,4.745447916951485,4.7400621841086,4.735796121538107,4.735265489280498,4.7347354367705,4.734205962903174,4.733677066576569,4.733148746691741,4.732621002152729,4.732093831866552,4.731567234743186,4.731041209695574,4.730515755639591,4.729990871494059,4.729466556180714,4.728942808624208,4.728419627752099,4.727897012494837,4.72737496178575,4.726853474561046,4.726332549759795,4.725812186323918,4.725292383198177,4.72477313933017,4.724254453670315,4.723736325171852,4.723218752790814,4.722701735486028,4.722185272219116,4.721669361954471,4.7211540036592385,4.720639196303336,4.720124938859419,4.719611230302875,4.719098069611832,4.718585455767124,4.718073387752295,4.717561864553593,4.7170508851599555,4.7165404485629985,4.716030553757,4.715521199738921,4.715012385508359,4.714504110067565,4.713996372421415,4.713489171577426,4.712982506545718,4.71247637633903,4.711970779972693,4.711465716464634,4.710961184835364,4.710457184107957,4.709953713308063,4.709450771463883,4.70894835760617,4.708446470768202,4.707945109985802,4.707444274297316,4.706943962743592,4.706444174367985,4.705944908216355,4.705446163337046,4.704947938780878,4.704450233601143,4.703953046853604,4.703456377596474,4.702960224890412,4.70246458779851,4.701969465386307,4.701474856721753,4.70098076087521,4.700487176919456,4.69999410392966,4.699501540983384,4.699009487160576,4.698517941543554,4.698026903217009,4.697536371267979,4.6970463447858695,4.696556822862416,4.696067804591704,4.695579289070129,4.6950912753964245,4.6941167499990835,4.68927393051671
521.65,4.902163877703906,4.894838686636404,4.8876143178931155,4.8804883505300545,4.873458446933988,4.866522349341991,4.8596778764675275,4.852922920241396,4.846255442673631,4.839673472840378,4.833175103998086,4.826758490825707,4.82042184679425,4.814163441662069,4.807981599093083,4.801874694394609,4.795841152370752,4.789879445286876,4.783988090940383,4.778165650832772,4.772410728437869,4.766721967561023,4.761098050784179,4.755537697991754,4.7500396649723795,4.744602742091817,4.740296411513349,4.739760787772581,4.739225753032466,4.73869130616302,4.7381574460373574,4.7376241715316745,4.737091481525255,4.736559374900421,4.736027850542578,4.735496907340153,4.734966544184609,4.734436759970435,4.733907553595123,4.733378923959166,4.732850869966047,4.732323390522229,4.731796484537131,4.731270150923146,4.730744388595598,4.730219196472756,4.729694573475811,4.729170518528876,4.728647030558958,4.728124108495967,4.7276017512726956,4.727079957824814,4.726558727090857,4.7260380580122066,4.725517949533099,4.724998400600603,4.724479410164612,4.723960977177833,4.7234431005957775,4.7229257793767605,4.722409012481876,4.721892798874998,4.721377137522766,4.720862027394575,4.720347467462576,4.719833456701649,4.719319994089409,4.718807078606187,4.718294709235034,4.717782884961685,4.717271604774584,4.716760867664847,4.7162506726262725,4.715741018655313,4.71523190475108,4.714723329915341,4.714215293152485,4.713707793469542,4.713200829876155,4.7126944013845815,4.71218850700968,4.711683145768893,4.711178316682267,4.710674018772404,4.710170251064485,4.709667012586243,4.709164302367964,4.708662119442473,4.708160462845128,4.7076593316138124,4.707158724788923,4.706658641413365,4.706159080532544,4.705660041194354,4.7051615224491625,4.704663523349831,4.704166042951665,4.703669080312445,4.703172634492388,4.702676704554155,4.702181289562845,4.701686388585974,4.70119200069348,4.700698124957712,4.70020476045341,4.699711906257717,4.699219561450155,4.698236396329398,4.693350824201411
522.15,4.908420663967246,4.901009019967847,4.893700241420052,4.886491836963516,4.879381401631689,4.87236661324591,4.865445228915203,4.858615081651381,4.851874077106489,4.845220190437565,4.838651463301705,4.832166000982732,4.825761969649338,4.819437593743258,4.8131911534951035,4.807020982564547,4.800925465800946,4.794903037119914,4.788952177490994,4.783071413031374,4.777259313200305,4.771514489088973,4.765835591800439,4.760221310914428,4.754670373031831,4.74918154039397,4.744834380234239,4.744293695680987,4.7437536095718364,4.743214120751085,4.7426752280662186,4.742136930367902,4.7415992265099645,4.741062115349386,4.7405255957462975,4.739989666563958,4.739454326668753,4.738919574930163,4.738385410220781,4.737851831416283,4.737318837395423,4.736786427040015,4.736254599234936,4.7357233528681,4.735192686830455,4.734662600015976,4.73413309132164,4.7336041596474345,4.73307580389633,4.732548022974284,4.732020815790213,4.731494181256001,4.7309681182864765,4.730442625799409,4.729917702715488,4.729393347958329,4.7288695604544495,4.7283463391332665,4.727823682927084,4.727301590771079,4.7267800616032964,4.726259094364644,4.725738687998866,4.725218841452557,4.724699553675121,4.7241808236187985,4.723662650238623,4.723145032492433,4.72262796934085,4.722111459747283,4.721595502677905,4.721080097101643,4.720565241990179,4.7200509363179375,4.719537179062074,4.719023969202461,4.71851130572169,4.7179991876050495,4.7174876138405235,4.716976583418786,4.716466095333178,4.715956148579716,4.715446742157066,4.714937875066547,4.714429546312119,4.713921754900368,4.713414499840498,4.712907780144337,4.712401594826316,4.711895942903444,4.711390823395335,4.710886235324174,4.71038217771471,4.709878649594265,4.7093756499926975,4.708873177942417,4.708371232478367,4.70786981263802,4.707368917461358,4.706868545990876,4.706368697271575,4.705869370350941,4.705370564278948,4.70487227810804,4.704374510893139,4.703877261691616,4.703380529563303,4.7023886127778045,4.697459736820825
522.65,4.914743249106547,4.907243583289643,4.899848881114049,4.892556578332253,4.885364200269897,4.8782693580917424,4.871269745172051,4.864363133580216,4.857547370689866,4.850820375917316,4.844180137593213,4.83762470996924,4.831152210360355,4.82476081642145,4.818448763556389,4.812214342456269,4.8060558967631115,4.799971820854502,4.793960557744351,4.788020597094568,4.782150473332211,4.776348763866747,4.770614087401746,4.764945102335724,4.759340505246663,4.753799029455103,4.749410467566939,4.748864651572438,4.74831944366079,4.747774842649859,4.747230847360796,4.746687456618023,4.746144669249227,4.745602484085339,4.745060899960526,4.744519915712185,4.743979530180922,4.743439742210546,4.742900550648063,4.742361954343648,4.74182395215065,4.741286542925569,4.740749725528054,4.740213498820889,4.7396778616699695,4.739142812944319,4.738608351516048,4.738074476260361,4.7375411860555365,4.7370084797829275,4.736476356326934,4.735944814575009,4.735413853417633,4.734883471748319,4.734353668463583,4.733824442462953,4.733295792648937,4.732767717927035,4.732240217205716,4.7317132893964065,4.731186933413482,4.730661148174262,4.730135932598986,4.7296112856108286,4.729087206135856,4.728563693103045,4.728040745444255,4.727518362094229,4.726996541990569,4.726475284073748,4.725954587287079,4.725434450576715,4.724914872891643,4.724395853183658,4.723877390407376,4.723359483520209,4.722842131482358,4.722325333256804,4.721809087809301,4.7212933941083595,4.720778251125248,4.720263657833975,4.719749613211279,4.71923611623663,4.718723165892203,4.718210761162882,4.717698901036249,4.717187584502571,4.716676810554791,4.716166578188524,4.715656886402043,4.715147734196266,4.714639120574758,4.714131044543718,4.713623505111964,4.71311650129093,4.712610032094657,4.71210409653978,4.711598693645528,4.711093822433699,4.710589481928675,4.710085671157389,4.709582389149336,4.709079634936547,4.708577407553599,4.708075706037589,4.7075745294281415,4.706573747099947,4.70160100665052
523.15,4.9211326968778515,4.913543400860539,4.906061223576786,4.898683525326742,4.891407759283006,4.884231467625984,4.877152277781757,4.870167898774741,4.863276117704501,4.85647479635375,4.8497618679321235,4.8431353339584575,4.836593261282513,4.830133779245572,4.823755076978138,4.817455400831814,4.811233051941755,4.8050863839152145,4.799013800641356,4.793013754217051,4.787084742983164,4.781225309665695,4.77543403961606,4.769709559144883,4.764050533943728,4.758455667589359,4.754025120994227,4.753474101598786,4.752923700125277,4.752373915364399,4.751824746110234,4.751276191160243,4.75072824931524,4.750180919379382,4.749634200160163,4.749088090468403,4.748542589118223,4.7479976949270455,4.747453406715583,4.746909723307814,4.746366643530983,4.745824166215582,4.745282290195342,4.744741014307223,4.744200337391397,4.7436602582912375,4.743120775853319,4.742581888927377,4.7420435963663365,4.741505897026268,4.7409687897663915,4.74043227344906,4.7398963469397515,4.739361009107058,4.738826258822672,4.738292094961374,4.7377585164010245,4.7372255220225545,4.7366931107099495,4.736161281350247,4.735630032833514,4.735099364052847,4.734569273904356,4.734039761287152,4.733510825103344,4.732982464258019,4.73245467765924,4.731927464218032,4.73140082284837,4.730874752467166,4.730349251994274,4.729824320352458,4.729299956467396,4.72877615926767,4.728252927684745,4.7277302606529705,4.727208157109567,4.7266866159946135,4.72616563625104,4.725645216824614,4.7251253566639395,4.7246060547204385,4.724087309948338,4.723569121304678,4.723051487749282,4.722534408244758,4.722017881756487,4.7215019072526125,4.720986483704029,4.720471610084382,4.719957285370046,4.719443508540121,4.718930278576427,4.718417594463489,4.7179054551885296,4.717393859741456,4.716882807114862,4.7163722963040025,4.715862326306805,4.71535289612384,4.7148440047583255,4.714335651216109,4.713827834505668,4.713320553638098,4.712813807627096,4.712307595488959,4.71180191624258,4.710792152513539,4.705774977216
523.65,4.927590096641625,4.9199095212762725,4.912338278548922,4.904873650644498,4.897513016043244,4.890253845523159,4.883093698262432,4.876030218055628,4.869061129654372,4.862184235240632,4.855397411038224,4.848698604066038,4.842085829034577,4.835557165385777,4.8291107544746845,4.822744796890393,4.816457549912725,4.810247325100349,4.8041124860054625,4.79805144600974,4.792062666275908,4.786144653809189,4.780295959622773,4.774515177001353,4.768800939857088,4.763151921172213,4.75867879579525,4.7581224996758325,4.757566831522933,4.757011790099331,4.756457374171297,4.755903582508568,4.755350413884339,4.754797867075255,4.754245940861398,4.753694634026259,4.753143945356759,4.752593873643194,4.75204441767926,4.751495576262011,4.750947348191872,4.750399732272609,4.749852727311319,4.749306332118428,4.7487605455076745,4.748215366296088,4.747670793303985,4.747126825354963,4.7465834612758755,4.746040699896834,4.745498540051179,4.744956980575487,4.744416020309548,4.743875658096355,4.743335892782094,4.742796723216134,4.7422581482510076,4.741720166742418,4.741182777549206,4.740645979533347,4.74010977155995,4.739574152497233,4.739039121216509,4.738504676592202,4.737970817501793,4.73743754282585,4.736904851447997,4.736372742254899,4.7358412141362605,4.73531026598482,4.734779896696322,4.734250105169525,4.733720890306172,4.733192251011004,4.732664186191719,4.732136694758992,4.731609775626449,4.731083427710651,4.730557649931097,4.730032441210205,4.729507800473315,4.728983726648651,4.7284602186673474,4.7279372754634075,4.727414895973711,4.7268930791380015,4.726371823898866,4.725851129201743,4.725330993994899,4.724811417229424,4.724292397859223,4.723773934840992,4.72325602713424,4.722738673701244,4.722221873507061,4.721705625519511,4.721189928709174,4.720674782049369,4.72016018451616,4.719646135088326,4.719132632747372,4.718619676477513,4.718107265265661,4.717595398101414,4.717084073977056,4.716573291887545,4.716063050830492,4.715044187817497,4.709981997406108
524.15,4.934116564166061,4.926343018225831,4.918681079621958,4.911127949660073,4.903680929491237,4.896337415979352,4.889094897665341,4.8819509508435015,4.874903235762211,4.8679494929582745,4.861087539731682,4.854315266765092,4.8476306348904235,4.841031672003039,4.834516470122607,4.828083182598307,4.821730021455111,4.815455254876962,4.809257204821949,4.803134244764235,4.797084797556949,4.791107333410179,4.785200367978011,4.779362460548543,4.773592212330861,4.767888264833128,4.763371955230384,4.762810307667233,4.762249298326047,4.761688925940907,4.7611291892494725,4.760570086992996,4.760011617916283,4.759453780767697,4.758896574299135,4.7583399972660185,4.7577840484272835,4.757228726545369,4.756674030386187,4.756119958719135,4.755566510317065,4.755013683956278,4.754461478416504,4.753909892480907,4.753358924936043,4.752808574571884,4.752258840181776,4.7517097205624355,4.751161214513943,4.750613320839728,4.7500660383465485,4.7495193658444945,4.748973302146961,4.748427846070646,4.7478829964355285,4.747338752064869,4.746795111785197,4.746252074426277,4.745709638821125,4.745167803805986,4.74462656822032,4.744085930906786,4.743545890711251,4.7430064464827435,4.742467597073485,4.741929341338843,4.741391678137334,4.74085460633062,4.740318124783478,4.73978223236381,4.739246927942612,4.738712210393979,4.738178078595086,4.7376445314261835,4.737111567770574,4.7365791865146125,4.736047386547696,4.735516166762247,4.734985526053701,4.734455463320505,4.7339259774641045,4.733397067388918,4.732868732002357,4.732340970214786,4.7318137809395235,4.731287163092838,4.730761115593927,4.730235637364914,4.729710727330831,4.729186384419624,4.7286626075621205,4.728139395692037,4.727616747745963,4.727094662663351,4.726573139386502,4.726052176860571,4.725531774033536,4.725011929856206,4.724492643282195,4.723973913267937,4.723455738772645,4.722938118758328,4.722421052189764,4.721904538034501,4.7213885752628455,4.7208731628478455,4.72035829976529,4.719330217514307,4.714222421589481
524.65,4.940713242459801,4.932844991275348,4.925090684975962,4.917447441119249,4.909912480789242,4.902483124326897,4.8951567871534145,4.887930975703494,4.880803283482257,4.873771387256489,4.8668330433881035,4.85998608431517,4.853228415183629,4.846558010630947,4.839972911721139,4.833471223029376,4.827051109873029,4.820710795685187,4.814448559525846,4.808262733725394,4.802151701654733,4.796113895615819,4.790147794846571,4.784251923633809,4.778424849528007,4.77266518165372,4.768105070731375,4.7675379955736865,4.766971569109774,4.766405790044206,4.765840657085244,4.765276168944836,4.764712324338612,4.764149121985853,4.763586560609491,4.763024638936082,4.762463355695814,4.761902709622461,4.761342699453405,4.760783323929599,4.760224581795557,4.759666471799352,4.75910899269259,4.7585521432304,4.757995922171434,4.757440328277828,4.756885360315214,4.756331017052692,4.755777297262829,4.755224199721632,4.754671723208546,4.7541198665064455,4.753568628401602,4.753018007683693,4.752468003145778,4.751918613584289,4.751369837799024,4.750821674593124,4.750274122773061,4.749727181148642,4.749180848532979,4.748635123742483,4.74809000559686,4.747545492919085,4.747001584535396,4.746458279275293,4.74591557597151,4.745373473460008,4.744831970579973,4.744291066173791,4.743750759087045,4.743211048168501,4.742671932270098,4.74213341024693,4.741595480957249,4.741058143262438,4.7405213960270105,4.739985238118596,4.739449668407925,4.738914685768829,4.738380289078212,4.7378464772160624,4.737313249065419,4.736780603512376,4.736248539446068,4.735717055758657,4.7351861513453235,4.734655825104254,4.734126075936637,4.733596902746642,4.733068304441421,4.732540279931082,4.732012828128702,4.731485947950292,4.730959638314802,4.73043389814411,4.729908726363007,4.729384121899185,4.7288600836832275,4.728336610648616,4.727813701731693,4.727291355871673,4.726769572010624,4.726248349093457,4.725727686067916,4.725207581884576,4.724688035496823,4.7236506119356525,4.718496609734075
525.15,4.947381302635327,4.939416566680727,4.931568178144268,4.92383316785851,4.916208673997985,4.9086919376711355,4.901280298600353,4.89397119090902,4.886762139030923,4.879650753754251,4.8726347284091975,4.865711835205751,4.858879921725592,4.85213690757007,4.84548078116438,4.838909596716421,4.832421471327667,4.826014582252121,4.8196871642988,4.813437507372291,4.8072639541456645,4.8011648978595085,4.79513878024078,4.789184089534978,4.783299358645197,4.7774831633716826,4.772878622096975,4.772306041727535,4.7717341207457284,4.771162857825772,4.770592251645689,4.7700223008873195,4.7694530042362775,4.768884360381946,4.7683163680174765,4.767749025839753,4.767182332549386,4.766616286850714,4.766050887451763,4.765486133064255,4.764922022403575,4.7643585541887745,4.763795727142546,4.76323353999122,4.762671991464737,4.7621110802966475,4.761550805224089,4.76099116498778,4.760432158332005,4.759873784004598,4.759316040756926,4.758758927343891,4.7582024425239,4.757646585058858,4.757091353714166,4.756536747258686,4.75598276446475,4.755429404108129,4.754876664968043,4.754324545827117,4.7537730454714024,4.753222162690341,4.752671896276756,4.752122245026858,4.751573207740199,4.751024783219693,4.75047697027159,4.749929767705457,4.749383174334183,4.748837188973951,4.748291810444232,4.747747037567778,4.747202869170603,4.746659304081974,4.7461163411344005,4.745573979163627,4.745032217008607,4.744491053511504,4.743950487517681,4.743410517875683,4.742871143437223,4.742332363057185,4.741794175593593,4.741256579907613,4.7407195748635464,4.740183159328801,4.739647332173895,4.739112092272443,4.7385774385011405,4.738043369739754,4.7375098848711215,4.736976982781121,4.7364446623586804,4.735912922495748,4.735381762087302,4.734851180031322,4.734321175228789,4.7337917465836705,4.733262893002916,4.732734613396432,4.732206906677095,4.731679771760713,4.7311532075660425,4.730627213014762,4.730101787031467,4.729576928543649,4.729052636481708,4.72800574737146,4.72280492752994
525.65,4.954121944804149,4.94605889823017,4.9381146688061515,4.930286197550684,4.922570536777999,4.914964845550068,4.907466385211116,4.900072515025513,4.892780687936086,4.88558844645671,4.878493418709574,4.871493314614846,4.864585922237698,4.857769104295471,4.851040794825709,4.844398996014107,4.837841775179971,4.831367261915641,4.8249736453752945,4.818659171707876,4.812422141628271,4.806260908120525,4.800173874266524,4.7941594911935415,4.7882162561339765,4.7823427105906395,4.77769309769416,4.777114932992955,4.776537438601136,4.775960613161706,4.775384455321606,4.77480896373169,4.774234137046715,4.773659973925332,4.77308647303005,4.772513633027249,4.771941452587145,4.771369930383784,4.770799065095024,4.770228855402528,4.769659299991735,4.769090397551862,4.768522146775878,4.767954546360497,4.7673875950061575,4.766821291417017,4.766255634300926,4.765690622369428,4.765126254337735,4.764562528924721,4.7639994448529,4.763437000848421,4.762875195641048,4.762314027964151,4.761753496554693,4.761193600153211,4.760634337503811,4.760075707354147,4.759517708455409,4.758960339562314,4.7584035994330955,4.757847486829481,4.757292000516682,4.756737139263391,4.756182901841758,4.755629287027377,4.755076293599283,4.754523920339933,4.753972166035195,4.753421029474328,4.752870509449988,4.752320604758198,4.75177131419834,4.751222636573152,4.750674570688703,4.750127115354389,4.749580269382922,4.7490340315903055,4.748488400795847,4.747943375822118,4.747398955494959,4.746855138643471,4.746311924099986,4.745769310700074,4.745227297282526,4.744685882689332,4.744145065765686,4.743604845359965,4.7430652203237145,4.742526189511648,4.741987751781628,4.741449905994658,4.740912651014864,4.740375985709498,4.739839908948914,4.7393044196065635,4.738769516558982,4.738235198685775,4.737701464869622,4.737168313996238,4.736635744954397,4.736103756635895,4.735572347935547,4.735041517751181,4.734511264983622,4.733981588536691,4.733452487317178,4.732396006202412,4.727147746515263
526.15,4.960936399005102,4.952773168117746,4.944731293608663,4.93680762347789,4.928999121116504,4.92130286061785,4.913716022164654,4.906235887514919,4.898859835605711,4.891585338290266,4.884409956220407,4.8773313348832215,4.8703472007981,4.863455357877782,4.856653683954899,4.8499401274736185,4.843312704344385,4.836769494958546,4.830308641358409,4.823928344557591,4.817626862005777,4.811402505191539,4.80525363737662,4.799178671454785,4.793176067928442,4.787244332996061,4.782548994665218,4.78196516497195,4.781382016743754,4.78079954859154,4.780217759130261,4.779636646978918,4.779056210760529,4.778476449102126,4.777897360634718,4.777318943993313,4.776741197816858,4.776164120748265,4.775587711434364,4.775011968525905,4.774436890677543,4.7738624765478095,4.773288724799117,4.772715634097728,4.772143203113752,4.7715714305211225,4.771000314997586,4.7704298552246875,4.769860049887757,4.7692908976758925,4.768722397281947,4.768154547402517,4.7675873467379315,4.767020793992218,4.766454887873117,4.765889627092049,4.765325010364108,4.7647610364080455,4.764197703946256,4.763635011704768,4.7630729584132245,4.762511542804872,4.7619507636165554,4.761390619588685,4.760831109465247,4.760272231993769,4.759713985925319,4.759156370014499,4.758599383019407,4.758043023701656,4.757487290826332,4.756932183162004,4.756377699480698,4.7558238385578875,4.75527059917248,4.754717980106816,4.754165980146632,4.753614598081075,4.7530638327026695,4.752513682807321,4.7519641471942915,4.751415224666193,4.750866914028974,4.750319214091912,4.749772123667598,4.749225641571916,4.748679766624048,4.7481344976464515,4.747589833464852,4.747045772908219,4.74650231480878,4.745959458001987,4.745417201326505,4.7448755436242145,4.744334483740192,4.743794020522699,4.7432541528231695,4.742714879496197,4.742176199399538,4.741638111394078,4.741100614343837,4.740563707115954,4.740027388580669,4.7394916576113255,4.738956513084351,4.7384219538792465,4.737887978878576,4.736821777036057,4.731525444205805
526.65,4.967825926166974,4.959560587849234,4.951419217018705,4.943398565332841,4.935495504080784,4.927707019353111,4.920030207279842,4.912462269361829,4.90500050791667,4.8976423216564,4.890385201410541,4.883226726004957,4.876164558303666,4.8691964414184525,4.862320195088384,4.855533712229632,4.848834955654008,4.84222195495336,4.835692803545607,4.8292456558773775,4.822878724777412,4.816590278954304,4.810378640631874,4.804242183315102,4.798179329679625,4.792188549577553,4.787446819140821,4.78685724221631,4.786268358152729,4.785680165527961,4.7850926629240655,4.784505848927269,4.783919722127943,4.783334281120598,4.782749524503851,4.782165450880427,4.781582058857132,4.780999347044839,4.780417314058475,4.779835958517003,4.779255279043408,4.778675274264684,4.778095942811807,4.777517283319735,4.7769392944273825,4.776361974777615,4.775785323017212,4.7752093377968885,4.7746340177712465,4.774059361598767,4.773485367941818,4.772912035466611,4.772339362843199,4.771767348745465,4.771195991851101,4.770625290841599,4.770055244402228,4.769485851222035,4.768917109993811,4.768349019414098,4.76778157818316,4.7672147850049695,4.766648638587204,4.766083137641223,4.765518280882057,4.7649540670283965,4.764390494802574,4.7638275629305475,4.7632652701419085,4.762703615169828,4.762142596751088,4.761582213626036,4.761022464538589,4.760463348236211,4.759904863469908,4.759347008994203,4.75878978356714,4.758233185950259,4.757677214908583,4.757121869210606,4.756567147628297,4.756013048937055,4.755459571915725,4.754906715346575,4.754354478015281,4.753802858710917,4.753251856225945,4.752701469356202,4.752151696900883,4.751602537662531,4.751053990447036,4.750506054063603,4.749958727324756,4.749412009046321,4.748865898047409,4.748320393150413,4.747775493180993,4.747231196968067,4.7466875033437805,4.746144411143529,4.745601919205919,4.745060026372766,4.744518731489081,4.74397803340307,4.743437930966103,4.742898423032717,4.742359508460601,4.741283454846641,4.735938404227857
527.15,4.974791819106893,4.96642239918154,4.958179632206605,4.950060170049622,4.942060788599199,4.934178382793027,4.926409961705446,4.918752643722025,4.911203651824472,4.9037603090050395,4.896420033825842,4.889180336134923,4.8820388129477195,4.874993144499683,4.868041090473227,4.861180486400025,4.854409240237674,4.8477253291182585,4.841126796264881,4.834611748071287,4.828178351338739,4.821824830663784,4.815549465970022,4.809350590176696,4.80322658699685,4.797175888857638,4.792387086459297,4.791791678445735,4.791196974935554,4.790602974472654,4.790009675605255,4.78941707688586,4.788825176871265,4.788233974122518,4.78764346720491,4.787053654687969,4.786464535145423,4.785876107155206,4.785288369299421,4.784701320164337,4.784114958340372,4.783529282422072,4.78294429100809,4.782359982701189,4.781776356108203,4.781193409840041,4.780611142511652,4.780029552742033,4.779448639154191,4.77886840037514,4.778288835035883,4.777709941771398,4.777131719220614,4.776554166026412,4.775977280835593,4.775401062298881,4.77482550907089,4.774250619810119,4.7736763931789366,4.773102827843565,4.772529922474068,4.77195767574433,4.771386086332053,4.770815152918726,4.770244874189627,4.7696752488337975,4.76910627554404,4.768537953016888,4.7679702799526025,4.767403255055162,4.766836877032235,4.766271144595179,4.765706056459023,4.7651416113424485,4.764577807967784,4.764014645060985,4.7634521213516265,4.7628902355728835,4.762328986461525,4.761768372757887,4.761208393205886,4.7606490465529685,4.7600903315501375,4.759532246951904,4.758974791516302,4.758417964004857,4.757861763182588,4.757306187817977,4.75675123668298,4.756196908552986,4.755643202206829,4.755090116426766,4.75453764999846,4.753985801710975,4.753434570356766,4.752883954731653,4.7523339536348175,4.7517845658688005,4.751235790239473,4.7506876255560355,4.750140070630997,4.749593124280172,4.749046785322665,4.748501052580861,4.7479559248804035,4.747411401050201,4.746867479922399,4.745781441118728,4.740387016454785
527.65,4.981835403565813,4.973359875096977,4.96501376196241,4.9567936126651615,4.9486961042708835,4.9407180372942765,4.932856330635207,4.925108016594486,4.917470235994824,4.909940233428275,4.902515352647427,4.895193032113906,4.8879708007141645,4.880846273649626,4.87381714850532,4.866881201498847,4.860036283909352,4.853280318684456,4.846611297221609,4.840027276319157,4.833526375291356,4.827106773241045,4.820766706482884,4.814504466109973,4.808318395696277,4.802206889127295,4.797370321392358,4.796768996772358,4.796168388551405,4.795568495238441,4.794969315346858,4.794370847394472,4.793773089903519,4.793176041400618,4.792579700416788,4.791984065487383,4.791389135152118,4.790794907955026,4.790201382444456,4.789608557173037,4.789016430697689,4.788425001579579,4.7878342683841195,4.787244229680947,4.786654884043906,4.786066230051038,4.7854782662845565,4.784890991330833,4.78430440378039,4.783718502227871,4.7831332852720285,4.782548751515719,4.781964899565877,4.781381728033494,4.7807992355336175,4.7802174206853225,4.779636282111707,4.77905581843987,4.7784760283008945,4.777896910329835,4.777318463165703,4.776740685451458,4.776163575833975,4.775587132964045,4.7750113554963605,4.77443624208949,4.773861791405869,4.773288002111792,4.772714872877382,4.7721424023765975,4.771570589287193,4.770999432290733,4.770428930072549,4.769859081321744,4.769289884731181,4.768721338997449,4.768153442820872,4.767586194905478,4.767019593958999,4.76645363869284,4.765888327822085,4.765323660065473,4.764759634145379,4.764196248787816,4.763633502722404,4.763071394682373,4.762509923404538,4.761949087629293,4.761388886100587,4.760829317565931,4.7602703807763636,4.759712074486451,4.759154397454271,4.758597348441397,4.758040926212892,4.757485129537288,4.756929957186582,4.756375407936207,4.755821480565052,4.755268173855408,4.75471548659299,4.754163417566905,4.7536119655696485,4.753061129397089,4.752510907848454,4.751961299726329,4.751412303836626,4.75031614399478,4.74487167714729
528.15,4.988958039282538,4.980374320813791,4.971922859646205,4.963600097212567,4.955402608205293,4.947327095321857,4.939370384048943,4.931529417517656,4.923801251457863,4.916183049275128,4.908672077269588,4.9012657000120035,4.893961375888663,4.886756652823444,4.879649164182312,4.872636624863023,4.865716827570368,4.858887639275571,4.852146997856532,4.845492908914619,4.838923442762276,4.832436731575191,4.8260309667019685,4.819704396123853,4.813455322056868,4.807282098688477,4.802397058377391,4.801789729931798,4.801183130040984,4.800577257177913,4.799972109820124,4.799367686449748,4.798763985553451,4.7981610056224335,4.797558745152429,4.796957202643649,4.796356376600801,4.79575626553304,4.795156867953978,4.794558182381651,4.7939602073384995,4.7933629413513605,4.792766382951443,4.792170530674312,4.791575383059878,4.790980938652369,4.790387196000326,4.789794153656567,4.789201810178194,4.788610164126561,4.788019214067252,4.787428958570092,4.786839396209092,4.786250525562471,4.785662345212605,4.785074853746037,4.784488049753452,4.783901931829647,4.783316498573553,4.782731748588165,4.782147680480576,4.781564292861937,4.780981584347441,4.780399553556309,4.779818199111792,4.779237519641128,4.77865751377554,4.778078180150229,4.777499517404344,4.776921524180973,4.776344199127139,4.775767540893759,4.775191548135659,4.774616219511534,4.774041553683955,4.773467549319336,4.772894205087936,4.7723215196638265,4.771749491724898,4.771178119952822,4.7706074030330585,4.770037339654834,4.769467928511123,4.768899168298633,4.768331057717805,4.767763595472785,4.767196780271411,4.76663061082521,4.766065085849373,4.765500204062752,4.764935964187833,4.764372364950736,4.7638094050811945,4.763247083312539,4.7626853983817,4.762124349029173,4.7615639339990175,4.76100415203885,4.76044500189981,4.759886482336569,4.7593285921073125,4.7587713299737135,4.758214694700941,4.757658685057632,4.757103299815879,4.756548537751224,4.755994397642652,4.754887978426765,4.749392789097505
528.65,4.996161121107847,4.987467074834366,4.978908210173793,4.970480857647659,4.962181485892803,4.954006696266988,4.945953217480811,4.938017900291054,4.930197712285968,4.922489732788403,4.914891147898207,4.907399245691127,4.900011411587568,4.892725123900896,4.88553794957195,4.878447540093346,4.871451627624918,4.864548021299346,4.857734603715303,4.851009327613944,4.844370212733361,4.8378153428346975,4.83134286289286,4.824950976444309,4.818637943084054,4.812402076103802,4.80746784175666,4.806854420521084,4.806241740263148,4.805629799418769,4.805018596428608,4.8044081297380385,4.8037983977971335,4.803189399060647,4.802581131987982,4.801973595043199,4.801366786694968,4.800760705416564,4.800155349685851,4.799550717985257,4.798946808801762,4.7983436206268735,4.797741151956609,4.797139401291479,4.79653836713648,4.795938048001057,4.795338442399101,4.794739548848923,4.794141365873239,4.79354389199916,4.792947125758158,4.792351065686069,4.791755710323056,4.791161058213612,4.790567107906524,4.789973857954868,4.789381306915989,4.788789453351488,4.788198295827197,4.78760783291317,4.787018063183662,4.7864289852171185,4.785840597596152,4.7852528989075305,4.784665887742163,4.784079562695078,4.783493922365414,4.782908965356399,4.782324690275332,4.781741095733579,4.7811581803465435,4.780575942733662,4.77999438151838,4.779413495328153,4.778833282794402,4.778253742552529,4.77767487324188,4.777096673505747,4.776519141991337,4.775942277349772,4.775366078236062,4.774790543309097,4.774215671231633,4.773641460670277,4.773067910295464,4.772495018781461,4.77192278480633,4.771351207051927,4.770780284203903,4.770210014951648,4.7696403979883195,4.769071432010804,4.768503115719716,4.767935447819371,4.767368427017785,4.766802052026658,4.766236321561344,4.76567123434087,4.765106789087894,4.7645429845287,4.763979819393185,4.763417292414857,4.7628554023308,4.762294147881682,4.761733527811725,4.761173540868704,4.760614185803926,4.7594973663319475,4.753950761777007
529.15,5.003446080160213,4.9946395100325605,4.985971131039167,4.97743715880994,4.969033952107627,4.96075800729519,4.952605952815772,4.944574543723211,4.936660656296165,4.928861282764331,4.921173526170426,4.913594595387294,4.906121800305258,4.898752547201059,4.8914843342963215,4.884314747510349,4.877241456409403,4.870262210352271,4.863374834830004,4.8565772279959845,4.849867357381199,4.8432432567884804,4.8367030233587185,4.83024481480138,4.823866846781342,4.817567390453743,4.812583226023542,4.811963621243574,4.811344770138508,4.810726671106144,4.810109322549162,4.809492722875113,4.808876870496396,4.808261763830235,4.807647401298669,4.807033781328522,4.806420902351386,4.8058087628036015,4.805197361126254,4.804586695765115,4.803976765170678,4.803367567798086,4.80275910210715,4.802151366562314,4.801544359632637,4.8009380797917816,4.800332525517988,4.799727695294059,4.799123587607338,4.798520200949706,4.797917533817536,4.7973155847117015,4.796714352137548,4.796113834604873,4.795514030627907,4.794914938725305,4.794316557420127,4.793718885239808,4.793121920716161,4.792525662385341,4.79193010878784,4.791335258468467,4.790741109976324,4.790147661864809,4.789554912691572,4.788962861018521,4.788371505411793,4.787780844441745,4.787190876682929,4.786601600714085,4.786013015118118,4.785425118482091,4.784837909397195,4.784251386458745,4.783665548266161,4.78308039342295,4.782495920536691,4.781912128219022,4.781329015085621,4.780746579756195,4.780164820854459,4.7795837370081244,4.779003326848888,4.778423589012406,4.777844522138292,4.777266124870087,4.776688395855259,4.776111333745179,4.775534937195116,4.774959204864207,4.774384135415459,4.773809727515719,4.773235979835678,4.772662891049837,4.772090459836505,4.771518684877785,4.770947564859554,4.770377098471452,4.769807284406868,4.769238121362926,4.7686696080404705,4.768101743144056,4.767534525381928,4.766967953466012,4.766402026111904,4.76583674203885,4.765272099969734,4.7641447367529866,4.758546011488905
529.65,5.010814385024805,5.001893034781754,4.993112973375158,4.9844702974194535,4.975961251844282,4.967582224225785,4.959329739115418,4.9512004524070194,4.943191145778054,4.93529872123607,4.9275201957965304,4.9198526963135505,4.9122934544807,4.904839802014879,4.897489166032725,4.890239064625574,4.883087102636127,4.876030967637512,4.8690684261130945,4.862197319833757,4.855415562427742,4.848721136137013,4.8421120887531375,4.835586530724992,4.82914263243016,4.822778621601491,4.8177437760761,4.817117895161125,4.816492780900264,4.815868431652052,4.815244845780075,4.814622021652938,4.813999957644255,4.81337865213262,4.8127581035015945,4.812138310139681,4.811519270440304,4.810900982801784,4.810283445627337,4.809666657325029,4.809050616307777,4.808435320993315,4.80782076980418,4.807206961167696,4.806593893515951,4.805981565285774,4.8053699749187215,4.804759120861056,4.804149001563729,4.803539615482361,4.802930961077218,4.802323036813204,4.801715841159831,4.801109372591207,4.800503629586016,4.7998986106274995,4.799294314203437,4.798690738806131,4.79808788293239,4.7974857450835025,4.796884323765233,4.796283617487788,4.7956836247658154,4.7950843441183695,4.79448577406891,4.793887913145277,4.793290759879666,4.79269431280863,4.792098570473047,4.791503531418108,4.7909091941933,4.790315557352384,4.789722619453397,4.789130379058607,4.788538834734526,4.787947985051868,4.787357828585549,4.786768363914666,4.786179589622484,4.785591504296408,4.7850041065279845,4.784417394912876,4.783831368050841,4.783246024545736,4.782661363005471,4.782077382042024,4.781494080271408,4.780911456313656,4.7803295087928195,4.779748236336935,4.779167637578019,4.778587711152057,4.77800845569898,4.777429869862646,4.776851952290842,4.776274701635259,4.775698116551467,4.775122195698922,4.774546937740936,4.773972341344673,4.773398405181116,4.772825127925077,4.772252508255168,4.771680544853793,4.771109236407129,4.770538581605107,4.769968579141422,4.7688305260224455,4.763178961524106
530.15,5.018267542997377,5.009229094125155,5.000335123053872,4.991581603110918,4.982964661289016,4.974480572444123,4.966125753474365,4.957896757523596,4.949790268248337,4.941803094181975,4.9339321632248705,4.926174517284376,4.918527307083949,4.91098778715633,4.903553311031797,4.89622132662888,4.888989371851903,4.881855070396783,4.8748161277643165,4.867870327478035,4.8610155275021905,4.854249656853929,4.847570712402809,4.84097675584991,4.834465910878233,4.828036360465799,4.822950067478214,4.822317815953844,4.821686344352505,4.821055650992307,4.820425734196568,4.8197965922938,4.819168223617675,4.818540626507017,4.817913799305767,4.817287740362974,4.81666244803276,4.8160379206743205,4.815414156651876,4.814791154334674,4.814168912096958,4.813547428317949,4.812926701381818,4.812306729677684,4.811687511599574,4.811069045546416,4.810451329922002,4.809834363135001,4.809218143598902,4.808602669732013,4.807987939957446,4.807373952703086,4.806760706401575,4.806148199490302,4.805536430411365,4.804925397611571,4.80431509954241,4.803705534660027,4.803096701425225,4.802488598303424,4.801881223764652,4.801274576283531,4.80066865433925,4.800063456415555,4.799458981000727,4.798855226587557,4.798252191673346,4.797649874759869,4.797048274353367,4.796447388964525,4.795847217108465,4.795247757304712,4.794649008077185,4.7940509679541865,4.7934536354683726,4.792857009156749,4.792261087560639,4.791665869225684,4.79107135270181,4.790477536543225,4.789884419308395,4.7892919995600245,4.7887002758650485,4.788109246794615,4.787518910924063,4.786929266832904,4.786340313104821,4.785752048327638,4.78516447109331,4.78457757999791,4.783991373641604,4.7834058506286405,4.782821009567344,4.782236849070084,4.781653367753266,4.781070564237329,4.780488437146699,4.779906985109812,4.7793262067590705,4.778746100730838,4.778166665665427,4.777587900207085,4.777009803003965,4.776432372708136,4.775855607975555,4.775279507466032,4.774704069843258,4.7735551779318905,4.767850042321896
530.65,5.025807101374883,5.016649170990052,5.007639001828353,4.998772439506604,4.990045488827551,4.981454307847744,4.972995201908398,4.964664617675799,4.956459137233025,4.948375472259624,4.94041045833079,4.932561049362384,4.924824312223403,4.917197421532814,4.909677654653531,4.902262386892463,4.894949086912154,4.887735312356568,4.880618705690926,4.873596990253398,4.866667966514461,4.859829508538422,4.853079560640263,4.846416134230072,4.839837304836743,4.833341209302082,4.82820268672854,4.827563968187539,4.826926043136221,4.826288909851058,4.825652566613903,4.825017011711975,4.824382243437809,4.823748260089272,4.8231150599695125,4.822482641386944,4.821851002655236,4.8212201420932725,4.820590058025146,4.819960748780123,4.819332212692638,4.818704448102255,4.8180774533536574,4.817451226796627,4.816825766786014,4.816201071681721,4.815577139848691,4.814953969656872,4.814331559481202,4.813709907701594,4.813089012702908,4.812468872874935,4.811849486612375,4.81123085231482,4.810612968386728,4.8099958332374095,4.809379445281005,4.808763802936468,4.808148904627538,4.807534748782736,4.806921333835322,4.806308658223304,4.805696720389396,4.805085518781012,4.804475051850237,4.803865318053822,4.803256315853158,4.802648043714247,4.802040500107707,4.801433683508732,4.800827592397082,4.800222225257073,4.7996175805775465,4.799013656851852,4.798410452577845,4.79780796625785,4.797206196398651,4.796605141511479,4.796004800111986,4.795405170720229,4.794806251860664,4.7942080420621105,4.79361053985775,4.793013743785099,4.792417652386002,4.7918222642066,4.791227577797335,4.790633591712915,4.790040304512299,4.789447714758695,4.788855821019526,4.788264621866428,4.7876741158752285,4.787084301625923,4.786495177702672,4.785906742693778,4.785318995191669,4.784731933792886,4.784145557098066,4.7835598637119245,4.782974852243249,4.7823905213048645,4.781806869513641,4.781223895490465,4.780641597860224,4.7800599752517945,4.779479026298032,4.7783191439056925,4.772559691634937
531.15,5.033434648794562,5.024154787447716,5.015026068517252,5.006044205329527,4.997205076090614,4.988504717827987,4.979939320275722,4.971505219752675,4.963198893078439,4.95501695156672,4.946956135130538,4.939013306528294,4.931185445774695,4.923469644735683,4.915863101922033,4.908363117492175,4.900967088471147,4.893672504189353,4.886476941941951,4.879378062867276,4.87237360804075,4.865461394778925,4.858639313147091,4.851905322662766,4.845257449186656,4.838693781992033,4.833502231537559,4.832856947589258,4.832212471003318,4.831568800013323,4.830925932858411,4.8302838677832565,4.829642603038044,4.8290021368784455,4.828362467565597,4.827723593366067,4.827085512551853,4.826448223400339,4.825811724194282,4.8251760132217925,4.8245410887763,4.823906949156539,4.82327359266654,4.822641017615576,4.8220092223181625,4.821378205094033,4.820747964268116,4.820118498170514,4.819489805136478,4.81886188350639,4.818234731625738,4.817608347845103,4.816982730520129,4.816357878011508,4.815733788684953,4.8151104609111846,4.814487893065909,4.8138660835297955,4.813245030688452,4.812624732932417,4.812005188657129,4.811386396262907,4.810768354154937,4.810151060743245,4.8095345144426895,4.808918713672928,4.8083036568584,4.8076893424283185,4.807075768816642,4.806462934462052,4.805850837807948,4.8052394773024085,4.8046288513981965,4.804018958552714,4.803409797228014,4.80280136589075,4.802193663012186,4.801586687068153,4.800980436539058,4.80037490990984,4.79977010566997,4.799166022313424,4.798562658338671,4.797960012248649,4.797358082550752,4.796756867756819,4.796156366383095,4.7955565769502435,4.7949574979833045,4.794359128011691,4.7937614655691645,4.793164509193828,4.792568257428099,4.791972708818697,4.7913778619166205,4.790783715277153,4.79019026745982,4.789597517028376,4.789005462550812,4.788414102599311,4.787823435750244,4.787233460584161,4.786644175685762,4.7860555796438895,4.785467671051504,4.784880448505685,4.7842939106076,4.783122883179673,4.777308354698881
531.65,5.041151816623454,5.031747506020778,5.022497820234033,5.013398335558545,5.004444799038767,4.9956331222883374,4.986959375232594,4.978419779825979,4.9700107037921955,4.961728654429892,4.953570272521199,4.945532326375087,4.93761170603205,4.929805417651651,4.922110578099626,4.914524409746899,4.907044235488951,4.899667473990423,4.8923916351568035,4.885214315832403,4.878133195721593,4.871146033528385,4.864250663308007,4.857444991022867,4.850726991294461,4.844094704342085,4.838849311113,4.838197361331122,4.837546233098879,4.836895924605663,4.836246434046607,4.835597759622566,4.8349498995400815,4.834302852011364,4.833656615254273,4.833011187492275,4.8323665669544456,4.831722751875423,4.8310797404953965,4.830437531060079,4.829796121820679,4.82915551103389,4.828515696961853,4.827876677872144,4.827238452037747,4.826601017737028,4.82596437325372,4.825328516876891,4.824693446900936,4.824059161625535,4.823425659355642,4.822792938401476,4.822160997078467,4.821529833707268,4.820899446613706,4.820269834128788,4.819640994588649,4.819012926334553,4.818385627712866,4.817759097075034,4.817133332777559,4.816508333181986,4.815884096654877,4.81526062156779,4.8146379062972535,4.814015949224771,4.81339474873676,4.812774303224575,4.812154611084454,4.811535670717519,4.81091748052974,4.810300038931939,4.80968334433974,4.809067395173582,4.808452189858669,4.807837726824973,4.807224004507206,4.806611021344805,4.805998775781903,4.805387266267325,4.80477649125456,4.804166449201747,4.803557138571651,4.802948557831643,4.802340705453705,4.80173357991437,4.801127179694744,4.800521503280467,4.799916549161701,4.799312315833108,4.79870880179384,4.798106005547513,4.797503925602195,4.796902560470394,4.796301908669023,4.795701968719404,4.795102739147228,4.794504218482568,4.793906405259834,4.793309298017766,4.792712895299429,4.7921171956521755,4.791522197627646,4.790927899781744,4.790334300674618,4.7897413988706585,4.7891491929384635,4.787966862984762,4.782096484406647
532.15,5.048960280400242,5.0394289310398594,5.03005579366262,5.020836302626991,5.011766069088067,5.002840874701062,4.99405666522476,4.9854095440801665,4.976895765915382,4.968511730222583,4.960253975047657,4.952119170827312,4.944104114383057,4.936205723095953,4.928421029281182,4.920747174776671,4.9131814057558385,4.9057210677708145,4.898363601029026,4.8911065359032735,4.883947488672898,4.8768841574916655,4.869914318576204,4.863035822607605,4.856246591337735,4.849544614391007,4.844244546453911,4.8435858283227695,4.842927946251981,4.842270898385397,4.841614682872816,4.840959297869931,4.8403047415383265,4.8396510120454375,4.838998107564527,4.83834602627467,4.837694766360712,4.837044326013262,4.836394703428659,4.835745896808945,4.835097904361838,4.834450724300723,4.833804354844616,4.833158794218132,4.832514040651482,4.831870092380439,4.831226947646297,4.830584604695886,4.8299430617815124,4.829302317160955,4.828662369097434,4.828023215859597,4.8273848557214825,4.826747286962513,4.8261105078674635,4.825474516726427,4.824839311834828,4.82420489149336,4.82357125400799,4.82293839768992,4.822306320855587,4.821675021826611,4.821044498929804,4.820414750497125,4.819785774865678,4.819157570377668,4.81853013538041,4.81790346822628,4.817277567272705,4.816652430882153,4.816028057422093,4.815404445264988,4.814781592788274,4.814159498374332,4.8135381604104746,4.812917577288923,4.812297747406792,4.811678669166063,4.81106034097357,4.810442761240978,4.80982592838476,4.809209840826193,4.808594496991314,4.80797989531092,4.807366034220547,4.806752912160439,4.806140527575547,4.805528878915497,4.804917964634571,4.804307783191705,4.803698333050448,4.803089612678962,4.80248162054999,4.801874355140849,4.801267814933409,4.80066199841407,4.800056904073751,4.799452530407866,4.798848875916315,4.798245939103457,4.797643718478102,4.79704221255348,4.7964414198472465,4.79584133888144,4.79524196818248,4.794643306281151,4.794045351712576,4.792851558735809,4.7869245414876005
532.65,5.056861761331547,5.047200710051515,5.037701566381202,5.028359617666623,5.019170334278249,5.010129363203665,5.001232521516141,4.992475789777196,4.9838553054271975,4.975367356213203,4.967008373697767,4.958774926886653,4.95066371600781,4.9426715664681335,4.9347954230094855,4.927032344080321,4.919379496434781,4.911834149967111,4.904393672785596,4.897055526527086,4.88981726191051,4.882676514525495,4.875631000850352,4.8686785144921965,4.861816922640818,4.85504416272698,4.8496885706537185,4.849022979512701,4.848358239275339,4.847694348038571,4.847031303905454,4.846369104985157,4.845707749392924,4.845047235250049,4.844387560683854,4.843728723827655,4.843070722820748,4.842413555808367,4.841757220941665,4.841101716377701,4.840447040279394,4.839793190815508,4.839140166160626,4.838487964495129,4.837836584005158,4.837186022882606,4.836536279325078,4.835887351535881,4.835239237723987,4.834591936104014,4.833945444896209,4.833299762326402,4.832654886626016,4.832010816032015,4.831367548786891,4.83072508313864,4.830083417340741,4.829442549652123,4.828802478337163,4.828163201665638,4.827524717912724,4.826887025358955,4.826250122290214,4.825614006997707,4.824978677777939,4.82434413293269,4.823710370768998,4.823077389599143,4.822445187740601,4.821813763516057,4.821183115253357,4.820553241285491,4.819924139950585,4.819295809591873,4.818668248557665,4.818041455201345,4.817415427881333,4.81679016496108,4.816165664809038,4.81554192579864,4.8149189463082855,4.81429672472131,4.813675259425983,4.813054548815467,4.812434591287808,4.811815385245925,4.81119692909757,4.8105792212553276,4.8099622601365875,4.809346044163519,4.808730571763065,4.808115841366916,4.807501851411492,4.806888600337918,4.8062760865920175,4.80566430862429,4.80505326488988,4.80444295384858,4.8038333739647925,4.803224523707526,4.802616401550367,4.802009005971467,4.801402335453532,4.8007963884837865,4.800191163553971,4.799586659160319,4.798982873803541,4.79777745422572,4.791792994691734
533.15,5.064858027844771,5.055064535279386,5.045436758236175,5.035969831798628,5.026659080485072,5.0175000117367325,5.008488309256271,4.999619826257508,4.990890578683405,4.982296738444785,4.973834626726857,4.965500707404743,4.957291580603401,4.949203976431389,4.941234748912428,4.933380870133424,4.925639424622811,4.918007603968707,4.910482701682454,4.903062108309768,4.895743306788734,4.888523868051405,4.881401446863725,4.874373777896772,4.867438672021037,4.860594012814456,4.855182029212537,4.854509458198826,4.853837753274137,4.853166912487031,4.852496933892395,4.851827815551442,4.851159555531656,4.850492151906783,4.849825602756786,4.849159906167835,4.848495060232274,4.847831063048584,4.84716791272137,4.8465056073613235,4.845844145085205,4.845183524015812,4.84452374228195,4.843864798018411,4.843206689365955,4.84254941447126,4.841892971486924,4.841237358571423,4.840582573889094,4.839928615610099,4.83927548191041,4.838623170971779,4.837971680981722,4.837321010133477,4.836671156625995,4.836022118663914,4.835373894457521,4.834726482222751,4.834079880181139,4.833434086559813,4.832789099591464,4.832144917514327,4.831501538572146,4.8308589610141635,4.830217183095096,4.829576203075099,4.828936019219764,4.828296629800073,4.827658033092401,4.827020227378467,4.826383210945335,4.82574698208538,4.825111539096265,4.824476880280918,4.823843003947527,4.823209908409495,4.822577591985431,4.8219460529991345,4.821315289779559,4.820685300660794,4.820056083982062,4.8194276380876735,4.818799961327019,4.818173052054548,4.8175469086297475,4.816921529417113,4.8162969127861475,4.815673057111321,4.815049960772064,4.814427622152736,4.813806039642621,4.813185211635894,4.812565136531613,4.8119458127336765,4.811327238650842,4.810709412696669,4.810092333289523,4.809475998852548,4.808860407813654,4.808245558605491,4.807631449665418,4.807018079435524,4.806405446362567,4.8057935488979755,4.805182385497837,4.804571954622855,4.8039622547383525,4.802745041825058,4.796702320978978
533.65,5.072950897199745,5.06302214514072,5.0532630327681405,5.043668537473604,5.034233832678632,5.02495428122486,5.015825428588024,5.0068429959787055,4.998002873389941,4.98930111264742,4.980733920512748,4.972297651884391,4.9639888031348285,4.955804005616476,4.9477400193630245,4.939793727007355,4.931962127931961,4.924242332663278,4.916631557516965,4.909127119497672,4.901726431453426,4.894426997482201,4.887226408585885,4.880122338564955,4.87311254014577,4.866194841331176,4.860725580359125,4.860045920348601,4.859367141964295,4.858689243204895,4.8580122220756365,4.857336076588284,4.8566608047610895,4.855986404618787,4.855312874192524,4.85464021151988,4.853968414644798,4.853297481617577,4.852627410494845,4.851958199339514,4.851289846220777,4.850622349214051,4.849955706400982,4.849289915869388,4.848624975713252,4.847960884032686,4.8472976389339015,4.8466352385292,4.8459736809369165,4.845312964281427,4.844653086693092,4.843994046308258,4.843335841269203,4.84267846972414,4.842021929827167,4.8413662197382585,4.840711337623227,4.8400572816537135,4.839404050007145,4.838751640866722,4.838100052421386,4.837449282865815,4.836799330400356,4.836150193231055,4.835501869569588,4.834854357633262,4.834207655644984,4.83356176183324,4.832916674432063,4.8322723916810215,4.831628911825189,4.83098623311512,4.830344353806833,4.829703272161782,4.829062986446839,4.828423494934265,4.827784795901694,4.827146887632103,4.826509768413802,4.825873436540404,4.825237890310798,4.824603128029135,4.8239691480048075,4.8233359485524225,4.822703527991785,4.822071884647872,4.821441016850812,4.820810922935871,4.820181601243422,4.819553050118931,4.8189252679129275,4.818298252981001,4.817672003683764,4.817046518386838,4.816421795460828,4.8157978332813185,4.815174630228832,4.814552184688826,4.813930495051662,4.8133095597125966,4.81268937707175,4.812069945534092,4.811451263509434,4.810833329412387,4.8102161416623614,4.809599698683539,4.808983998904855,4.807754822687317,4.801653005713878
534.15,5.081142237161515,5.071075325820493,5.061182098692085,5.051457369862426,5.041896156229429,5.032493670802375,5.023245315797335,5.01414667559348,5.005193509613177,4.996381745184863,4.987707470442605,4.979166927310437,4.970756504613407,4.962472731351096,4.954312270163109,4.946271911010389,4.938348565090646,4.930539259001161,4.92284112915789,4.915251416475559,4.907767461310224,4.900386698662502,4.893106653637436,4.8859249371546385,4.878839241900859,4.871847338515743,4.866319895382743,4.865633034928985,4.864947072000591,4.8642620045448135,4.863577830515696,4.8628945478740215,4.862212154587284,4.861530648629675,4.860850027982035,4.860170290631829,4.859491434573121,4.858813457806539,4.858136358339248,4.857460134184925,4.85678478336372,4.856110303902236,4.855436693833496,4.854763951196914,4.854092074038273,4.853421060409682,4.852750908369574,4.852081615982645,4.851413181319856,4.850745602458383,4.850078877481612,4.849413004479087,4.848747981546502,4.848083806785675,4.847420478304492,4.846757994216926,4.846096352642976,4.845435551708653,4.844775589545951,4.8441164642928305,4.8434581740931755,4.842800717096789,4.842144091459346,4.841488295342385,4.840833326913274,4.84017918434519,4.839525865817092,4.838873369513692,4.838221693625448,4.83757083634851,4.836920795884724,4.836271570441593,4.835623158232258,4.834975557475474,4.83432876639558,4.833682783222486,4.833037606191642,4.832393233544019,4.831749663526083,4.831106894389773,4.830464924392479,4.829823751797019,4.829183374871614,4.8285437918898735,4.827905001130759,4.827267000878578,4.826629789422948,4.825993365058788,4.825357726086283,4.82472287081087,4.824088797543224,4.823455504599218,4.822822990299914,4.8221912529715425,4.821560290945478,4.820930102558221,4.820300686151371,4.819672040071609,4.8190441626706795,4.818417052305375,4.817790707337501,4.817165126133865,4.8165403070662585,4.81591624851143,4.815292948851074,4.814670406471802,4.8140486197651295,4.812807306960039,4.806645542865746
534.65,5.0894339677366975,5.079225912905281,5.06919571143381,5.059338008300004,5.0496476582641385,5.040119719085642,5.03074944450649,5.02153227706826,5.012463840828217,5.0035399340366515,4.99475652183285,4.986109729011322,4.977595832903786,4.969211256415924,4.960952561251686,4.952816441351629,4.944799716566204,4.9368993265794305,4.929112325093607,4.9214358742814905,4.913867239508422,4.906403784323786,4.899042965718278,4.891782329641283,4.884619506770686,4.877552208526042,4.8719656589753635,4.871271484246676,4.870578223314896,4.869885874074252,4.869194434425979,4.868503902278283,4.867814275546325,4.867125552152179,4.866437730024798,4.86575080709999,4.8650647813203864,4.864379650635402,4.863695413001214,4.8630120663807315,4.862329608743555,4.861648038065958,4.860967352330852,4.860287549527754,4.859608627652763,4.858930584708525,4.858253418704206,4.857577127655464,4.856901709584421,4.856227162519628,4.855553484496041,4.854880673555,4.854208727744187,4.853537645117603,4.852867423735546,4.852198061664579,4.8515295569774946,4.8508619077533055,4.850195112077203,4.849529168040533,4.84886407374077,4.848199827281499,4.847536426772369,4.846873870329086,4.846212156073376,4.845551282132967,4.844891246641553,4.844232047738777,4.8435736835702,4.842916152287282,4.842259452047349,4.841603581013571,4.840948537354943,4.840294319246244,4.839640924868033,4.838988352406614,4.838336600054007,4.837685666007931,4.837035548471779,4.836386245654597,4.835737755771048,4.835090077041401,4.834443207691506,4.833797145952761,4.833151890062104,4.832507438261973,4.831863788800298,4.83122093993047,4.830578889911318,4.829937637007092,4.829297179487436,4.828657515627364,4.828018643707245,4.827380562012775,4.826743268834958,4.826106762470079,4.825471041219696,4.824836103390592,4.8242019472947915,4.823568571249505,4.8229359735771204,4.822304152605192,4.821673106666399,4.82104283409855,4.8204133332445345,4.819784602452321,4.819156640074939,4.817903014001906,4.811680435214449
535.15,5.09782806297603,5.087475793079462,5.077305674724948,5.067312177784104,5.057489989073063,5.047834005493849,5.0383393269128804,5.029001248844436,5.019815255006946,5.010777009817238,5.001882350883582,4.993127281552838,4.984507963560802,4.976020709828296,4.967661977439031,4.959428360828814,4.951316585209632,4.943323500246438,4.935446073999359,4.927681387139348,4.920026627441249,4.9124790845546595,4.905036145049962,4.897695287734321,4.890454079230426,4.883310169809012,4.877663569584531,4.876961964298917,4.876261289465,4.875561542922291,4.874862722517562,4.874164826104797,4.873467851545171,4.872771796707009,4.8720766594657565,4.871382437703944,4.870689129311161,4.869996732184019,4.869305244226118,4.868614663348015,4.867924987467196,4.867236214508047,4.866548342401802,4.865861369086548,4.865175292507162,4.864490110615296,4.863805821369339,4.8631224227343965,4.862439912682248,4.861758289191326,4.861077550246681,4.860397693839959,4.859718717969367,4.859040620639637,4.858363399862013,4.857687053654207,4.857011580040378,4.856336977051105,4.8556632427233515,4.854990375100441,4.854318372232039,4.853647232174102,4.85297695298887,4.8523075327448355,4.8516389695167055,4.8509712613853875,4.850304406437956,4.849638402767629,4.84897324847373,4.848308941661682,4.847645480442965,4.846982862935088,4.8463210872615825,4.845660151551952,4.845000053941662,4.8443407925721145,4.843682365590613,4.843024771150341,4.842368007410348,4.841712072535506,4.841056964696498,4.840402682069786,4.839749222837596,4.839096585187882,4.838444767314307,4.837793767416227,4.837143583698648,4.836494214372221,4.8358456576532065,4.83519791176346,4.834550974930404,4.833904845386999,4.833259521371731,4.832615001128585,4.831971282907016,4.831328364961935,4.830686245553683,4.83004492294801,4.829404395416044,4.828764661234283,4.828125718684566,4.827487566054045,4.826850201635176,4.826213623725687,4.825577830628563,4.82494282065202,4.824308592109487,4.82304247260609,4.816758194562067
535.65,5.106326552845712,5.0958269058860655,5.085513842258783,5.075381650531353,5.065424843571272,5.05563815162019,5.046016515074912,5.036555077043648,5.027249175747279,5.018094336833615,5.009086265668847,5.000220839665161,4.991494100697366,4.982902247654726,4.974441629167491,4.966108736540927,4.9579001969232195,4.949812766727692,4.941843325324199,4.9339888690096405,4.92624650526303,4.918613447286809,4.911087008832612,4.9036645993070875,4.896343719150873,4.889121955482094,4.883414339777286,4.882705185135326,4.881996977994282,4.881289716137221,4.880583397354725,4.8798780194448375,4.8791735802130445,4.878470077472228,4.877767509042638,4.8770658727518565,4.876365166434765,4.875665387933508,4.874966535097466,4.874268605783205,4.873571597854469,4.872875509182129,4.87218033764415,4.871486081125575,4.8707927375184665,4.8701003047219,4.869408780641918,4.8687181631915015,4.868028450290535,4.867339639865784,4.866651729850856,4.8659647181861745,4.865278602818942,4.8645933817031155,4.8639090527993725,4.863225614075085,4.862543063504287,4.8618613990676405,4.861180618752416,4.860500720552448,4.859821702468122,4.859143562506342,4.858466298680487,4.8577899090104015,4.857114391522357,4.8564397442490215,4.85576596522944,4.855093052508998,4.854421004139401,4.85374981817864,4.853079492690972,4.852410025746877,4.851741415423057,4.851073659802383,4.850406756973882,4.8497407050327075,4.84907550208011,4.84841114622342,4.847747635576009,4.847084968257273,4.846423142392606,4.845762156113361,4.8451020075568465,4.84444269486629,4.843784216190803,4.843126569685374,4.8424697535108345,4.841813765833827,4.841158604826802,4.840504268667965,4.839850755541276,4.839198063636413,4.838546191148755,4.837895136279348,4.837244897234894,4.8365954722277165,4.83594685947574,4.835299057202475,4.834652063636983,4.8340058770138565,4.833360495573206,4.832715917560618,4.832072141227154,4.831429164829308,4.830786986629,4.830145604893547,4.829505017895639,4.82822622122996,4.821879341950537
536.15,5.114931525170452,5.104281245555037,5.093822119409455,5.083548247592744,5.07345396281567,5.063533822655471,5.053782602247117,5.044195286719156,5.034767063445433,5.025493314183069,5.016369607164311,5.007391689204756,4.998555477884688,4.989857053853472,4.981292653300191,4.972858660626633,4.964551601352213,4.956368135273908,4.948305049898544,4.940359254159365,4.932527772424071,4.924807738797318,4.917196391717036,4.909691068840848,4.902289202216349,4.894988313726869,4.889218696615577,4.888501871231074,4.887786010802734,4.887071113055379,4.886357175721611,4.8856441965417545,4.8849321732638336,4.884221103643534,4.883510985444159,4.882801816436599,4.882093594399305,4.881386317118235,4.880679982386832,4.879974588005989,4.879270131784005,4.878566611536561,4.877864025086681,4.877162370264696,4.876461644908218,4.875761846862102,4.875062973978399,4.874365024116356,4.873667995142343,4.872971884929856,4.872276691359459,4.871582412318768,4.870889045702405,4.870196589411982,4.86950504135605,4.868814399450093,4.86812466161647,4.867435825784395,4.866747889889919,4.866060851875876,4.865374709691866,4.864689461294226,4.864005104645993,4.8633216377168775,4.862639058483234,4.861957364928032,4.861276555040821,4.860596626817712,4.859917578261339,4.859239407380833,4.858562112191794,4.857885690716261,4.857210140982686,4.856535461025908,4.855861648887112,4.855188702613821,4.854516620259858,4.853845399885308,4.853175039556513,4.852505537346025,4.851836891332593,4.851169099601128,4.850502160242681,4.849836071354408,4.849170831039563,4.848506437407445,4.847842888573392,4.847180182658751,4.8465183177908475,4.845857292102963,4.84519710373431,4.8445377508300105,4.843879231541058,4.843221544024308,4.842564686442445,4.841908656963961,4.841253453763125,4.840599075019969,4.839945518920254,4.839292783655448,4.838640867422713,4.837989768424861,4.837339484870352,4.836690014973251,4.836041356953223,4.835393509035494,4.834746469450836,4.833454808231419,4.827044407885536
536.65,5.123645127651243,5.112840862901599,5.10223246501699,5.091813840531082,5.081579135580194,5.071522728866289,5.06163922426633,5.051923443155009,5.042370416512902,5.032975376892663,5.023733750313828,5.014641148152466,5.005693359086184,4.996886341148387,4.988216213938751,4.979679251029661,4.971271872601395,4.962990638332199,4.954832240563101,4.946793497751686,4.938871348223842,4.931062844228025,4.9233651462926,4.915775517883441,4.908291320356201,4.900910008195276,4.8950773820435645,4.894352761871907,4.89362912452969,4.892906467681625,4.892184789000471,4.8914640861669865,4.8907443568699005,4.890025598805871,4.88930780967944,4.888590987203011,4.887875129096798,4.887160233088796,4.886446296914736,4.885733318318068,4.885021295049904,4.8843102248689885,4.883600105541668,4.882890934841852,4.882182710550973,4.881475430457962,4.880769092359204,4.8800636940585065,4.879359233367065,4.8786557081034365,4.877953116093491,4.877251455170384,4.87655072317453,4.875850917953559,4.875152037362298,4.874454079262711,4.8737570415238896,4.873060922022023,4.872365718640344,4.8716714292691226,4.870978051805603,4.8702855841540105,4.869594024225484,4.868903369938066,4.868213619216672,4.867524769993043,4.866836820205728,4.866149767800055,4.86546361072809,4.8647783469486185,4.86409397442711,4.863410491135683,4.862727895053086,4.862046184164668,4.8613653564623265,4.860685409944514,4.860006342616182,4.85932815248877,4.858650837580156,4.857974395914655,4.857298825522967,4.856624124442164,4.855950290715654,4.855277322393156,4.854605217530674,4.853933974190474,4.853263590441042,4.852594064357071,4.851925394019436,4.851257577515146,4.850590612937352,4.849924498385287,4.849259231964258,4.848594811785618,4.847931235966739,4.847268502630985,4.846606609907684,4.845945555932111,4.845285338845459,4.844625956794806,4.843967407933103,4.843309690419138,4.842652802417523,4.8419967420986545,4.841341507638708,4.840687097219596,4.840033509028951,4.838728792112079,4.83225393256674
537.15,5.132469569960906,5.121507867297608,5.1107468932409175,5.100180353162749,5.08980219999142,5.079606627129895,5.0695880609910615,5.059741153214969,5.050060772639964,5.040541997102152,5.031180105136496,5.0219705676493,5.012909039626443,5.0039913519353005,4.995213503271232,4.98657165229217,4.978062109977607,4.96968133224125,4.961425912820052,4.953292576456216,4.945278172383278,4.9373796681225,4.929594143591455,4.9219187855230855,4.9143508821903295,4.9068878184288955,4.900991153287204,4.900258611551364,4.899527070948691,4.898796529081859,4.898066983561847,4.897338432007934,4.896610872047646,4.895884301316716,4.895158717459049,4.894434118126671,4.893710500979711,4.892987863686341,4.892266203922751,4.891545519373112,4.890825807729522,4.890107066691992,4.889389293968386,4.888672487274403,4.887956644333528,4.887241762876995,4.886527840643764,4.885814875380466,4.885102864841378,4.884391806788392,4.883681698990962,4.882972539226091,4.882264325278281,4.881557054939497,4.880850726009146,4.880145336294026,4.879440883608303,4.878737365773475,4.878034780618337,4.877333125978945,4.8766323996985825,4.875932599627745,4.875233723624072,4.874535769552348,4.873838735284453,4.873142618699332,4.872447417682968,4.87175313012834,4.871059753935409,4.870367287011069,4.869675727269118,4.868985072630242,4.868295321021965,4.8676064703786315,4.866918518641366,4.866231463758058,4.8655453036833105,4.864860036378425,4.864175659811372,4.863492171956753,4.862809570795781,4.8621278543162365,4.86144702051246,4.860767067385305,4.8600879929421135,4.85940979519669,4.858732472169282,4.85805602188653,4.8573804423814595,4.856705731693444,4.8560318878681805,4.85535890895766,4.854686793020141,4.854015538120125,4.853345142328325,4.852675603721638,4.852006920383127,4.851339090401986,4.850672111873518,4.8500059828991064,4.849340701586189,4.848676266048234,4.848012674404719,4.847349924781089,4.8466880153087555,4.846026944125047,4.845366709373204,4.844048741767417,4.837508466124696
537.65,5.1414071259208916,5.130284428719011,5.119367475485251,5.108649763366551,5.098125045227153,5.087787322528131,5.077630837796223,5.067650066743323,5.057839710107656,5.048194685292173,5.038710117875939,5.029381333071544,5.020203847196745,5.011173359222405,5.00228574245158,4.993537036377364,4.984923438759373,4.976441297951627,4.9680871055074585,4.959857489080769,4.951749205636931,4.943759134981451,4.935884273609827,4.928121728877996,4.920468713489404,4.912922540291861,4.906960783266718,4.906220190380738,4.905480617374997,4.904742061788085,4.904004521167218,4.9032679930682015,4.902532475055373,4.9017979647015775,4.901064459588115,4.900331957304707,4.899600455449446,4.898869951628774,4.898140443457416,4.897411928558369,4.896684404562836,4.895957869110205,4.895232319848004,4.894507754431857,4.89378417052546,4.89306156580052,4.892339937936738,4.8916192846217665,4.890899603551158,4.890180892428347,4.889463148964609,4.888746370878996,4.88803055589835,4.887315701757223,4.886601806197859,4.885888866970164,4.885176881831653,4.884465848547426,4.883755764890135,4.88304662863994,4.882338437584485,4.881631189518846,4.88092488224552,4.880219513574369,4.879515081322607,4.87881158331474,4.878109017382562,4.877407381365096,4.876706673108582,4.876006890466423,4.8753080312991735,4.874610093474491,4.873913074867117,4.873216973358827,4.872521786838419,4.8718275132016675,4.8711341503513,4.870441696196956,4.869750148655171,4.869059505649333,4.868369765109654,4.867680924973148,4.866992983183586,4.866305937691481,4.865619786454051,4.8649345274351825,4.864250158605412,4.8635666779419005,4.862884083428382,4.862202373055162,4.861521544819068,4.8608415967234295,4.860162526778056,4.85948433299919,4.858807013409499,4.858130566038035,4.857454988920214,4.856780280097778,4.8561064376187835,4.855433459537562,4.854761343914696,4.85409008881699,4.85341969231745,4.852750152495255,4.852081467435724,4.851413635230293,4.8507466539765,4.849415236744257,4.84280856886453
538.15,5.15046013576283,5.13917277987259,5.128096342397781,5.117224104962258,5.106549613280408,5.096066670002744,5.08576932712538,5.075651878019536,5.065708849150155,5.0559349915595115,5.046325272193493,5.036874865146754,5.027579142898629,5.018433667605944,5.009434182511882,5.000576603522484,4.99185701099467,4.9832716417721095,4.974816881497783,4.966489257225461,4.958285430345791,4.950202189837243,4.94223644584697,4.9343852236023515,4.926645657650238,4.919014986417776,4.912987061022239,4.91223828451219,4.9114905470861085,4.910743846216422,4.909998179384499,4.909253544080591,4.908509937803798,4.907767358062033,4.907025802371958,4.906285268258965,4.905545753257115,4.904807254909109,4.904069770766229,4.903333298388328,4.902597835343749,4.901863379209315,4.901129927570269,4.900397478020244,4.899666028161224,4.898935575603494,4.898206117965603,4.897477652874337,4.896750177964663,4.896023690879701,4.8952981892706715,4.89457367079688,4.893850133125656,4.893127573932327,4.892405990900178,4.891685381720414,4.890965744092122,4.890247075722234,4.889529374325493,4.888812637624406,4.888096863349229,4.887382049237905,4.886668193036047,4.885955292496891,4.8852433453812685,4.88453234945757,4.883822302501702,4.883113202297065,4.882405046634508,4.881697833312297,4.8809915601360885,4.880286224918881,4.879581825480992,4.878878359650026,4.8781758252608345,4.877474220155487,4.876773542183235,4.876073789200481,4.875374959070748,4.874677049664647,4.873980058859838,4.87328398454101,4.872588824599838,4.871894576934959,4.871201239451941,4.870508810063243,4.869817286688199,4.869126667252972,4.868436949690536,4.867748131940631,4.867060211949753,4.8663731876711145,4.865687057064596,4.865001818096759,4.8643174687407695,4.863634006976406,4.862951430790012,4.86226973817447,4.86158892712917,4.860908995659993,4.860229941779269,4.859551763505757,4.858874458864619,4.858198025887379,4.857522462611912,4.856847767082407,4.856173937349339,4.854828867505718,4.848154811516657
538.65,5.15963100847868,5.148175218405447,5.136935685946872,5.1259054696618005,5.115077900791561,5.104446576074628,5.094005350102949,5.083748327269033,5.073669853369659,5.063764506941388,5.054027090407116,5.044452621112377,5.0350363223270795,5.025773614282758,5.016660105308793,5.00769158312351,4.99886400632806,4.990173496143231,4.981616328421579,4.973188925960053,4.9648878511316274,4.956709798848311,4.948651589862566,4.940710164409341,4.932882576186932,4.925165986671323,4.919070792153287,4.918313696575521,4.917557659755931,4.916802679098614,4.916048752016912,4.915295875933388,4.914544048279764,4.91379326649689,4.913043528034686,4.912294830352115,4.911547170917116,4.910800547206578,4.910054956706287,4.909310396910892,4.908566865323846,4.907824359457374,4.907082876832436,4.906342414978669,4.905602971434353,4.904864543746378,4.904127129470177,4.903390726169717,4.902655331417433,4.9019209427942,4.901187557889286,4.900455174300314,4.8997237896332235,4.89899340150223,4.8982640075297805,4.8975356053465235,4.8968081925912665,4.896081766910922,4.895356325960504,4.894631867403053,4.893908388909613,4.893185888159203,4.892464362838768,4.8917438106431375,4.891024229274999,4.89030561644486,4.889587969871005,4.888871287279467,4.88815556640398,4.887440804985957,4.886727000774445,4.886014151526091,4.885302255005109,4.884591308983243,4.883881311239737,4.883172259561292,4.882464151742038,4.881756985583497,4.881050758894554,4.880345469491417,4.879641115197583,4.878937693843815,4.8782352032680985,4.877533641315609,4.8768330058386855,4.876133294696801,4.875434505756512,4.874736636891446,4.874039685982267,4.873343650916632,4.87264852958917,4.871954319901448,4.871261019761942,4.870568627086,4.8698771397958165,4.86918655582041,4.868496873095572,4.867808089563855,4.867120203174537,4.86643321188359,4.865747113653651,4.865061906453998,4.864377588260513,4.863694157055657,4.863011610828442,4.8623299475744055,4.861649165295572,4.8602902357039195,4.853547775494775
539.15,5.168922224263476,5.157294109200838,5.145887761578972,5.134696009096083,5.123711960951393,5.112929000629543,5.102340778208707,5.091941202232385,5.081724431205857,5.071684864790802,5.06181713477794,5.052116095918716,5.0425768166950355,5.033194570101173,5.023964824505574,5.014883234652885,5.0059456328584115,4.997148020439123,4.98848655941733,4.979957564525512,4.971557495533702,4.963282949914278,4.95513065585324,4.947097465611901,4.939180349238452,4.931376388625039,4.92521279927252,4.924447246129144,4.923682771902971,4.922919373927476,4.922157049545746,4.9213957961104065,4.92063561098359,4.91987649153688,4.919118435151254,4.918361439217063,4.9176055011339646,4.91685061831088,4.916096788165952,4.915344008126503,4.914592275628982,4.913841588118918,4.913091943050882,4.91234333788845,4.911595770104134,4.9108492371793675,4.91010373660444,4.909359265878461,4.908615822509326,4.907873404013657,4.907132007916777,4.906391631752649,4.9056522730638585,4.904913929401542,4.904176598325374,4.903440277403514,4.902704964212553,4.9019706563375,4.9012373513717185,4.900505046916895,4.899773740583007,4.899043429988263,4.898314112759087,4.897585786530064,4.896858448943903,4.896132097651409,4.895406730311427,4.894682344590823,4.893958938164429,4.893236508715023,4.892515053933271,4.891794571517709,4.8910750591747005,4.890356514618388,4.889638935570674,4.8889223197611775,4.8882066649271945,4.887491968813673,4.886778229173159,4.886065443765781,4.88535361035921,4.884642726728612,4.88393279065663,4.883223799933343,4.882515752356227,4.881808645730132,4.8811024778672385,4.880397246587028,4.8796929497162544,4.878989585088899,4.878287150546154,4.877585643936371,4.87688506311505,4.876185405944784,4.87548667029525,4.8747888540431585,4.8740919550722355,4.873395971273182,4.872700900543648,4.872006740788199,4.871313489918285,4.870621145852211,4.869929706515114,4.869239169838916,4.8685495337623035,4.867860796230711,4.867172955196262,4.865799954460671,4.858988053161343
539.65,5.178336337055135,5.1665318867642585,5.154954890460395,5.143597936920666,5.132453905478046,5.121515958773123,5.11077753501723,5.100232339795247,5.089874337462318,5.079697742205012,5.069697008846426,5.05986682347815,5.0502020940008965,5.040697940651913,5.031349686591255,5.022152848611627,5.013103128028498,5.0041964017988585,4.995428713908642,4.9867962670608375,4.978295414688848,4.969922653312642,4.961674615249029,4.953548061681889,4.945539876093221,4.93764705805186,4.9314139224743325,4.930639770125817,4.9298667173531605,4.929094761416889,4.928323899587487,4.92755412914533,4.926785447380642,4.926017851593442,4.925251339093497,4.924485907200279,4.9237215532429035,4.922958274560092,4.922196068500119,4.921434932420769,4.920674863689279,4.91991585968231,4.919157917785878,4.918401035395321,4.917645209915255,4.916890438759521,4.9161367193511385,4.915384049122264,4.914632425514153,4.9138818459771,4.913132307970406,4.912383808962326,4.911636346430038,4.910889917859586,4.91014452074584,4.909400152592459,4.908656810911842,4.907914493225086,4.907173197061954,4.906432919960814,4.905693659468614,4.904955413140838,4.904218178541453,4.903481953242886,4.90274673482597,4.902012520879908,4.901279309002235,4.900547096798776,4.899815881883608,4.899085661879016,4.8983564344154615,4.897628197131543,4.896900947673946,4.896174683697417,4.895449402864732,4.89472510284663,4.894001781321809,4.893279435976869,4.89255806450628,4.891837664612343,4.891118234005163,4.890399770402597,4.889682271530228,4.888965735121334,4.888250158916838,4.887535540665287,4.886821878122805,4.886109169053067,4.88539741122726,4.884686602424047,4.883976740429543,4.883267823037265,4.882559848048104,4.881852813270311,4.8811467165194244,4.880441555618275,4.879737328396929,4.879034032692665,4.878331666349944,4.877630227220366,4.8769297131626494,4.876230122042592,4.875531451733045,4.874833700113876,4.8741368650719386,4.873440944501047,4.872745936301937,4.871358648656459,4.864476248100799
540.15,5.187875977175913,5.175891057703901,5.164139461807038,5.152613531003614,5.141305906670863,5.130209522757907,5.119317598004816,5.108623627681552,5.098121374892021,5.087804861509296,5.077668358820112,5.06770637796246,5.0579136602407955,5.048285167400576,5.038816071938436,5.029501747517305,5.020337759547783,5.011319855988525,5.00244395840979,4.9937061533561,4.985102684035762,4.976629942357868,4.96828446133056,4.960062907828399,4.9519620757314415,4.94397887943408,4.93767501981887,4.936892123393593,4.936110347717873,4.935329689976839,4.934550147365934,4.933771717090874,4.932994396367575,4.9322181824221145,4.931443072490667,4.930669063819474,4.929896153664771,4.92912433929275,4.928353617979504,4.927583987010981,4.9268154436829334,4.926047985300867,4.9252816091799945,4.9245163126451805,4.923752093030902,4.922988947681201,4.922226873949629,4.921465869199197,4.920705930802344,4.919947056140878,4.919189242605929,4.918432487597916,4.917676788526481,4.916922142810455,4.916168547877823,4.915416001165655,4.91466450012008,4.913914042196239,4.913164624858228,4.912416245579076,4.911668901840679,4.910922591133781,4.910177310957894,4.909433058821304,4.9086898322409915,4.907947628742599,4.907206445860393,4.906466281137226,4.905727132124485,4.904988996382055,4.904251871478284,4.90351575498993,4.902780644502133,4.902046537608366,4.901313431910407,4.900581325018282,4.899850214550245,4.89912009813272,4.89839097340028,4.897662837995597,4.896935689569409,4.896209525780479,4.895484344295563,4.8947601427893614,4.8940369189444946,4.893314670451456,4.892593395008585,4.891873090322018,4.891153754105667,4.890435384081171,4.889717977977866,4.889001533532752,4.888286048490444,4.887571520603159,4.886857947630666,4.886145327340251,4.885433657506689,4.884722935912207,4.884013160346453,4.883304328606454,4.88259643849659,4.881889487828562,4.881183474421352,4.880478396101192,4.87977425070154,4.879071036063033,4.878368750033469,4.876966955227923,4.870012975400757
540.65,5.197543854080675,5.185374203309971,5.173443935306037,5.161745135699136,5.150270199544494,5.139011823985524,5.127963000426812,5.117117006212579,5.106467395844511,5.096007991798393,5.085732875015191,5.075636375150287,5.065713060667626,5.055957728863614,5.046365395901402,5.0369312869293825,5.027650826349861,5.01851962829534,5.0095334873609465,5.000688369632929,4.991980404044661,4.983405874083895,4.9749612098678275,4.966642980596054,4.958447887385857,4.950372756489335,4.943996967832051,4.943205179132761,4.942414532887711,4.941625026204102,4.940836656199818,4.94004942000339,4.939263314753937,4.938478337601112,4.937694485705038,4.936911756236271,4.936130146375734,4.935349653314669,4.93457027425459,4.933792006407216,4.933014846994438,4.932238793248252,4.931463842410716,4.930689991733896,4.9299172384798196,4.929145579920418,4.928375013337484,4.927605536022619,4.926837145277187,4.926069838412254,4.925303612748557,4.924538465616448,4.923774394355838,4.92301139631616,4.922249468856319,4.921488609344645,4.92072881515884,4.919970083685945,4.919212412322279,4.9184557984734045,4.9177002395540725,4.916945732988191,4.916192276208761,4.915439866657848,4.914688501786538,4.913938179054871,4.913188895931827,4.91244064989527,4.911693438431892,4.910947259037196,4.910202109215427,4.909457986479552,4.908714888351204,4.907972812360643,4.907231756046716,4.90649171695682,4.905752692646846,4.905014680681165,4.904277678632555,4.9035416840821835,4.902806694619568,4.902072707842519,4.9013397213571155,4.900607732777663,4.8998767397266505,4.899146739834717,4.898417730740611,4.897689710091147,4.896962675541179,4.896236624753552,4.8955115553990725,4.894787465156466,4.894064351712342,4.893342212761161,4.892621046005193,4.891900849154474,4.891181619926797,4.890463356047639,4.889746055250161,4.889029715275148,4.888314333870984,4.887599908793614,4.886886437806514,4.886173918680658,4.88546234919447,4.884751727133806,4.884042050291916,4.882625523474199,4.875598861941475
541.15,5.207342759217384,5.194983982237511,5.182870843633472,5.170995164210712,5.159349084046569,5.147925055087076,5.1367158332681,5.125714470134576,5.1149143039772325,5.104308950537825,5.09389229335401,5.083658473826819,5.073601881098605,5.063717141829404,5.0539991099562,5.04444285651349,5.0350436595859085,5.025796994455139,5.01669852399423,5.00774408935347,4.998929700973232,4.990251529950902,4.981705899781417,4.973289278484006,4.964998271121643,4.956829612714313,4.950380662022246,4.949579829429208,4.948780161542659,4.947981655389206,4.947184308006552,4.94638811644344,4.945593077759586,4.94479918902564,4.944006447323117,4.943214849744334,4.942424393392376,4.94163507538102,4.940846892834689,4.940059842888407,4.939273922687724,4.9384891293886755,4.937705460157731,4.9369229121717275,4.936141482617834,4.935361168693487,4.934581967606346,4.933803876574229,4.933026892825076,4.932251013596889,4.931476236137683,4.930702557705439,4.92992997556805,4.929158487003266,4.928388089298659,4.927618779751564,4.926850555669019,4.926083414367749,4.925317353174083,4.924552369423926,4.923788460462704,4.92302562364532,4.9222638563361025,4.921503155908767,4.920743519746366,4.919984945241231,4.919227429794946,4.918470970818293,4.9177155657312035,4.9169612119627235,4.916207906950952,4.915455648143016,4.9147044329950145,4.91395425897198,4.913205123547831,4.912457024205332,4.911709958436049,4.91096392374031,4.910218917627155,4.909474937614305,4.908731981228111,4.907990046003516,4.907249129484022,4.906509229221626,4.9057703427768065,4.905032467718465,4.904295601623893,4.903559742078732,4.902824886676933,4.902091033020719,4.901358178720535,4.90062632139503,4.899895458670996,4.8991655881833465,4.898436707575076,4.89770881449721,4.8969819066087785,4.896255981576778,4.895531037076132,4.894807070789653,4.8940840804080095,4.893362063629688,4.89264101816095,4.891920941715818,4.8912018320160096,4.89048368679092,4.889766503777593,4.8883350153723555,4.881234546693825
541.65,5.217275569005834,5.20472313329803,5.192422795072762,5.180366101047838,5.168544927362688,5.156951472085083,5.145578247269971,5.134418070517757,5.123464056033641,5.112709605227712,5.102148396920976,5.091774377237851,5.081581749273538,5.071564962626528,5.061718702884482,5.052037881146264,5.042517623655771,5.033153261614672,5.02394032123196,5.014874514059085,5.005951727650065,4.997168016577485,4.9885195938271325,4.980002822586544,4.971614208436282,4.963350391946861,4.956827017414226,4.956016985785016,4.95520814167927,4.954400482040257,4.9535940038227615,4.952788703993016,4.951984579528647,4.951181627418611,4.950379844663141,4.9495792282736755,4.948779775272824,4.947981482694285,4.947184347582798,4.946388366994091,4.945593537994816,4.944799857662502,4.944007323085483,4.94321593136286,4.942425679604438,4.941636564930668,4.940848584472597,4.940061735371812,4.939276014780388,4.938491419860833,4.937707947786031,4.936925595739194,4.936144360913817,4.935364240513602,4.934585231752433,4.933807331854313,4.933030538053301,4.932254847593489,4.931480257728923,4.930706765723572,4.929934368851273,4.929163064395668,4.92839284965018,4.927623721917948,4.926855678511777,4.926088716754095,4.925322833976905,4.924558027521742,4.923794294739614,4.923031632990964,4.922270039645616,4.921509512082743,4.9207500476908015,4.919991643867504,4.919234298019757,4.918478007563634,4.917722769924308,4.916968582536031,4.916215442842078,4.915463348294694,4.914712296355068,4.9139622844932775,4.913213310188256,4.912465370927734,4.911718464208215,4.910972587534917,4.910227738421742,4.909483914391233,4.908741112974523,4.907999331711305,4.907258568149787,4.906518819846651,4.905780084367011,4.905042359284377,4.904305642180617,4.903569930645903,4.90283522227869,4.902101514685671,4.901368805481734,4.900637092289925,4.8999063727414125,4.899176644475445,4.898447905139327,4.897720152388355,4.896993383885805,4.896267597302889,4.89554279031871,4.894096105902248,4.886920681026077
542.15,5.227345247941101,5.214594478365398,5.202102476238497,5.1898605045805475,5.177860166312475,5.1660933966404885,5.154552455036421,5.143229916729733,5.132118663690882,5.121211875131608,5.110503017579085,5.099985834600482,5.0896543362658235,5.079502788441069,5.069525702002935,5.059717822062529,5.050074117278255,5.040589769330133,5.031260162618426,5.022080874240057,5.013047664286677,5.0041564664991895,4.995403379304986,4.986784657256181,4.978296702880146,4.969936058947275,4.963336969101103,4.962517579666829,4.961699401155552,4.960882430424338,4.960066664342208,4.959252099790056,4.958438733660608,4.957626562858339,4.956815584299423,4.95600579491167,4.955197191634466,4.954389771418714,4.953583531226763,4.952778468032365,4.951974578820598,4.9511718605878245,4.950370310341624,4.949569925100727,4.948770701894974,4.947972637765242,4.947175729763403,4.946379974952252,4.945585370405462,4.944791913207517,4.943999600453675,4.943208429249887,4.942418396712761,4.941629499969509,4.940841736157872,4.940055102426093,4.939269595932839,4.938485213847168,4.937701953348462,4.936919811626387,4.936138785880819,4.935358873321826,4.934580071169577,4.933802376654332,4.933025787016353,4.932250299505882,4.931475911383074,4.930702619917957,4.929930422390376,4.929159316089946,4.928389298316004,4.927620366377561,4.9268525175932565,4.926085749291299,4.925320058809431,4.924555443494883,4.923791900704309,4.923029427803759,4.922268022168625,4.921507681183599,4.920748402242616,4.919990182748822,4.919233020114523,4.918476911761136,4.917721855119161,4.916967847628109,4.916214886736486,4.915462969901735,4.914712094590192,4.913962258277051,4.913213458446312,4.9124656925907475,4.91171895821185,4.910973252819805,4.910228573933433,4.90948491908016,4.90874228579597,4.908000671625365,4.907260074121329,4.906520490845283,4.905781919367046,4.905044357264803,4.904307802125045,4.903572251542558,4.902837703120354,4.902104154469667,4.901371603209879,4.89990948338115,4.892657929019774
542.65,5.237554851828843,5.224600925402054,5.211912654910944,5.199481009696391,5.187297309840858,5.175353218388398,5.163640733223413,5.152152178486386,5.14088019547992,5.129817733073047,5.1189580376497705,5.108294642672818,5.097821357948437,5.087532258685069,5.07742167444022,5.067484178046503,5.0577145746022145,5.048107890603556,5.038659363286625,5.029364430237549,5.020218719319354,5.011218038954565,5.00235836879355,4.993635850790152,4.985046780698701,4.976587599999501,4.969911472814971,4.9690825630728135,4.968254888254247,4.967428445127158,4.966603230471836,4.9657792410809005,4.964956473759243,4.964134925323954,4.96331459260427,4.962495472441496,4.96167756168895,4.960860857211903,4.960045355887503,4.9592310546047225,4.9584179502643,4.957606039778667,4.956795320071895,4.955985788079631,4.955177440749035,4.95437027503873,4.953564287918728,4.952759476370374,4.951955837386308,4.951153367970367,4.950352065137563,4.949551925914004,4.948752947336848,4.947955126454235,4.94715846032524,4.946362946019812,4.945568580618721,4.944775361213494,4.9439832849063725,4.943192348810248,4.942402550048607,4.941613885755488,4.940826353075415,4.940039949163342,4.939254671184622,4.93847051631492,4.937687481740197,4.9369055646566276,4.936124762270567,4.935345071798489,4.934566490466945,4.9337890155125,4.933012644181696,4.9322373737309935,4.931463201426722,4.930690124545035,4.929918140371854,4.929147246202833,4.928377439343289,4.927608717108177,4.926841076822023,4.926074515818889,4.925309031442323,4.924544621045306,4.923781281990214,4.9230190116487655,4.922257807401982,4.921497666640131,4.9207385867627,4.919980565178328,4.919223599304781,4.918467686568891,4.91771282440653,4.916959010262546,4.916206241590738,4.915454515853802,4.914703830523287,4.913954183079561,4.913205571011761,4.9124579918177576,4.911711443004101,4.910965922085994,4.910221426587249,4.90947795404023,4.9087355019858325,4.907994067973435,4.907253649560857,4.90577584980842,4.898446967795017
543.15,5.247907531160227,5.2347454716122,5.221856182986917,5.209230330564761,5.1968589416088795,5.184733397366504,5.172845424814561,5.161187087983538,5.149750778781207,5.138529207302656,5.127515391658609,5.11670264738515,5.10608457651718,5.095655056418308,5.0854082284634625,5.07533848666902,5.0654404663602834,5.05570903295859,5.046139270961455,5.036726473179269,5.027466130282079,5.018353920699918,5.009385700910779,5.0005574961412975,4.991865491497177,4.983306023533078,4.976551505516981,4.975712909118898,4.974875572265271,4.9740394916317,4.973204663906667,4.972371085791449,4.971538754000064,4.970707665259193,4.969877816308129,4.969049203898679,4.968221824795139,4.967395675774192,4.966570753624859,4.965747055148431,4.964924577158405,4.964103316480413,4.963283269952166,4.962464434423389,4.961646806755749,4.960830383822806,4.960015162509936,4.9592011397142794,4.958388312344677,4.957576677321601,4.95676623157711,4.955956972054768,4.955148895709602,4.9543419995080304,4.9535362804278105,4.9527317354579825,4.951928361598788,4.951126155861651,4.950325115269086,4.94952523685465,4.9487265176629,4.947928954749311,4.94713254518024,4.946337286032862,4.945543174395118,4.944750207365649,4.943958382053754,4.943167695579334,4.942378145072825,4.941589727675166,4.940802440537719,4.940016280822242,4.939231245700816,4.938447332355802,4.93766453797979,4.936882859775546,4.936102294955955,4.935322840743976,4.934544494372593,4.933767253084757,4.932991114133346,4.932216074781103,4.931442132300593,4.930669283974166,4.9298975270938845,4.9291268589614905,4.928357276888357,4.927588778195436,4.926821360213214,4.92605502028166,4.9252897557501845,4.924525563977595,4.9237624423320385,4.9230003881909665,4.92223939894109,4.921479471978325,4.920720604707751,4.919962794543575,4.91920603890908,4.9184503352365745,4.917695680967361,4.916942073551689,4.916189510448706,4.915437989126422,4.914687507061664,4.913938061740031,4.913189650655857,4.911695921220642,4.904288487845481
543.65,5.258406534635087,5.245031206728993,5.231935999553051,5.2191112635138,5.206547722688703,5.194236466540278,5.182168941487009,5.170336942112793,5.158732601898913,5.147348383438712,5.1361770681496255,5.125211745535109,5.114445802073591,5.103872909825537,5.093487014856288,5.083282325572582,5.073253301066944,5.063394639557344,5.053701267000851,5.044168325950183,5.0347911647118035,5.025565326853862,5.0164865411023305,5.007550711654293,4.998753908928633,4.99009236076663,4.983258066007629,4.982409612645037,4.981562444087986,4.980716556916566,4.97987194772423,4.979028613117726,4.978186549717033,4.977345754155274,4.97650622307866,4.97566795314641,4.974830941030695,4.973995183416553,4.973160677001818,4.97232741849708,4.971495404625579,4.970664632123165,4.969835097738217,4.9690067982315815,4.968179730376502,4.967353890958563,4.9665292767756135,4.965705884637705,4.96488371136703,4.9640627537978546,4.9632430087764545,4.96242447316106,4.96160714382177,4.960791017640524,4.95997609151101,4.959162362338612,4.958349827040356,4.957538482544845,4.9567283257921915,4.95591935373396,4.95511156333312,4.954304951563969,4.95349951541208,4.952695251874245,4.951892157958421,4.951090230683658,4.950289467080053,4.949489864188692,4.94869141906159,4.947894128761632,4.94709799036253,4.946303000948752,4.945509157615468,4.944716457468508,4.943924897624303,4.943134475209814,4.942345187362505,4.941557031230267,4.940770003971383,4.939984102754457,4.939199324758379,4.938415667172261,4.937633127195391,4.936851702037182,4.9360713889171155,4.9352921850646965,4.934514087719403,4.933737094130633,4.932961201557655,4.9321864072695645,4.931412708545224,4.930640102673229,4.9298685869518515,4.929098158688981,4.928328815202102,4.927560553818228,4.926793371873857,4.926027266714932,4.925262235696787,4.924498276184103,4.923735385550868,4.9229735611803225,4.922212800464924,4.92145310080629,4.920694459615167,4.91993687431138,4.919180342323778,4.917670428057488,4.910183193383425
544.15,5.269055212842817,5.25546131644384,5.2421551340881924,5.229126690025741,5.216366394367895,5.203865034429519,5.191613766071585,5.179604104765293,5.167827916217277,5.156277406484357,5.144945111571147,5.13382388654961,5.12290689427004,5.112187593751668,5.101659728350733,5.091317313806412,5.081154626262949,5.071166190360166,5.061346767476644,5.051691344199903,5.0421951210875955,5.032853501773137,5.023662082458665,5.014616641828428,5.005713131406447,4.996947666373903,4.990032175558143,4.989173690842435,4.988316516854301,4.987460650074939,4.986606086999449,4.985752824136714,4.984900858009381,4.9840501851537296,4.983200802119644,4.982352705470511,4.9815058917831605,4.980660357647788,4.979816099667885,4.978973114460164,4.978131398654495,4.977290948893817,4.9764517618340935,4.9756138341442195,4.974777162505971,4.9739417436139135,4.973107574175357,4.972274650910274,4.9714429705512355,4.970612529843342,4.969783325544162,4.968955354423653,4.968128613264118,4.967303098860114,4.966478808018404,4.965655737557888,4.9648338843095345,4.964013245116326,4.963193816833184,4.962375596326918,4.9615585804761535,4.960742766171265,4.959928150314338,4.95911472981908,4.958302501610776,4.957491462626222,4.956681609813665,4.955872940132745,4.955065450554438,4.954259138060986,4.953453999645858,4.952650032313668,4.951847233080136,4.951045598972023,4.950245127027071,4.9494458142939575,4.9486476578322245,4.947850654712229,4.947054802015099,4.946260096832656,4.945466536267378,4.944674117432334,4.943882837451143,4.943092693457903,4.942303682597151,4.94151580202381,4.940729048903121,4.939943420410613,4.939158913732035,4.938375526063313,4.937593254610488,4.936812096589684,4.936032049227031,4.935253109758644,4.93447527543055,4.933698543498652,4.932922911228672,4.9321483758961095,4.931374934786183,4.930602585193793,4.929831324423471,4.92906114978932,4.928292058614989,4.92752404823361,4.9267571159877495,4.925991259229378,4.925226475319815,4.923700115538834,4.91613180269519
544.65,5.279857022111417,5.266039085986195,5.252516709802148,5.239279579856705,5.226317781068167,5.2136217878407765,5.20118245511131,5.188991009227069,5.177039038442393,5.165318482924531,5.153821624236097,5.1425410743161875,5.131469764019557,5.120600931297204,5.109928109115136,5.099445113213513,5.08914602980793,5.079025203329999,5.069077224296621,5.059296917388144,5.049679329804891,5.040219719960795,5.0309135465619965,5.02175645810786,5.012744282842154,5.0038730191731124,4.996874878563726,4.996006183902432,4.995138826573206,4.994272802954862,4.993408109440648,4.9925447424381435,4.991682698369205,4.990821973669872,4.989962564790298,4.989104468194673,4.988247680361136,4.987392197781714,4.986538016962251,4.985685134422298,4.98483354669509,4.9839832503274275,4.983134241879625,4.982286517925439,4.981440075051984,4.980594909859666,4.979751018962117,4.978908398986107,4.978067046571493,4.977226958371137,4.976388131050841,4.975550561289266,4.97471424577788,4.973879181220879,4.973045364335125,4.972212791850062,4.971381460507676,4.970551367062403,4.96972250828108,4.968894880942861,4.96806848183918,4.96724330777365,4.966419355562024,4.965596622032125,4.964775104023777,4.96395479838875,4.963135701990685,4.962317811705041,4.961501124419031,4.960685637031558,4.959871346453156,4.959058249605927,4.9582463434234825,4.9574356248508815,4.956626090844572,4.955817738372328,4.955010564413202,4.954204565957449,4.95339974000648,4.952596083572809,4.951793593679978,4.950992267362516,4.95019210166588,4.949393093646386,4.948595240371169,4.947798538918126,4.947002986375848,4.946208579843576,4.945415316431144,4.94462319325893,4.943832207457791,4.9430423561690215,4.942253636544295,4.941466045745604,4.940679580945228,4.939894239325663,4.939110018079577,4.938326914409761,4.937544925529073,4.936764048660392,4.935984281036564,4.935205619900361,4.934428062504414,4.93365160611119,4.932876247992919,4.932101985431553,4.9313288157187305,4.929785744053327,4.922135048507353
545.15,5.290815528536364,5.276767903863662,5.263023947118712,5.249572994287796,5.2364047933845725,5.223509494710892,5.210877641522918,5.198500160670169,5.18636835293322,5.174473882906207,5.162808768359976,5.151365369086833,5.140136375273207,5.129114795476523,5.118293944300525,5.107667429871968,5.097229141223366,5.086973235683407,5.07689412636975,5.066986469870059,5.057245154186546,5.0476652870083045,5.038242184364511,5.028971359700669,5.019848513409756,5.01086952284069,5.003787243219641,5.002908155688036,5.002030432797826,5.001154070821791,5.0002790660477014,4.999405414778224,4.998533113330852,4.997662158037821,4.996792545246028,4.995924271316941,4.995057332626536,4.994191725565206,4.9933274465376885,4.99246449196298,4.9916028582742635,4.990742541918832,4.989883539358001,4.9890258470670545,4.988169461535138,4.9873143792652135,4.986460596773959,4.985608110591715,4.984756917262391,4.983907013343413,4.983058395405627,4.982211060033242,4.981365003823756,4.980520223387881,4.979676715349468,4.978834476345451,4.977993503025752,4.977153792053237,4.976315340103629,4.975478143865442,4.97464220003992,4.973807505340962,4.9729740564950555,4.972141850241209,4.971310883330888,4.970481152527943,4.969652654608548,4.968825386361134,4.967999344586323,4.967174526096869,4.9663509277175795,4.965528546285268,4.964707378648683,4.963887421668439,4.963068672216973,4.9622511271784555,4.961434783448752,4.960619637935351,4.959805687557303,4.958992929245166,4.95818135994094,4.9573709765980025,4.956561776181068,4.955753755666102,4.954946912040291,4.954141242301961,4.95333674346053,4.952533412536452,4.951731246561167,4.950930242577019,4.95013039763723,4.949331708805824,4.948534173157582,4.9477377877779825,4.946942549763146,4.946148456219784,4.945355504265147,4.944563691026963,4.943773013643392,4.942983469262973,4.9421950550445635,4.941407768157296,4.9406216057805254,4.939836565103772,4.939052643326678,4.93826983765895,4.937488145320314,4.935928089559003,4.928193678364061
545.65,5.301934412202251,5.287651265772732,5.273680167311751,5.2600100895148065,5.246630431251272,5.233531007067019,5.2207020373660775,5.208134138743809,5.19581831412571,5.18374594250535,5.171908768179761,5.160298889457284,5.1489087468677734,5.137731110941659,5.126759069647854,5.115986015592866,5.1054056330879805,5.095011885190127,5.084799000816303,5.074761462023032,5.064893991532157,5.055191540572938,5.045649277099072,5.036262574427824,5.027027000337623,5.017938306650406,5.010770362221031,5.009880694429011,5.008992419315801,5.00810553304433,5.007220031793118,5.006335911756162,5.005453169142867,5.004571800177951,5.003691801101372,5.002813168168229,5.0019358976486945,5.00105998582792,5.000185429005956,4.9993122234976735,4.998440365632672,4.997569851755215,4.9967006782241405,4.995832841412773,4.9949663377088624,4.994101163514488,4.993237315245982,4.9923747893338675,4.991513582222763,4.990653690371305,4.989795110252091,4.98893783835158,4.988081871170029,4.98722720522142,4.986373837033377,4.985521763147095,4.984670980117272,4.983821484512028,4.98297327291283,4.982126341914432,4.981280688124797,4.980436308165015,4.979593198669253,4.9787513562846595,4.977910777671322,4.9770714595021746,4.97623339846294,4.975396591252058,4.97456103458062,4.973726725172301,4.972893659763285,4.972061835102203,4.971231247950076,4.97040189508023,4.969573773278248,4.968746879341898,4.967921210081062,4.967096762317685,4.966273532885697,4.965451518630962,4.964630716411211,4.963811123095976,4.962992735566526,4.9621755507158225,4.961359565448431,4.960544776680485,4.959731181339606,4.958918776364868,4.958107558706707,4.957297525326886,4.956488673198424,4.955680999305548,4.95487450064362,4.954069174219096,4.953265017049454,4.9524620261631505,4.9516601985995505,4.950859531408886,4.95006002165219,4.949261666401244,4.948464462738523,4.947668407757142,4.946873498560804,4.946079732263741,4.945287105990665,4.9444956168767105,4.943705262067389,4.94212794399623,4.934308455015847
546.15,5.313217471611557,5.298692778691989,5.284488796303903,5.270594120184501,5.256997787240725,5.2436892641089745,5.230658436725513,5.217895600270139,5.205391449054169,5.1931370660844856,5.181123912157222,5.169343814425003,5.1577889544468,5.146451855774381,5.135325371158798,5.1244026694771465,5.11367722248785,5.103142791523325,5.092793414224851,5.082623391416791,5.072627274207357,5.062799851392026,5.053136137223875,5.043631359603427,5.034280948729119,5.025080526238956,5.017825353487496,5.016924913441522,5.01602589486401,5.015128293804094,5.014232106327087,5.013337328514409,5.012443956463487,5.011551986287671,5.010661414116135,5.009772236093799,5.00888444838125,5.007998047154631,5.007113028605578,5.006229388941114,5.0053471243835865,5.004466231170558,5.003586705554743,5.002708543803914,5.00183174220081,5.000956297043078,5.000082204643162,4.999209461328243,4.998338063440146,4.997468007335267,4.996599289384485,4.99573190597309,4.994865853500695,4.994001128381168,4.9931377270425426,4.992275645926949,4.991414881490533,4.990555430203378,4.9896972885494355,4.988840453026438,4.987984920145836,4.987130686432713,4.9862777484257155,4.985426102676985,4.984575745752074,4.98372667422988,4.982878884702569,4.982032373775509,4.981187138067199,4.980343174209185,4.979500478846005,4.978659048635116,4.977818880246819,4.976979970364191,4.97614231568302,4.9753059129117325,4.974470758771333,4.973636849995326,4.972804183329664,4.971972755532662,4.971142563374949,4.970313603639392,4.969485873121042,4.968659368627049,4.967834086976619,4.9670100250009455,4.966187179543138,4.965365547458167,4.964545125612792,4.963725910885516,4.962907900166504,4.962091090357546,4.961275478371972,4.960461061134602,4.959647835581692,4.958835798660866,4.958024947331058,4.95721527856246,4.956406789336457,4.955599476645565,4.954793337493395,4.9539883688945645,4.953184567874667,4.952381931470198,4.951580456728518,4.950780140707776,4.949980980476872,4.948386115713543,4.940480156820398
546.65,5.324668628336671,5.30989616517066,5.295453368638499,5.281328443086318,5.267510050003709,5.25398729542032,5.2407497187115215,5.227787282049465,5.215090359974216,5.202649728744712,5.190456555270269,5.178502385529182,5.166779132458008,5.155279063349381,5.1439947868326605,5.132919239533948,5.122045672523561,5.1113676376626564,5.100878973958147,5.090573794028666,5.080446470774759,5.070491624335584,5.060704109402481,5.051079002947476,5.041611592413187,5.0322973643990645,5.024953360913434,5.024041951873294,5.023131993868648,5.022223482830683,5.021316414707419,5.020410785463614,5.019506591080667,5.018603827556524,5.017702490905592,5.016802577158643,5.015904082362716,5.015007002581045,5.014111333892947,5.013217072393745,5.012324214194672,5.011432755422794,5.010542692220901,5.009654020747442,5.008766737176427,5.007880837697333,5.006996318515034,5.006113175849707,5.005231405936745,5.004351005026669,5.003471969385061,5.002594295292465,5.001717979044307,5.000843016950818,4.9999694053369454,4.999097140542275,4.998226218920946,4.997356636841586,4.996488390687208,4.995621476855151,4.994755891756983,4.993891631818446,4.993028693479354,4.9921670731935315,4.991306767428735,4.990447772666563,4.989590085402405,4.988733702145343,4.987878619418084,4.987024833756899,4.986172341711527,4.985321139845116,4.984471224734149,4.983622592968366,4.982775241150698,4.981929165897188,4.981084363836936,4.98024083161201,4.979398565877384,4.97855756330087,4.977717820563047,4.976879334357197,4.9760421013892255,4.975206118377609,4.974371382053313,4.973537889159737,4.972705636452646,4.971874620700092,4.971044838682372,4.970216287191942,4.969388963033361,4.968562863023233,4.967737983990129,4.9669143227745405,4.9660918762287976,4.96527064121703,4.964450614615081,4.963631793310464,4.962814174202299,4.96199775420124,4.961182530229425,4.960368499220419,4.959555658119146,4.9587440038818364,4.957933533475966,4.957124243880197,4.956316132084322,4.95470342990673,4.946709578155607
547.15,5.336291931913094,5.321265267827062,5.306577531636493,5.292216521009111,5.2781705078582215,5.264428224314936,5.250978850584811,5.237812003780208,5.2249177270920155,5.212286478876504,5.199909121396154,5.1877769090763115,5.175881476230465,5.164214824271665,5.152769308472337,5.14153762436304,5.130512793876803,5.119688151352445,5.109057329509965,5.098614245505966,5.08835308716838,5.078268299499053,5.068354571520738,5.058606823532619,5.0490201948261815,5.039590031901337,5.032155555145232,5.031232975475449,5.030311877211687,5.029392256162887,5.028474108155492,5.027557429033346,5.0266422146576,5.025728460906606,5.02481616367583,5.023905318877755,5.022995922441777,5.022087970314119,5.02118145845773,5.020276382852196,5.019372739493647,5.018470524394656,5.01756973358416,5.016670363107352,5.015772409025606,5.014875867416374,5.013980734373106,5.013087006005151,5.0121946784376785,5.011303747811575,5.010414210283373,5.0095260620251505,5.0086392992244555,5.007753918084211,5.0068699148226345,5.005987285673138,5.005106026884281,5.0042261347196355,5.003347605457744,5.002470435392017,5.001594620830653,5.000720158096562,4.9998470435272715,4.998975273474863,4.998104844305877,4.9972357524012425,4.996367994156194,4.995501565980192,4.994636464296839,4.993772685543819,4.9929102261728024,4.992049082649379,4.991189251452979,4.990330729076795,4.98947351202771,4.98861759682622,4.9877629800063685,4.986909658115655,4.986057627714982,4.985206885378563,4.984357427693869,4.983509251261543,4.982662352695333,4.9818167286220225,4.980972375681357,4.980129290525981,4.979287469821358,4.9784469102457125,4.977607608489952,4.976769561257606,4.975932765264757,4.97509721723997,4.97426291392423,4.973429852070873,4.972598028445521,4.971767439826019,4.9709380830023715,4.9701099547766665,4.969283051963032,4.9684573713875455,4.967632909888204,4.966809664314835,4.96598763152904,4.965166808404141,4.964347191825111,4.963528778688527,4.962711565902484,4.961080729071738,4.952997529845456
547.65,5.348091564994016,5.33280405407297,5.3178650497513855,5.303261926773657,5.288982552536147,5.2750152713267,5.261348891012102,5.247972671099132,5.234876311404691,5.2220499408136325,5.209484105790598,5.197169758455022,5.185098244134816,5.1732612883913225,5.161650983562191,5.150259774904125,5.139080446439019,5.128106106617348,5.117330173915155,5.106746362477485,5.096348667913442,5.086131353337807,5.076088935742235,5.066216172766341,5.05650804992629,5.0469597683460625,5.039433134386468,5.038499177402064,5.03756673302489,5.036635796937142,5.035706364839225,5.034778432449646,5.033851995504895,5.0329270497593654,5.032003590985239,5.03108161497239,5.030161117528285,5.029242094477886,5.028324541663541,5.027408454944902,5.026493830198813,5.025580663319226,5.024668950217087,5.023758686820264,5.022849869073423,5.021942492937958,5.0210365543918885,5.020132049429755,5.019228974062543,5.018327324317582,5.0174270962384515,5.016528285884898,5.01563088933273,5.014734902673745,5.013840322015627,5.012947143481855,5.012055363211641,5.011164977359801,5.010275982096702,5.009388373608152,5.008502148095328,5.007617301774689,5.006733830877883,5.005851731651666,5.00497100035782,5.004091633273067,5.003213626688987,5.0023369769119395,5.0014616802629694,5.00058773307774,4.9997151317064406,4.998843872513712,4.997973951878565,4.997105366194307,4.996238111868455,4.995372185322651,4.994507582992608,4.993644301328012,4.992782336792445,4.991921685863325,4.9910623450318194,4.990204310802756,4.989347579694585,4.988492148239271,4.987638012982231,4.986785170482264,4.985933617311477,4.985083350055208,4.984234365311961,4.983386659693329,4.982540229823931,4.98169507234133,4.9808511838959735,4.980008561151122,4.979167200782778,4.978327099479616,4.97748825394292,4.976650660886516,4.975814317036694,4.9749792191321625,4.974145363923956,4.9733127481753945,4.972481368662003,4.9716512221714515,4.970822305503489,4.969994615469889,4.969168148894369,4.967518873471851,4.959344839599101
548.15,5.360071848788847,5.34451662108199,5.329319809136639,5.314468347452615,5.299949683097387,5.285751757850243,5.2718629934593535,5.258272278747828,5.244968957657242,5.23194281759495,5.21918407766707,5.206683376544066,5.194431759830213,5.182420666898932,5.1706419172209594,5.159087696255821,5.147750541004731,5.136623325337937,5.125699245215162,5.1149718039163075,5.1044347973934565,5.094082299845324,5.0839086496039085,5.073908435410091,5.064076483141908,5.054407843046252,5.046787325232276,5.045841779038695,5.044897777512495,5.043955316204456,5.043014390684295,5.0420749965405465,5.041137129380464,5.040200784829918,5.039265958533276,5.038332646153313,5.037400843371088,5.0364705458858685,5.035541749414997,5.034614449693807,5.0336886424755125,5.032764323531115,5.031841488649291,5.030920133636302,5.030000254315891,5.029081846529181,5.028164906134574,5.027249429007668,5.02633541104114,5.025422848144665,5.024511736244802,5.023602071284926,5.0226938492251,5.021787066042008,5.020881717728846,5.019977800295232,5.019075309767117,5.018174242186685,5.017274593612275,5.0163763601182705,5.015479537795029,5.014584122748779,5.0136901111015355,5.012797498991011,5.0119062825705285,5.011016458008929,5.010128021490495,5.009240969214848,5.00835529739688,5.007471002266655,5.00658808006933,5.005706527065073,5.004826339528974,5.003947513750964,5.003070046035733,5.002193932702652,5.0013191700856785,5.000445754533292,4.999573682408404,4.998702950088283,4.997833553964464,4.996965490442683,4.996098755942796,4.995233346898701,4.994369259758251,4.993506490983194,4.992645037049078,4.991784894445198,4.9909260596744955,4.990068529253507,4.9892122997122765,4.988357367594285,4.987503729456374,4.986651381868683,4.985800321414566,4.984950544690529,4.984102048306151,4.983254828884015,4.9824088830596525,4.981564207481444,4.980720798810582,4.97987865372098,4.979037768899213,4.978198141044452,4.977359766868389,4.976522643095181,4.97568676646137,4.974018741619702,4.965752352463686
548.65,5.372237248810979,5.356407201021945,5.340945822441683,5.325839588791122,5.311075510022159,5.296641109941846,5.282524409730269,5.268713913872034,5.255198597421605,5.241967893839135,5.229011682880755,5.216320278217547,5.203884414601684,5.1916952345050875,5.179744274232882,5.1680234495673325,5.156525041032312,5.145241678888832,5.13416632798139,5.123292272556064,5.112613101166714,5.102122691776851,5.091815197153564,5.081685030636988,5.07172685235548,5.061935555943193,5.0542193835341385,5.053262030861031,5.052306255803825,5.051352053776993,5.0503994202147116,5.0494483505707395,5.048498840318307,5.047550884949995,5.046604479977647,5.045659620932237,5.044716303363775,5.043774522841192,5.042834274952228,5.0418955553033395,5.040958359519577,5.0400226832444766,5.039088522139979,5.0381558718863,5.037224728181832,5.036295086743047,5.035366943304388,5.034440293618169,5.0335151334544666,5.032591458601027,5.031669264863172,5.03074854806367,5.029829304042679,5.0289115286576,5.027995217783023,5.027080367310601,5.026166973148966,5.025255031223623,5.024344537476863,5.0234354878676655,5.022527878371602,5.021621704980742,5.020716963703559,5.019813650564839,5.018911761605595,5.018011292882955,5.017112240470101,5.01621460045615,5.015318368946079,5.014423542060632,5.013530115936237,5.0126380867249045,5.011747450594158,5.010858203726925,5.0099703423214725,5.009083862591312,5.008198760765103,5.007315033086589,5.0064326758145,5.005551685222468,5.004672057598956,5.003793789247157,5.0029168764849326,5.002041315644711,5.0011671030734295,5.000294235132425,4.999422708197384,4.9985525186582445,4.997683662919119,4.996816137398229,4.9959499385278106,4.995085062754045,4.994221506536985,4.993359266350479,4.992498338682085,4.991638720033009,4.990780406918019,4.989923395865386,4.989067683416788,4.988213266127267,4.9873601405651184,4.98650830331186,4.985657750962135,4.98480848012364,4.983960487417071,4.98311376947604,4.98226832294701,4.98058123077465,4.9722209312913845
549.15,5.3845923809633875,5.368480166574161,5.352747233854686,5.337379579842434,5.322363759493327,5.307686862290185,5.293336493658135,5.279300759460661,5.265568252303961,5.252128038737615,5.238969646722,5.2260830529517674,5.213458669791955,5.20108733170775,5.188960281160439,5.177069154005928,5.16540596447512,5.153963089842029,5.142733254899008,5.131709516363048,5.120885247334292,5.110254121920591,5.09981010013115,5.089547413129744,5.079460548924335,5.069544238556049,5.061730595296418,5.060761213325041,5.059793442837059,5.058827279105557,5.05786271742411,5.0568997531066735,5.055938381487455,5.054978597920808,5.054020397781117,5.05306377646267,5.052108729379557,5.051155251965561,5.050203339674024,5.0492529879777575,5.048304192368919,5.047356948358899,5.0464112514782204,5.045467097276421,5.044524481321949,5.043583399202047,5.042643846522655,5.041705818908298,5.040769312001975,5.039834321465061,5.038900842977198,5.0379688722361875,5.037038404957893,5.036109436876131,5.035181963742571,5.034255981326633,5.033331485415386,5.032408471813444,5.031486936342869,5.030566874843076,5.029648283170724,5.028731157199619,5.027815492820628,5.026901285941569,5.0259885324871165,5.025077228398711,5.024167369634458,5.023258952169038,5.02235197199361,5.021446425115714,5.020542307559186,5.019639615364061,5.018738344586482,5.017838491298603,5.0169400515885165,5.0160430215601375,5.015147397333143,5.014253175042849,5.01336035084016,5.012468920891448,5.011578881378494,5.010690228498377,5.009802958463405,5.008917067501018,5.0080325518537165,5.0071494077789644,5.006267631549113,5.005387219451315,5.004508167787441,5.003630472874005,5.0027541310420744,5.001879138637189,5.001005492019291,5.000133187562632,4.999262221655706,4.998392590701162,4.997524291115728,4.99665731933014,4.995791671789054,4.994927344950978,4.994064335288191,4.993202639286677,4.992342253446034,4.991483174279415,4.990625398313442,4.989768922088152,4.988913742156895,4.9872072574561255,4.9787514572211595
549.65,5.39714201799413,5.380740036764607,5.364728324412013,5.34909237783489,5.333818277881851,5.318892662367648,5.304302704960132,5.290036097932227,5.276081037286761,5.262426209171546,5.249060776824307,5.235974367538247,5.223157059331777,5.210599367151171,5.198292228542234,5.186226988803513,5.174395385686052,5.162789533738297,5.15140190841368,5.140225330066529,5.129252947961825,5.118478224418438,5.107894919195675,5.097497074220613,5.08727899874008,5.077235254966839,5.069322277605972,5.068340637789912,5.067360644275584,5.066382292189371,5.065405576678978,5.064430492913308,5.063457036082355,5.062485201397067,5.061514984089228,5.060546379411346,5.059579382636533,5.058613989058376,5.057650193990829,5.0566879927680946,5.055727380744502,5.054768353294396,5.053810905812019,5.052855033711402,5.05190073242624,5.050947997409791,5.049996824134753,5.049047208093151,5.048099144796248,5.047152629774397,5.04620765857696,5.045264226772193,5.044322329947127,5.043381963707466,5.0424431236774865,5.041505805499916,5.040570004835842,5.039635717364591,5.038702938783642,5.037771664808503,5.036841891172619,5.035913613627269,5.034986827941456,5.034061529901816,5.033137715312506,5.032215379995112,5.031294519788541,5.030375130548929,5.029457208149546,5.028540748480683,5.027625747449567,5.026712200980261,5.025800105013568,5.024889455506939,5.023980248434365,5.023072479786305,5.022166145569571,5.0212612418072435,5.020357764538587,5.019455709818941,5.018555073719649,5.017655852327946,5.016758041746891,5.0158616380952585,5.014966637507462,5.0140730361334604,5.013180830138675,5.012290015703894,5.011400589025197,5.010512546313853,5.009625883796262,5.008740597713843,5.007856684322964,5.006974139894856,5.006092960715528,5.005213143085688,5.0043346833206614,5.003457577750305,5.002581822718931,5.00170741458522,5.000834349722162,4.999962624516941,4.9990922353708935,4.998223178699411,4.997355450931865,4.9964890485115285,4.9956239678955106,4.993897757973539,4.98534483017585
550.15,5.409891096357668,5.393191483135612,5.376893517597102,5.360982173288025,5.345443036449853,5.330262274774152,5.315426613263728,5.300923314876894,5.286740164212663,5.2728654529588646,5.259287966192345,5.245996968907738,5.232982192373288,5.220233820080437,5.207742473179662,5.195499195385683,5.183495437398615,5.171723040929541,5.160174222444053,5.14884155674986,5.1377179605573735,5.12679667613847,5.1160712551997705,5.1055355430751215,5.095183663328298,5.0850100028424245,5.076995779596292,5.076001647475216,5.075009197458228,5.074018424519461,5.073029323655247,5.072041889883983,5.071056118246009,5.070072003803475,5.06908954164022,5.068108726861648,5.067129554594597,5.066152019987224,5.065176118208875,5.064201844449963,5.063229193921852,5.062258161856723,5.061288743507472,5.060320934147579,5.059354729070986,5.058390123591986,5.057427113045097,5.056465692784955,5.055505858186194,5.054547604643319,5.05359092757061,5.052635822401995,5.051682284590938,5.050730309610326,5.049779892952361,5.048831030128442,5.047883716669056,5.04693794812367,5.045993720060618,5.045051028066996,5.044109867748547,5.043170234729562,5.042232124652756,5.0412955331791895,5.040360455988137,5.039426888776991,5.03849482726116,5.0375642671739636,5.036635204266524,5.035707634307673,5.0347815530838425,5.033856956398963,5.032933840074365,5.0320121999486895,5.0310920318777645,5.030173331734529,5.029256095408928,5.028340318807806,5.027425997854822,5.026513128490354,5.02560170667139,5.024691728371449,5.0237831895804765,5.022876086304754,5.021970414566804,5.021066170405304,5.020163349874993,5.019261949046567,5.01836196400661,5.0174633908574915,5.016566225717271,5.015670464719628,5.01477610401376,5.013883139764295,5.012991568151212,5.01210138536975,5.011212587630322,5.010325171158432,5.009439132194587,5.0085544669942195,5.0076711718275995,5.006789242979749,5.005908676750368,5.005029469453746,5.004151617418676,5.003275116988394,5.002399964520478,5.000653688973347,4.992001969375075
550.65,5.4228447235229105,5.405839336290196,5.389247385254107,5.373053295398288,5.357242136287529,5.341799585786599,5.326711902316224,5.311965902963202,5.297548945417918,5.28344891223816,5.2696541963557415,5.256153687070501,5.242936756031002,5.229993242895899,5.217313440516365,5.204888079586891,5.192708312787933,5.180765698495219,5.169052184162833,5.157560089505006,5.146282089607898,5.135211198101447,5.124340750513997,5.113664387921598,5.103176040990274,5.092869914495109,5.084752483447683,5.083745618453819,5.082740472384942,5.081737040057167,5.080735316309711,5.079735296004761,5.0787369740273425,5.077740345285188,5.0767454047086025,5.075752147250329,5.074760567885428,5.0737706616111495,5.072782423446787,5.071795848433571,5.070810931634529,5.06982766813436,5.06884605303931,5.067866081477052,5.066887748596556,5.065911049567959,5.0649359795824624,5.063962533852181,5.0629907076100515,5.062020496109681,5.061051894625254,5.060084898451394,5.0591195029030525,5.0581557033153945,5.057193495043667,5.056232873463101,5.055273833968773,5.0543163719755135,5.053360482917769,5.052406162249513,5.051453405444102,5.050502207994195,5.049552565411612,5.048604473227249,5.04765792699094,5.046712922271378,5.045769454655976,5.0448275197507755,5.043887113180337,5.042948230587623,5.042010867633906,5.041075019998653,5.040140683379421,5.039207853491748,5.038276526069058,5.0373466968625635,5.036418361641139,5.035491516191239,5.034566156316794,5.0336422778391,5.0327198765967305,5.031798948445433,5.030879489258022,5.029961494924297,5.029044961350932,5.028129884461381,5.027216260195786,5.026304084510886,5.0253933533799025,5.024484062792466,5.0235762087545135,5.0226697872882005,5.0217647944318,5.020861226239617,5.019959078781899,5.01905834814474,5.018159030429998,5.017261121755197,5.016364618253443,5.015469516073338,5.014575811378894,5.0136835003494316,5.012792579179519,5.011903044078863,5.01101489127224,5.010128116999403,5.009242717514992,5.007476028004037,4.998723813864635
551.15,5.436008185773699,5.4186885928447825,5.401794653844552,5.38531021771655,5.369219813501896,5.353508608128446,5.3381623743891025,5.323167466019298,5.308510797523605,5.294179826996355,5.280162540654908,5.266447438178245,5.253023518235346,5.2398802638119255,5.227007627114432,5.214396013955427,5.202036267615088,5.189919652236054,5.178037835849378,5.166382873153231,5.154947188176816,5.143723556963675,5.13270509040307,5.121885217328424,5.11125766798861,5.100816457983456,5.092593805425022,5.091573960682019,5.090555872739416,5.089539536249278,5.088524945887722,5.087512096354782,5.086500982374264,5.0854915986936104,5.084483940083759,5.083478001339017,5.0824737772769115,5.081471262738065,5.0804704525860584,5.0794713417073,5.078473925010883,5.077478197428459,5.076484153914114,5.07549178944423,5.0745010990173505,5.073512077654058,5.072524720396848,5.071539022309994,5.070554978479423,5.0695725840125885,5.068591834038347,5.067612723706833,5.066635248189327,5.06565940267814,5.064685182386493,5.063712582548385,5.062741598418477,5.061772225271972,5.0608044584044904,5.0598382931319605,5.058873724790479,5.057910748736222,5.056949360345308,5.055989555013679,5.055031328157001,5.054074675210532,5.053119591629019,5.0521660728865765,5.051214114476584,5.050263711911557,5.049314860723053,5.048367556461546,5.047421794696333,5.046477571015397,5.045534881025331,5.044593720351208,5.043654084636481,5.042715969542871,5.04177937075027,5.040844283956623,5.0399107048778395,5.038978629247676,5.038048052817631,5.037118971356861,5.036191380652056,5.035265276507349,5.034340654744218,5.03341751120138,5.032495841734692,5.031575642217059,5.030656908538323,5.029739636605186,5.028823822341084,5.02790946168613,5.026996550596975,5.026085085046747,5.025175061024943,5.024266474537333,5.023359321605878,5.022453598268625,5.021549300579627,5.0206464246088425,5.019744966442053,5.018844922180763,5.01794628794213,5.01704905985885,5.016153234079097,5.014365774099627,5.005511323062984
551.65,5.449386956553274,5.431744422831208,5.414540211079014,5.397757564142946,5.381380444677528,5.365393485975624,5.349781954890503,5.334531723299583,5.319629245393813,5.305061538748093,5.2908161676655405,5.276881227713664,5.26324533070403,5.249897589624712,5.236827603231763,5.224025440152223,5.211481622458438,5.199187108748377,5.18713327681704,5.175311906034887,5.163715159565368,5.152335566558716,5.1411660044562755,5.130199681531161,5.119430119778627,5.10885113825524,5.10052119695476,5.0994881190686225,5.098456836950256,5.097427345081396,5.09639963796882,5.095373710144196,5.094349556163955,5.093327170609121,5.092306548085199,5.091287683222006,5.090270570673542,5.08925520511785,5.0882415812568755,5.087229693816321,5.086219537545509,5.085211107217255,5.084204397627713,5.083199403596252,5.082196119965312,5.08119454160028,5.080194663389336,5.079196480243344,5.078199987095697,5.077205178902203,5.076212050640932,5.075220597312114,5.074230813937981,5.073242695562654,5.072256237252013,5.071271434093565,5.07028828119631,5.069306773690637,5.068326906728176,5.067348675481681,5.066372075144909,5.0653971009324925,5.064423748079821,5.063452011842914,5.062481887498298,5.061513370342902,5.060546455693908,5.059581138888665,5.058617415284549,5.057655280258852,5.056694729208667,5.055735757550764,5.054778360721488,5.053822534176627,5.0528682733913195,5.051915573859919,5.050964431095898,5.050014840631724,5.049066798018764,5.048120298827151,5.047175338645701,5.046231913081779,5.045290017761207,5.04434964832816,5.043410800445038,5.042473469792379,5.0415376520687465,5.040603342990626,5.039670538292318,5.038739233725841,5.03780942506082,5.036881108084391,5.035954278601103,5.035028932432806,5.034105065418558,5.033182673414529,5.032261752293889,5.031342297946732,5.030424306279957,5.029507773217186,5.02859269469866,5.027679066681143,5.026766885137842,5.025856146058286,5.02494684544826,5.024038979329695,5.023132543740583,5.02132394838245,5.01236547732545
552.15,5.462986705411197,5.445012177593367,5.427489112959896,5.4104001152672785,5.393728552631665,5.377458500216804,5.361574697200271,5.346062513948626,5.330907926270564,5.3160974943750094,5.301618344769044,5.28745815381381,5.273605132036755,5.260048008594166,5.246776015505024,5.2337788714475835,5.221046765035802,5.208570337582649,5.196340665418373,5.1843492418712795,5.172587959040601,5.1610490895005405,5.14972526807449,5.138609473811727,5.127695012287627,5.116975498334226,5.1085361457429,5.1074895745846005,5.106444839292425,5.105401934171218,5.104360853551895,5.103321591791299,5.102284143272042,5.101248502402368,5.1002146636159775,5.099182621371916,5.0981523701543905,5.097123904472654,5.096097218860831,5.095072307877798,5.094049166107011,5.093027788156391,5.092008168658158,5.090990302268698,5.0899741836684225,5.08895980756162,5.087947168676325,5.086936261764176,5.085927081600266,5.084919622983018,5.083913880734042,5.0829098496980025,5.0819075247424745,5.080906900757813,5.079907972657021,5.078910735375613,5.07791518387148,5.076921313124765,5.075929118137724,5.0749385939346,5.073949735561484,5.072962538086206,5.071976996598183,5.070993106208309,5.070010862048816,5.0690302592731635,5.0680512930558885,5.067073958592506,5.066098251099374,5.065124165813569,5.0641516979927665,5.063180842915115,5.062211595879129,5.061243952203551,5.060277907227241,5.059313456309059,5.058350594827745,5.0573893181818015,5.056429621789378,5.055471501088156,5.054514951535232,5.053559968607003,5.052606547799063,5.051654684626073,5.050704374621661,5.049755613338309,5.048808396347242,5.047862719238317,5.0469185776199135,5.045975967118825,5.04503488338016,5.04409532206722,5.043157278861401,5.042220749462099,5.04128572958658,5.040352214969899,5.039420201364787,5.038489684541548,5.037560660287961,5.036633124409172,5.035707072727599,5.0347825010828355,5.033859405331541,5.032937781347351,5.03201762502077,5.031098932259094,5.030181698986287,5.028351594685999,5.019287278526887
552.65,5.47681330761828,5.458497398230251,5.440646591275489,5.423242815086791,5.4062688124891105,5.389708073988084,5.373544787743843,5.3577638016755635,5.342350594096536,5.327291250134242,5.312572441876648,5.298181410734124,5.284105950939279,5.2703343934451174,5.2568555897431,5.243658895320229,5.230734152621427,5.218071673489842,5.2056622211317825,5.193496991701802,5.181567595632851,5.169866038850817,5.158384704016284,5.147116331931956,5.1360540032440944,5.125191120552827,5.1166401769357135,5.115579845415164,5.11452139103071,5.113464807903455,5.112410090181671,5.111357232040609,5.110306227682371,5.109257071335736,5.108209757256011,5.107164279724875,5.106120633050227,5.105078811566025,5.10403880963215,5.103000621634238,5.101964241983534,5.100929665116748,5.099896885495891,5.098865897608145,5.097836695965701,5.096809275105611,5.0957836295896595,5.094759754004194,5.093737642959993,5.092717291092121,5.091698693059785,5.090681843546187,5.0896667372583915,5.088653368927172,5.087641733306878,5.0866318251752975,5.085623639333516,5.084617170605774,5.083612413839336,5.082609363904345,5.081608015693704,5.0806083641229245,5.079610404129993,5.078614130675251,5.0776195387412475,5.0766266233326185,5.07563537947595,5.074645802219645,5.073657886633802,5.072671627810076,5.071687020861565,5.070704060922666,5.069722743148964,5.068743062717096,5.067765014824624,5.066788594689925,5.065813797552052,5.064840618670625,5.063869053325697,5.062899096817639,5.0619307444670225,5.06096399161449,5.059998833620651,5.0590352658659485,5.058073283750554,5.057112882694246,5.056154058136291,5.055196805535332,5.054241120369279,5.053286998135189,5.05233443434915,5.051383424546179,5.050433964280109,5.049486049123465,5.0485396746673725,5.047594836521438,5.046651530313645,5.04570975169024,5.04476949631564,5.0438307598723,5.042893538060643,5.0419578265989236,5.041023621223143,5.04009091768694,5.039159711761484,5.038229999235377,5.037301775914565,5.035449780198609,5.026277750663465
553.15,5.490872854523667,5.4722058246433365,5.454018061590935,5.436290778137106,5.419006058104903,5.402146778504518,5.385696551322884,5.369639679653546,5.353961124037366,5.33864647584594,5.323681935315632,5.309054292460316,5.294750909583129,5.280759704493596,5.267069133836003,5.253668176163283,5.240546314562011,5.227693518759567,5.215100226733031,5.20275732589962,5.190656134005832,5.178788379853152,5.167146184005732,5.155722039623907,5.14450879355905,5.133499627832635,5.124834854325154,5.123760488156104,5.122688041607073,5.121617508608303,5.1205488831183095,5.1194821591237245,5.118417330639134,5.117354391706904,5.116293336397043,5.115234158807009,5.114176853061566,5.113121413312635,5.11206783373911,5.111016108546721,5.109966231967861,5.108918198261445,5.107872001712737,5.106827636633208,5.1057850973603776,5.104744378257658,5.103705473714205,5.102668378144753,5.101633085989493,5.100599591713889,5.0995678898085455,5.098537974789058,5.0975098411958575,5.096483483594076,5.095458896573384,5.0944360747478585,5.093415012755824,5.092395705259724,5.09137814694597,5.09036233252479,5.0893482567301005,5.088335914319364,5.087325300073436,5.086316408796443,5.08530923531563,5.084303774481228,5.083300021166318,5.082297970266694,5.081297616700726,5.080298955409226,5.07930198135532,5.078306689524297,5.077313074923499,5.0763211325821755,5.075330857551362,5.074342244903737,5.073355289733511,5.072369987156279,5.071386332308904,5.070404320349393,5.069423946456761,5.068445205830916,5.0674680936925265,5.066492605282905,5.0655187358638765,5.064546480717665,5.0635758351467715,5.0626067944738455,5.061639354041579,5.0606735092125685,5.059709255369216,5.058746587913602,5.0577855022673734,5.056825993871619,5.055868058186765,5.054911690692452,5.053956886887433,5.053003642289449,5.052051952435117,5.051101812879833,5.050153219197645,5.0492061669811505,5.048260651841392,5.04731666940774,5.04637421532779,5.045433285267254,5.044493874909862,5.042619596128826,5.0333379404743965
553.65,5.5051716647376745,5.486143405253769,5.467609131787396,5.449549297076722,5.431945288866689,5.414779339213682,5.398034456722696,5.381694375660386,5.365743517216862,5.350166959270798,5.334950411886853,5.320080196475972,5.305543227107813,5.291326992904071,5.277419540784704,5.263809458101971,5.250485854896188,5.237438345653989,5.22465703055549,5.212132476269399,5.199855696402486,5.187818131737286,5.176011630404633,5.164428428139432,5.153061128761875,5.1419026850149,5.133121781600864,5.132033099056343,5.130946379873841,5.1298616177852825,5.128778806552038,5.127697939964771,5.126619011843249,5.125542016036186,5.124466946421066,5.1233937969039784,5.12232256141946,5.121253233930307,5.12018580842743,5.11912027892968,5.11805663948368,5.116994884163678,5.115935007071357,5.114877002335706,5.113820864112831,5.112766586585812,5.11171416396453,5.110663590485524,5.109614860411823,5.108567968032785,5.107522907663953,5.106479673646891,5.10543826034903,5.104398662163511,5.103360873509047,5.102324888829748,5.101290702594988,5.100258309299247,5.099227703461961,5.098198879627368,5.097171832364376,5.096146556266398,5.095123045951214,5.094101296060821,5.0930813012612965,5.092063056242639,5.091046555718645,5.090031794426753,5.0890187671279,5.088007468606383,5.0869978936697295,5.08599003714855,5.084983893896387,5.083979458789606,5.082976726727232,5.08197569263083,5.0809763514443596,5.079978698134048,5.078982727688258,5.077988435117343,5.076995815453531,5.076004863750783,5.075015575084665,5.07402794455222,5.073041967271844,5.072057638383144,5.071074953046833,5.070093906444579,5.0691144937788986,5.068136710273028,5.067160551170792,5.066186011736486,5.065213087254762,5.064241773030493,5.063272064388662,5.062303956674238,5.061337445252057,5.060372525506716,5.059409192842427,5.058447442682933,5.057487270471375,5.056528671670177,5.05557164176094,5.0546161762443145,5.053662270639906,5.052709920486147,5.0517591213402016,5.049862158393321,5.040468918084318
554.15,5.519716296234501,5.500316307463189,5.481425611207394,5.463023850770205,5.4450916769122975,5.427610642299238,5.410563122618889,5.393932257478297,5.3777019056795625,5.361856610689594,5.3463815731035975,5.331262627694424,5.316486223272893,5.3020394040841925,5.287909791857538,5.274085567928311,5.260555455082134,5.247308698941854,5.2343350488429605,5.221624738230658,5.20916846466998,5.196957369596286,5.184983017952057,5.17323737786174,5.161712800493078,5.150402000243306,5.141502603650945,5.140399315308816,5.139298035374747,5.138198757374583,5.137101474864838,5.136006181432525,5.134912870694992,5.1338215362997195,5.132732171924168,5.131644771275588,5.130559328090857,5.129475836136298,5.128394289207507,5.127314681129192,5.126237005754984,5.125161256967287,5.124087428677088,5.123015514823803,5.1219455093751085,5.120877406326759,5.119811199702445,5.1187468835536025,5.1176844519592715,5.11662389902591,5.115565218887247,5.114508405704116,5.113453453664287,5.112400356982316,5.111349109899375,5.110299706683106,5.1092521416274455,5.108206409052484,5.107162503304302,5.1061204187548075,5.105080149801595,5.104041690867783,5.103005036401858,5.101970180877532,5.100937118793585,5.099905844673714,5.09887635306638,5.097848638544669,5.096822695706138,5.095798519172663,5.094776103590302,5.093755443629142,5.092736533983158,5.091719369370067,5.090703944531194,5.089690254231305,5.088678293258505,5.087668056424055,5.086659538562266,5.085652734530339,5.08464763920824,5.083644247498556,5.08264255432636,5.081642554639075,5.080644243406345,5.0796476156198915,5.07865266629339,5.077659390462335,5.076667783183899,5.075677839536823,5.074689554621266,5.073702923558687,5.072717941491721,5.071734603584041,5.070752905020234,5.069772841005685,5.068794406766444,5.067817597549106,5.066842408620678,5.065868835268481,5.064896872799997,5.0639265165427725,5.062957761844293,5.061990604071858,5.061025038612468,5.060061060872705,5.059098666278623,5.057178608328322,5.047671777667228
554.65,5.534513559481689,5.514730928941579,5.495473520471161,5.47672011292121,5.458450574802669,5.440645741566343,5.423287323808176,5.406357838572824,5.3898405575968855,5.373719467697844,5.357979239622683,5.34260520256401,5.327583322267718,5.312900181223822,5.298542959879322,5.284499418158093,5.270757876838263,5.257307198537033,5.244136768199247,5.231236473090591,5.218596682367324,5.206208226339999,5.1940623755741155,5.182150819981546,5.170465648056408,5.158999326401189,5.149979007913553,5.148860816391733,5.147744679675976,5.146630591077933,5.145518543941215,5.1444085316411945,5.14330054758484,5.142194585210515,5.141090637987809,5.139988699417344,5.138888763030604,5.137790822389744,5.136694871087416,5.135600902746593,5.134508911020385,5.133418889591858,5.132330832173875,5.131244732508899,5.130160584368827,5.129078381554823,5.127998117897127,5.126919787254904,5.1258433835160515,5.1247689005970445,5.1236963324427585,5.122625673026297,5.12155691634883,5.12049005643942,5.119425087354857,5.118362003179507,5.117300798025113,5.116241466030666,5.1151840013622225,5.114128398212747,5.1130746508019485,5.112022753376121,5.110972700207985,5.109924485596523,5.108878103866831,5.107833549369949,5.106790816482715,5.105749899607604,5.104710793172567,5.103673491630894,5.10263798946105,5.101604281166514,5.100572361275652,5.099542224341533,5.098513864941825,5.097487277678592,5.096462457178196,5.095439398091111,5.094418095091807,5.093398542878584,5.09238073617344,5.091364669721916,5.090350338292976,5.089337736678825,5.08832685969482,5.08731770217928,5.086310258993383,5.085304525021015,5.0843004951686215,5.083298164365095,5.082297527561614,5.081298579731527,5.080301315870211,5.079305730994942,5.0783118201447515,5.077319578380313,5.0763290007837965,5.075340082458748,5.074352818529959,5.07336720414333,5.072383234465755,5.071400904684987,5.070420210009528,5.0694411456684785,5.068463706911431,5.067487889008352,5.066513687249445,5.064570113425457,5.054947638132785
555.15,5.549570531715357,5.529393909835789,5.50975910203778,5.490643961312914,5.472027523695189,5.453889865744054,5.436211997791405,5.418975784073128,5.402163882734698,5.3857597002302455,5.369747355879801,5.354111653356865,5.338838056687505,5.323912668985815,5.309322212659619,5.295054010216067,5.281095965102179,5.267436542246435,5.254064748138791,5.240970110410289,5.228142656959323,5.215572894728168,5.203251788267195,5.191170738240833,5.1793215600331735,5.1676964626058615,5.158552725781696,5.157419325462602,5.156288027749459,5.155158825731278,5.154031712530364,5.152906681302104,5.151783725234806,5.150662837549476,5.149544011499647,5.148427240371191,5.147312517482117,5.146199836182395,5.145089189853766,5.143980571909546,5.142873975794465,5.14176939498445,5.140666822986463,5.139566253338313,5.138467679608476,5.137371095395902,5.136276494329842,5.135183870069681,5.134093216304734,5.133004526754083,5.131917795166403,5.130833015319769,5.1297501810215005,5.128669286107966,5.127590324444434,5.126513289924865,5.12543817647178,5.124364978036062,5.1232936885967835,5.122224302161056,5.121156812763845,5.120091214467813,5.11902750136314,5.117965667567368,5.116905707225238,5.1158476145085094,5.114791383615814,5.113737008772481,5.112684484230383,5.111633804267774,5.110584963189123,5.109537955324971,5.108492775031746,5.107449416691634,5.106407874712404,5.10536814352726,5.104330217594688,5.1032940913982925,5.1022597594466585,5.101227216273184,5.10019645643594,5.09916747451752,5.098140265124887,5.097114822889216,5.096091142465777,5.095069218533745,5.094049045796094,5.093030618979433,5.0920139328338605,5.090998982132828,5.089985761672995,5.088974266274096,5.087964490778783,5.086956430052508,5.085950078983366,5.084945432481959,5.0839424854812805,5.082941232936549,5.081941669825096,5.080943791146226,5.079947591921074,5.078953067192487,5.0779602120248875,5.076969021504132,5.075979490737402,5.0749916148530625,5.074005389000534,5.072037868093109,5.062297643835965
555.65,5.56489457249705,5.544312146004846,5.524288831593796,5.5048014877205595,5.485828262068051,5.467348426244752,5.4493422517401875,5.431790917078598,5.414676438202214,5.3979816158308545,5.381689994942291,5.365785832652164,5.350254071684925,5.335080317356479,5.320250816567131,5.305752437755365,5.2915726511133965,5.2776995086321605,5.264121623742924,5.250828150468605,5.237808762100645,5.225053629486703,5.2125533990578266,5.200299170747201,5.188282475961329,5.176495255762368,5.167225534063562,5.166076610807252,5.164929839410726,5.163785212731528,5.162642723661896,5.1615023651285314,5.160364130092426,5.159228011548641,5.158094002526121,5.156962096087501,5.155832285328894,5.154704563379715,5.1535789234024785,5.152455358592593,5.151333862178185,5.150214427419899,5.149097047610709,5.147981716075722,5.146868426171996,5.1457571712883405,5.144647944845141,5.143540740294164,5.142435551118364,5.141332370831722,5.140231192979024,5.139132011135707,5.138034818907667,5.136939609931073,5.135846377872187,5.134755116427184,5.133665819321976,5.132578480312027,5.131493093182177,5.130409651746467,5.1293281498479635,5.128248581358573,5.127170940178889,5.126095220237992,5.1250214154933005,5.123949519930385,5.122879527562795,5.121811432431908,5.120745228606739,5.119680910183783,5.118618471286849,5.117557906066886,5.1164992087018275,5.115442373396418,5.114387394382058,5.113334265916632,5.112282982284361,5.1112335377956235,5.110185926786813,5.109140143620165,5.108096182683606,5.107054038390601,5.10601370517999,5.104975177515834,5.103938449887263,5.102903516808321,5.101870372817818,5.100839012479167,5.099809430380254,5.098781621133261,5.097755579374549,5.096731299764476,5.095708776987281,5.094688005750922,5.093668980786928,5.092651696850267,5.091636148719198,5.09062233119512,5.089610239102444,5.088599867288452,5.087591210623137,5.086584263999095,5.085579022331364,5.084575480557301,5.083573633636433,5.082573476550337,5.081575004302494,5.079583094444252,5.0697229653108975
556.15,5.580493340704504,5.55949280340147,5.539069430362961,5.519199008569301,5.499858735053272,5.481027025425387,5.462683369882397,5.4448082253196715,5.4273829345045135,5.410389665187032,5.3938113635939535,5.377631718025832,5.361835129307327,5.346406685664339,5.331332140257698,5.316597890117813,5.302190955625721,5.288098959993255,5.274310108426546,5.2608131668279805,5.247597440014103,5.234652749510908,5.221969411042665,5.209538211861881,5.197350388082397,5.185397602179514,5.175999256500841,5.174834487346417,5.173671920813786,5.17251154951985,5.171353366117626,5.170197363296061,5.169043533779807,5.167891870329014,5.166742365739134,5.165595012840716,5.1644498044991956,5.163306733614693,5.162165793121816,5.16102697598945,5.159890275220568,5.158755683852018,5.157623194954331,5.156492801631533,5.1553644970209165,5.154238274292876,5.1531141266506975,5.151992047330362,5.150872029600356,5.149754066761479,5.148638152146642,5.147524279120682,5.146412441080176,5.1453026314532435,5.144194843699357,5.143089071309164,5.141985307804277,5.140883546737119,5.139783781690711,5.138686006278498,5.137590214144168,5.136496398961461,5.135404554433992,5.134314674295076,5.133226752307532,5.1321407822635186,5.131056757984348,5.129974673320312,5.128894522150505,5.127816298382641,5.126739995952899,5.125665608825723,5.124593130993667,5.123522556477223,5.122453879324642,5.121387093611767,5.120322193441864,5.119259172945462,5.118198026280172,5.117138747630532,5.116081331207839,5.115025771249975,5.113972062021264,5.11292019781229,5.111870172939752,5.1108219817462865,5.109775618600322,5.108731077895919,5.107688354052604,5.106647441515217,5.10560833475376,5.104571028263247,5.103535516563531,5.102501794199168,5.101469855739262,5.100439695777309,5.099411308931056,5.098384689842344,5.097359833176959,5.096336733624495,5.095315385898199,5.094295784734833,5.093277924894516,5.092261801160601,5.091247408339514,5.090234741260623,5.089223794776099,5.087207043111974,5.077224800030052
556.65,5.596374813127639,5.5749433337341205,5.554107878442221,5.533843076419722,5.514125104442092,5.494931465400904,5.476240821346065,5.458032868203994,5.440288241923342,5.422988447946888,5.406115807667833,5.389653416959937,5.37358511303061,5.357895446776471,5.342569658563868,5.327593655942111,5.312953992255462,5.298637845472607,5.284632996820243,5.2709278090069,5.257511203967362,5.244372640159468,5.231502089512172,5.218890014164862,5.2065273431591725,5.194405449250894,5.184875765347744,5.183694818202396,5.182516126005601,5.181339681124013,5.180165475961918,5.178993502961011,5.177823754600208,5.176656223395401,5.175490901899256,5.174327782701004,5.173166858426229,5.172008121736654,5.170851565329923,5.169697181939413,5.168544964333999,5.167394905317866,5.16624699773029,5.165101234445438,5.163957608372161,5.162816112453782,5.161676739667905,5.160539483026203,5.159404335574217,5.158271290391157,5.157140340589696,5.1560114793157785,5.154884699748414,5.153759995099483,5.152637358613541,5.151516783567614,5.150398263271019,5.149281791065154,5.148167360323309,5.147054964450479,5.1459445968831705,5.144836251089201,5.14372992056752,5.142625598848021,5.141523279491345,5.140422956088697,5.139324622261663,5.138228271662023,5.137133897971564,5.136041494901906,5.134951056194299,5.133862575619467,5.132776046977418,5.131691464097251,5.130608820837,5.12952811108344,5.128449328751922,5.1273724677861825,5.126297522158189,5.125224485867948,5.124153352943342,5.123084117439957,5.122016773440912,5.120951315056685,5.119887736424951,5.118826031710404,5.117766195104605,5.116708220825808,5.115652103118784,5.114597836254685,5.113545414530856,5.112494832270676,5.111446083823422,5.110399163564072,5.109354065893172,5.108310785236676,5.107269316045775,5.106229652796754,5.105191789990834,5.1041557221540135,5.103121443836922,5.102088949614669,5.10105823408668,5.100029291876564,5.099002117631948,5.097976706024346,5.096953051748997,5.094910994093796,5.084804373189665
557.15,5.6125473048632735,5.590671491561655,5.569411429282831,5.548740492373725,5.528633759436035,5.509067757466707,5.49002026850625,5.471470184283049,5.453397397253934,5.4357827188422805,5.418607817644931,5.401855171986275,5.385508032501712,5.369550391482612,5.353966956554736,5.338743126927382,5.3238649709721475,5.309319204294907,5.295093167773289,5.28117480526381,5.2675526408524735,5.254215755643352,5.241153764161735,5.228356790500493,5.215815444367472,5.203520797203833,5.1938569830133865,5.192659516328611,5.191464358542853,5.190271501762518,5.189080938133207,5.187892659839507,5.186706659104771,5.185522928190869,5.184341459398005,5.183162245064459,5.181985277566399,5.180810549317639,5.179638052769428,5.178467780410236,5.177299724765536,5.176133878397575,5.174970233905178,5.1738087839235245,5.172649521123925,5.171492438213634,5.1703375279356,5.169184783068294,5.168034196425469,5.1668857608559655,5.165739469243497,5.164595314506452,5.163453289597663,5.162313387504231,5.161175601247298,5.160039923881846,5.15890634849651,5.157774868213358,5.15664547618768,5.155518165607826,5.154392929694961,5.1532697617029,5.15214865491789,5.15102960265842,5.149912598275026,5.148797635150095,5.147684706697673,5.1465738063632696,5.145464927623651,5.144358063986688,5.143253208991123,5.142150356206402,5.141049499232485,5.1399506316996595,5.138853747268346,5.137758839628917,5.136665902501523,5.13557492963589,5.13448591481115,5.133398851835657,5.132313734546803,5.1312305568108485,5.1301493125227315,5.129069995605897,5.127992600012118,5.126917119721328,5.125843548741432,5.124771881108153,5.1237021108848335,5.12263423216229,5.121568239058625,5.120504125719071,5.119441886315812,5.118381515047815,5.117323006140682,5.1162663538464574,5.1152115524434825,5.114158596236231,5.113107479555141,5.112058196756455,5.1110107422220645,5.109965110359341,5.108921295600994,5.107879292404888,5.1068390952539255,5.105800698655845,5.104764097143106,5.102696257626083,5.092462938522668
557.65,5.629019491726638,5.606685352991197,5.58498762545069,5.5638983195060625,5.5433913282251295,5.5234421321940665,5.504027575884927,5.48512569917838,5.466715610928967,5.44877739414222,5.431292034538546,5.4142413660801765,5.397608028503022,5.381375433077963,5.365527733775395,5.350049801760196,5.334927201738777,5.320146169142002,5.3056935874830256,5.291556965497637,5.277724413873008,5.264184621513869,5.250926831394189,5.2379408161072,5.225216853265203,5.212745700919378,5.202944883770391,5.201730546204758,5.200518573173783,5.1993089565131845,5.198101688099522,5.196896759849962,5.1956941637220515,5.19449389171349,5.193295935861882,5.192100288244537,5.190906940978209,5.1897158862189015,5.188527116161606,5.1873406230401065,5.18615639912673,5.184974436732151,5.183794728205128,5.182617265932317,5.181442042338026,5.180269049884007,5.179098281069222,5.177929728429645,5.176763384538021,5.175599242003649,5.174437293472188,5.173277531625412,5.172119949181013,5.1709645388923775,5.169811293548381,5.16866020597316,5.167511269025921,5.166364475600713,5.165219818626223,5.164077291065571,5.162936885916092,5.161798596209137,5.160662415009862,5.15952833541703,5.158396350562795,5.157266453612512,5.1561386377645215,5.155012896249951,5.153889222332525,5.152767609308359,5.151648050505749,5.150530539284994,5.149415069038188,5.148301633189026,5.147190225192608,5.14608083853525,5.144973466734292,5.143868103337898,5.142764741924871,5.1416633761044706,5.140563999516211,5.139466605829678,5.138371188744354,5.137277741989414,5.136186259323553,5.135096734534806,5.134009161440357,5.132923533886354,5.131839845747743,5.130758090928084,5.129678263359362,5.12860035700182,5.127524365843793,5.126450283901504,5.125378105218921,5.124307823867559,5.123239433946332,5.122172929581362,5.121108304925823,5.1200455541597565,5.1189846714899225,5.11792565114962,5.116868487398531,5.115813174522543,5.114759706833602,5.113708078669531,5.112658284393887,5.110564175089752,5.1002017791401295
558.15,5.6458004349241815,5.622993336172008,5.600844315816408,5.579323897438748,5.558404690485533,5.538061050270664,5.518268819660181,5.499005134011861,5.480248274564197,5.461977558463844,5.444173256086113,5.426816528322328,5.409889378153006,5.393374612156805,5.377255808676153,5.3615172902137695,5.346144098309235,5.331121969672233,5.316437312756739,5.30207718427028,5.28802926534358,5.2742818372544,5.260823756717838,5.247644430835131,5.234733791842257,5.22208227182645,5.212141495532756,5.210909925600643,5.209680777588088,5.208454043049243,5.207229713580817,5.206007780821808,5.204788236453294,5.203571072198175,5.202356279820936,5.201143851127415,5.199933777964565,5.198726052220216,5.19752066582284,5.1963176107413105,5.195116878984689,5.193918462601959,5.192722353681819,5.191528544352448,5.190337026781264,5.189147793174699,5.18796083577798,5.186776146874872,5.1855937187874925,5.184413543876043,5.183235614538612,5.182059923210938,5.180886462366181,5.179715224514713,5.1785462022038855,5.177379388017803,5.176214774577123,5.1750523545388125,5.173892120595944,5.172734065477473,5.171578181948021,5.170424462807665,5.169272900891706,5.168123489070478,5.166976220249123,5.16583108736737,5.164688083399348,5.163547201353345,5.162408434271634,5.161271775230228,5.160137217338707,5.159004753739982,5.157874377610119,5.1567460821581035,5.155619860625672,5.154495706287074,5.153373612448903,5.152253572449876,5.151135579660644,5.150019627483584,5.148905709352622,5.147793818733016,5.146683949121172,5.145576094044449,5.144470247060966,5.143366401759407,5.1422645517588395,5.141164690708514,5.140066812287687,5.138970910205419,5.137876978200405,5.136785010040777,5.135694999523929,5.134606940476323,5.133520826753319,5.132436652238981,5.131354410845917,5.130274096515074,5.129195703215585,5.1281192249445775,5.127044655727002,5.12597198961546,5.124901220690029,5.123832343058083,5.12276535085414,5.121700238239668,5.1206369994029375,5.118516119948726,5.1080222084025415
558.65,5.662899608264232,5.6396042238021975,5.6169896743456,5.595024858192384,5.573680990900742,5.552931214167377,5.532750297848402,5.513114414389291,5.494000968964889,5.475388471972112,5.457256443273224,5.439585339848121,5.422356500359355,5.40555210163009,5.3891551232425385,5.373149317428688,5.357519182190929,5.342249936191031,5.3273274944123346,5.312738443956814,5.298470019607061,5.28451007898052,5.270847077244342,5.257470041455733,5.244368544654933,5.231532679873643,5.221448901706121,5.220199727411764,5.218953034237946,5.217708813445913,5.216467056341236,5.215227754273559,5.2139908986363475,5.212756480866641,5.2115244924448065,5.210294924894292,5.209067769781383,5.207843018714955,5.206620663346232,5.205400695368535,5.204183106517056,5.202967888568596,5.201755033341333,5.200544532694589,5.199336378528573,5.1981305627841605,5.196927077442638,5.195725914525483,5.194527066094117,5.193330524249658,5.192136281132725,5.190944328923153,5.189754659839797,5.188567266140292,5.187382140120808,5.186199274115833,5.185018660497944,5.183840291677568,5.182664160102762,5.18149025825899,5.180318578668888,5.179149113892039,5.17798185652476,5.176816799199872,5.175653934586474,5.17449325538973,5.173334754350645,5.172178424245846,5.171024257887364,5.169872248122423,5.168722387833214,5.167574669936681,5.1664290873843255,5.165285633161962,5.164144300289535,5.163005081820891,5.161867970843578,5.160732960478632,5.15960004388037,5.158469214236185,5.157340464766341,5.156213788723762,5.15508917939384,5.153966630094225,5.152846134174627,5.151727685016607,5.150611276033397,5.149496900669679,5.1483845524014065,5.147274224735603,5.146165911210159,5.145059605393655,5.143955300885153,5.1428529913140135,5.141752670339708,5.140654331651616,5.1395579689688535,5.138463576040086,5.137371146643315,5.136280674585735,5.13519215370352,5.134105577861647,5.133020940953727,5.131938236901802,5.130857459656191,5.1297786031952946,5.128701661525424,5.126553498722502,5.115925570822191
559.15,5.680326928214882,5.656527187891998,5.633432220680754,5.611009143463549,5.589227653823559,5.568059580722866,5.547478541230512,5.5274596799936555,5.507979472637026,5.48901557800247,5.470546727216973,5.452552640106628,5.435013961541987,5.417912211981448,5.401229747838214,5.384949728385444,5.36905608678149,5.3535335034802785,5.338367380824526,5.323543818029477,5.309049586074869,5.294872102253518,5.280999404290999,5.267420124067381,5.254123461048668,5.2410991555820825,5.230869243113683,5.229602081569926,5.228337462233424,5.227075376060706,5.225815814054458,5.224558767263276,5.223304226781411,5.222052183748505,5.220802629349336,5.219555554813573,5.218310951415509,5.217068810473813,5.215829123351277,5.214591881454563,5.213357076233951,5.212124699183086,5.2108947418387235,5.209667195780502,5.208442052630666,5.2072193040538295,5.205998941756734,5.204780957487993,5.203565343037862,5.202352090237968,5.201141190961083,5.199932637120887,5.198726420671707,5.197522533608294,5.196320967965566,5.195121715818377,5.193924769281289,5.192730120508305,5.191537761692664,5.190347685066588,5.189159882901047,5.1879743475055315,5.186791071227814,5.185610046453721,5.184431265606903,5.183254721148591,5.182080405577392,5.180908311429036,5.179738431276165,5.1785707577280995,5.177405283430621,5.1762420010657335,5.175080903351458,5.173921983041595,5.17276523292552,5.1716106458279425,5.170458214608714,5.169307932162583,5.168159791418995,5.167013785341879,5.16586990692942,5.164728149213852,5.1635885052612505,5.162450968171319,5.161315531077173,5.160182187145132,5.159050929574524,5.157921751597466,5.156794646478655,5.155669607515183,5.154546628036309,5.153425701403277,5.1523068210091045,5.151189980278384,5.150075172667084,5.148962391662353,5.147851630782321,5.146742883575907,5.145636143622622,5.144531404532373,5.143428659945282,5.142327903531475,5.1412291289909176,5.140132330053204,5.139037500477384,5.137944634051773,5.1368537245937524,5.1346777519943645,5.12391324299795
559.65,5.698092787158934,5.673771817059061,5.6501808427303395,5.627285023497878,5.605052399210935,5.583453374749361,5.56246032510342,5.5420472948505655,5.522189770852134,5.502864511145275,5.484049416439381,5.4657234334532845,5.447866481645717,5.43045939677764,5.413483886273869,5.396922492579757,5.380758561688957,5.364976214794746,5.3495603216238505,5.334496474481776,5.319770962396166,5.305370745012516,5.291283426092237,5.277497226601496,5.264000957473147,5.2507839921831145,5.24040472000128,5.239119177032272,5.2378362393156355,5.236555897490839,5.2352781422454315,5.234002964314793,5.232730354481848,5.231460303576814,5.230192802476931,5.228927842106199,5.227665413435111,5.226405507480402,5.2251481153047665,5.22389322801661,5.222640836769795,5.221390932763364,5.220143507241286,5.2188985514922095,5.217656056849183,5.216416014689415,5.215178416434014,5.213943253547728,5.212710517538688,5.2114801999581655,5.210252292400311,5.209026786501894,5.207803673942063,5.206582946442104,5.20536459576516,5.2041486137160105,5.2029349921408095,5.201723722926843,5.200514798002284,5.199308209335942,5.1981039489370175,5.196902008854872,5.195702381178772,5.194505058037643,5.193310031599853,5.19211729407295,5.190926837703429,5.189738654776498,5.188552737615843,5.187369078583386,5.186187670079059,5.185008504540557,5.183831574443121,5.182656872299303,5.181484390658727,5.1803141221078635,5.179146059269814,5.177980194804066,5.1768165214062725,5.175655031808034,5.174495718776674,5.173338575115,5.17218359366111,5.171030767288143,5.169880088904084,5.168731551451525,5.167585147907469,5.166440871283094,5.165298714623551,5.164158671007753,5.163020733548143,5.161884895390509,5.160751149713755,5.159619489729699,5.15848990868286,5.157362399850264,5.156236956541222,5.155113572097141,5.153992239891305,5.152872953328684,5.151755705845737,5.150640490910192,5.149527302020877,5.148416132707497,5.147306976530445,5.146199827080621,5.145094677979218,5.1428903554568,5.131986634583921
560.15,5.7162080902372185,5.691348146664024,5.667244821508316,5.643861117748963,5.62116325998071,5.59912010377576,5.57770268194684,5.5568838583368665,5.53663806532136,5.5169411058352535,5.497770004564764,5.479102896103579,5.4609189404642775,5.443198258450951,5.425921881116648,5.409071708912773,5.392630477245569,5.376581726034295,5.360909771556054,5.345599679399656,5.330637237762014,5.31600893063073,5.301701910625318,5.28770397143372,5.274003519893982,5.260589547844662,5.250057594125174,5.248753263852381,5.2474516039112,5.246152604611199,5.2448562563120245,5.243562549423127,5.242271474403506,5.240983021761407,5.239697182054067,5.238413945887425,5.237133303915866,5.235855246841949,5.234579765416108,5.233306850436422,5.232036492748314,5.2307686832442855,5.229503412863664,5.22824067259232,5.226980453462399,5.22572274655207,5.224467542985239,5.223214833931294,5.221964610604852,5.220716864265467,5.219471586217396,5.218228767809321,5.216988400434087,5.215750475528457,5.214514984572832,5.213281919090999,5.2120512706498925,5.2108230308593075,5.20959719137166,5.208373743881737,5.207152680126424,5.205933991884473,5.204717670976233,5.203503709263413,5.20229209864882,5.201082831076117,5.199875898529573,5.198671293033813,5.197469006653576,5.196269031493471,5.195071359697723,5.193875983449942,5.192682894972877,5.191492086528168,5.190303550416122,5.1891172789754485,5.187933264583058,5.1867514996537825,5.185571976640183,5.184394688032279,5.18321962635734,5.182046784179636,5.180876154100225,5.179707728756697,5.178541500822982,5.17737746300908,5.176215608060863,5.175055928759849,5.1738984179229615,5.172743068402319,5.17158987308501,5.170438824892875,5.1692899167822715,5.168143141743893,5.166998492802501,5.165855963016754,5.164715545478964,5.163577233314892,5.162441019683544,5.161306897776949,5.16017486081995,5.159044902069995,5.157917014816941,5.156791192382831,5.155667428121693,5.154545715419352,5.153426047693204,5.151192820995778,5.140147189293408
560.65,5.734684296220862,5.709266692134249,5.684633858496925,5.660746417537509,5.637568600957888,5.615067574058957,5.593212915108178,5.5719762170123435,5.551330784541133,5.531251405494918,5.511714178479768,5.492696383477875,5.474176384299588,5.456133554373094,5.438548219255941,5.421401610809304,5.404675829226398,5.388353810101417,5.372419294510249,5.3568568006868515,5.341651596351067,5.326789671101746,5.312257708555539,5.2980430581049855,5.28413370630538,5.270518247990293,5.2598301909264045,5.258506655337103,5.257185857271762,5.255867786696658,5.254552433630217,5.253239788142751,5.251929840356159,5.250622580443652,5.2493179986294605,5.248016085188556,5.246716830446381,5.245420224778546,5.244126258610565,5.242834922417561,5.241546206724006,5.24026010210342,5.238976599178111,5.23769568861888,5.23641736114476,5.23514160752273,5.233868418567443,5.232597785140948,5.231329698152419,5.230064148557879,5.22880112735993,5.227540625607483,5.226282634395473,5.225027144864619,5.2237741482011115,5.22252363563639,5.2212755984468355,5.220030027953535,5.2187869155219975,5.217546252561892,5.216308030526786,5.215072240913892,5.2138388752637725,5.212607925160128,5.211379382229493,5.210153238141002,5.208929484606119,5.207708113378391,5.206489116253185,5.20527248506743,5.2040582116993646,5.2028462880682955,5.201636706134328,5.200429457898125,5.199224535400659,5.198021930722957,5.196821635985857,5.1956236433497525,5.194427945014365,5.193234533218487,5.192043400239737,5.190854538394323,5.189667940036798,5.188483597559826,5.187301503393943,5.186121650007302,5.184944029905466,5.183768635631149,5.182595459763992,5.181424494920333,5.180255733752965,5.17908916895091,5.177924793239207,5.176762599378651,5.175602580165588,5.1744447284316895,5.1732890370437215,5.1721354989033275,5.170984106946792,5.169834854144841,5.16868773350241,5.167542738058422,5.166399860885578,5.165259095090148,5.164120433811733,5.162983870223078,5.1618493975298465,5.159586697815624,5.14839638593979
561.15,5.7535334629077655,5.727538485866167,5.702358105840723,5.677950310952115,5.6542771395999045,5.631303908011921,5.608998613620554,5.587331477364181,5.566274594880368,5.5458016722865615,5.525887826998658,5.506509437971441,5.487644032983636,5.4692702032420835,5.451367537743051,5.4339165715785755,5.416898743784781,5.400296361454294,5.384092567724581,5.3682713119523084,5.352817320923527,5.33771607036191,5.322953756306592,5.308517266157608,5.294394149348484,5.280572587715349,5.2697249017956285,5.268381730293149,5.267041365702434,5.2657037976325185,5.264369015746741,5.263037009762472,5.261707769450815,5.26038128463631,5.259057545196643,5.257736541062358,5.256418262216553,5.255102698694613,5.253789840583888,5.252479678023422,5.2511722012036675,5.249867400366184,5.248565265803356,5.247265787858111,5.245968956923611,5.244674763442995,5.243383197909079,5.242094250864069,5.2408079128992835,5.239524174654859,5.238243026819488,5.236964460130113,5.235688465371662,5.234415033376763,5.2331441550254665,5.231875821244964,5.230610023009308,5.229346751339146,5.228085997301432,5.226827752009163,5.225572006621086,5.224318752341457,5.223067980419725,5.221819682150313,5.220573848872293,5.219330471969161,5.218089542868541,5.216851053041936,5.215614994004444,5.214381357314506,5.21315013457364,5.211921317426173,5.21069489755897,5.209470866701204,5.208249216624063,5.207029939140502,5.205813026104991,5.204598469413253,5.20338626100201,5.202176392848727,5.20096885697136,5.199763645428096,5.198560750317121,5.197360163776345,5.196161877983177,5.194965885154257,5.193772177545228,5.192580747450474,5.191391587202887,5.190204689173618,5.189020045771843,5.187837649444511,5.186657492676114,5.185479567988452,5.18430386794038,5.183130385127589,5.181959112182364,5.180790041773351,5.179623166605332,5.178458479418983,5.177295972990653,5.176135640132128,5.174977473690424,5.173821466547535,5.172667611620218,5.171515901859785,5.17036633025186,5.168073573606326,5.156735739515925
561.65,5.772768297598131,5.746175118145567,5.720428199717275,5.695482610263464,5.6712979687131435,5.647837563213884,5.625067668284231,5.602957019565711,5.581476412488321,5.560598397534787,5.540297050082431,5.520547797187448,5.501327287292605,5.482613291806195,5.4643846299242105,5.446621110033203,5.429303482617762,5.412413400866549,5.395933386178957,5.379846796567894,5.364137796570907,5.348791327755479,5.333793079261894,5.319129458091695,5.3047875590402676,5.290755134304448,5.279744186432648,5.278380935367517,5.277020562883292,5.275663058217214,5.2743084106630835,5.27295660957096,5.271607644346863,5.270261504452467,5.2689181794047935,5.267577658775912,5.266239932192646,5.264904989336271,5.263572819942198,5.262243413799696,5.260916760751575,5.259592850693901,5.2582716735756865,5.256953219398608,5.255637478216685,5.2543244401360125,5.253014095314433,5.251706433961283,5.250401446337058,5.249099122753144,5.247799453571517,5.246502429204447,5.245208040114212,5.243916276812814,5.242627129861674,5.241340589871351,5.240056647501262,5.23877529345938,5.2374965185019535,5.236220313433229,5.234946669105153,5.233675576417099,5.2324070263155775,5.231141009793963,5.2298775178922,5.228616541696537,5.227358072339241,5.226102100998314,5.224848618897228,5.223597617304646,5.222349087534133,5.221103020943906,5.21985940893654,5.2186182429587085,5.217379514500914,5.216143215097201,5.2149093363249195,5.213677869804416,5.21244880719881,5.2112221402137,5.209997860596907,5.208775960138218,5.207556430669111,5.206339264062516,5.205124452232531,5.203911987134181,5.202701860763154,5.201494065155548,5.2002885923876185,5.199085434575513,5.197884583875036,5.196686032481386,5.195489772628915,5.194295796590869,5.19310409667915,5.1919146652440675,5.190727494674088,5.189542577395613,5.1883599058727,5.187179472606854,5.186001270136776,5.184825291038126,5.183651527923284,5.182479973441112,5.181310620276729,5.18014346115127,5.178978488821658,5.176655075755199,5.165166802313812
562.15,5.792402213272342,5.765188782577892,5.738855297273759,5.713353582157656,5.688640581401068,5.6646773531910055,5.641428289157185,5.618860512363404,5.596943416112042,5.5756483128884495,5.5549481686657725,5.5348174026755705,5.515231736786897,5.496168081951508,5.477604451888157,5.459519896384001,5.441894448375872,5.424709080405672,5.407945667185142,5.39158695190528,5.375616514629181,5.360018741649354,5.3447787951031716,5.32988258244756,5.315316725618048,5.301068529855218,5.289890575304958,5.288506787486111,5.2871259522881795,5.285748058561465,5.284373095215165,5.283001051217062,5.281631915593206,5.280265677427593,5.278902325861877,5.2775418500950275,5.276184239383049,5.274829483038659,5.273477570430959,5.272128490985154,5.270782234182232,5.269438789558648,5.268098146706015,5.266760295270823,5.265425224954093,5.264092925511098,5.262763386751046,5.261436598536786,5.260112550784485,5.2587912334633415,5.257472636595272,5.256156750254615,5.254843564567818,5.253533069713159,5.2522252559204174,5.2509201134706,5.24961763269563,5.248317803978049,5.247020617750723,5.245726064496545,5.244434134748142,5.2431448190875845,5.241858108146071,5.2405739926036725,5.2392924631890105,5.238013510678974,5.236737125898441,5.235463299719974,5.234192023063541,5.232923286896235,5.231657082231968,5.23039340013121,5.229132231700694,5.227873568093122,5.226617400506914,5.225363720185893,5.224112518419039,5.222863786540174,5.221617515927716,5.2203736980043995,5.219132324236976,5.217893386135969,5.216656875255388,5.215422783192457,5.21419110158735,5.212961822122916,5.211734936524416,5.21051043655925,5.209288314036703,5.208068560807671,5.206851168764401,5.205636129840226,5.204423436009313,5.203213079286403,5.202005051726539,5.2007993454248265,5.199595952516172,5.198394865175028,5.1971960756151345,5.195999576089286,5.194805358889059,5.193613416344579,5.192423740824262,5.191236324734582,5.190051160519811,5.188868240661785,5.18768755767966,5.185332872604885,5.173691165086318
562.65,5.812449391169791,5.7845923265826755,5.757651117565479,5.731573981132186,5.706314898513238,5.681832470178497,5.658089024620578,5.635049929221003,5.612683060923626,5.590958402300731,5.569847735152823,5.549324409223818,5.529363168114716,5.509940018182974,5.491032129252262,5.472617758429689,5.4546761903331085,5.4371876886433705,5.4201334551853195,5.403495593761637,5.387257076763814,5.371401713204893,5.355914117292898,5.340779677020076,5.325984522505156,5.311515494013083,5.30016667220996,5.29876187639509,5.297360109705376,5.295961360588414,5.294565617553103,5.293172869169341,5.2917831040677,5.290396310939093,5.289012478534451,5.287631595664418,5.286253651199019,5.284878634067347,5.28350653325723,5.282137337814919,5.2807710368447704,5.279407619508929,5.27804707502699,5.276689392675716,5.275334561788694,5.273982571756016,5.272633412023983,5.2712870720947755,5.269943541526141,5.26860280993108,5.267264866977534,5.2659297023880685,5.26459730593956,5.263267667462901,5.261940776842662,5.260616624016798,5.259295198976343,5.257976491765088,5.256660492479289,5.255347191267339,5.254036578329481,5.252728643917501,5.251423378334408,5.250120771934151,5.248820815121302,5.247523498350761,5.246228812127449,5.24493674700602,5.243647293590552,5.2423604425342525,5.2410761845391605,5.239794510355856,5.238515410783156,5.237238876667829,5.235964898904302,5.234693468434364,5.2334245762468825,5.232158213377499,5.230894370908365,5.229633039967836,5.228374211730189,5.227117877415345,5.225864028288578,5.224612655660233,5.223363750885456,5.2221173053638905,5.220873310539427,5.2196317578999,5.218392638976829,5.217155945345138,5.215921668622876,5.214689800470953,5.213460332592865,5.212233256734416,5.211008564683471,5.209786248269656,5.208566299364126,5.207348709879279,5.206133471768488,5.204920577025859,5.203710017685954,5.202501785823535,5.201295873553313,5.200092273029675,5.198890976446445,5.197691976036615,5.196495264072109,5.194108674759848,5.1823104582528945
563.15,5.832924850552941,5.804399307572991,5.7768279869877786,5.750155086441418,5.7243312988991475,5.699312510101661,5.67505878220438,5.651533565865409,5.628703093470343,5.606535914914831,5.585002544650549,5.564075194757325,5.543727573821087,5.523934735532026,5.504672964313569,5.485919688062916,5.467653410334413,5.449853656112069,5.432500926771208,5.4155766609843985,5.399063199235591,5.382943750314585,5.367202358707571,5.351823872211276,5.336793909403347,5.322098826822343,5.310575156945606,5.309148867309722,5.3077256858648365,5.306305600639398,5.304888599725662,5.303474671279402,5.302063803519543,5.300655984727837,5.299251203248544,5.297849447488081,5.29645070591471,5.295054967058205,5.293662219509501,5.292272451920387,5.290885653003167,5.289501811530341,5.288120916334245,5.286742956306774,5.2853679203990005,5.2839957976208884,5.282626577040943,5.281260247785893,5.279896799040368,5.278536220046564,5.277178500103928,5.275823628568833,5.2744715948542416,5.2731223884294085,5.271775998819537,5.270432415605469,5.269091628423361,5.267753626964362,5.266418400974306,5.265085940253378,5.263756234655808,5.262429274089555,5.26110504851598,5.259783547949549,5.258464762457506,5.257148682159562,5.255835297227585,5.25452459788529,5.2532165744079355,5.2519112171219975,5.250608516404872,5.249308462684574,5.248011046439421,5.246716258197724,5.245424088537503,5.244134528086167,5.242847567520215,5.241563197564943,5.240281408994136,5.239002192629769,5.237725539341722,5.236451440047464,5.2351798857117835,5.233910867346461,5.232644376010014,5.231380402807369,5.2301189388896105,5.2288599754536484,5.227603503741968,5.226349515042317,5.225098000687437,5.22384895205477,5.222602360566182,5.2213582176876745,5.220116514929109,5.218877243843923,5.217640396028867,5.216405963123703,5.215173936810957,5.213944308815621,5.212717070904899,5.211492214887929,5.210269732615503,5.209049615979822,5.207831856914209,5.2066164473928485,5.205403379430529,5.202984236443582,5.191026353151269
563.65,5.853844526534243,5.824624055516494,5.796398889752208,5.769108743025693,5.742700652808358,5.7171275000439135,5.692346851382774,5.668320059398037,5.645011567874615,5.622388378954672,5.600419647016604,5.579076370904208,5.558331161709675,5.5381580679279825,5.518532443594169,5.499430848116139,5.480830969039793,5.462711561023423,5.445052395936828,5.42783422030619,5.411038717356817,5.3946484717120695,5.378646935429306,5.363018394527873,5.3477479355180435,5.332821411698984,5.321118788094614,5.319670503675812,5.318225409176985,5.316783492190303,5.315344740374369,5.313909141453886,5.3124766832193036,5.311047353526488,5.309621140296362,5.308198031514587,5.3067780152312,5.305361079560296,5.303947212679661,5.302536402830449,5.301128638316846,5.299723907505708,5.298322198826251,5.296923500769685,5.295527801888894,5.294135090798091,5.292745356172485,5.291358586747934,5.289974771320622,5.288593898746717,5.287215957942029,5.285840937881692,5.284468827599802,5.283099616189119,5.281733292800711,5.2803698466436195,5.279009266984556,5.27765154314752,5.27629666451353,5.274944620520249,5.273595400661676,5.272248994487817,5.270905391604339,5.269564581672281,5.268226554407697,5.266891299581349,5.265558807018363,5.264229066597939,5.262902068252999,5.261577801969884,5.260256257788028,5.258937425799639,5.257621296149384,5.256307859034067,5.254997104702328,5.253689023454304,5.25238360564134,5.251080841665659,5.249780721980062,5.248483237087613,5.247188377541327,5.245896133943862,5.244606496947231,5.2433194572524595,5.242035005609321,5.240753132815996,5.2394738297188095,5.238197087211895,5.236922896236913,5.235651247782752,5.234382132885219,5.233115542626767,5.231851468136173,5.230589900588267,5.229330831203625,5.228074251248289,5.226820152033468,5.225568524915259,5.224319361294353,5.223072652615752,5.221828390368493,5.2205865660853465,5.219347171342556,5.218110197759545,5.216875636998637,5.2156434807647925,5.214413720805323,5.211961356908855,5.199840563337233
564.15,5.8752253569492625,5.845281742658998,5.81637752402453,5.78844740691207,5.761434358820012,5.735287928502746,5.709962928574562,5.6854184091551705,5.661616863427583,5.638523616732002,5.6161063598087795,5.594334794296206,5.573180364810048,5.5526160570747605,5.532616245813726,5.513156579573466,5.494213892486166,5.475766135266009,5.457792319579265,5.440272471402119,5.423187590148239,5.406519611264343,5.390251370703597,5.3743665702307135,5.358849742922687,5.343686218530998,5.33180040592748,5.3303296100489055,5.328862088588284,5.3273978286836865,5.325936817542323,5.324479042440197,5.323024490721752,5.321573149799517,5.320125007153761,5.3186800503321265,5.317238266949303,5.315799644686657,5.314364171291879,5.312931834578642,5.311502622426254,5.310076522779295,5.308653523647271,5.307233613104281,5.305816779288642,5.304403010402553,5.302992294711758,5.301584620545174,5.300179976294563,5.298778350414181,5.297379731420422,5.295984107891484,5.294591468467015,5.293201801847781,5.291815096795305,5.290431342131531,5.289050526738497,5.28767263955796,5.286297669591084,5.284925605898083,5.2835564375978885,5.282190153867811,5.2808267439431855,5.279466197117067,5.278108502739858,5.2767536502189945,5.275401629018599,5.274052428659162,5.272706038717189,5.271362448824884,5.270021648669802,5.268683627994543,5.2673483765963915,5.2660158843270155,5.264686141092121,5.263359136851134,5.262034861616878,5.260713305455229,5.259394458484824,5.258078310876712,5.256764852854053,5.255454074691769,5.254145966716268,5.2528405193050824,5.251537722886591,5.250237567939663,5.2489400449933825,5.247645144626715,5.246352857468196,5.245063174195626,5.243776085535758,5.2424915822639875,5.241209655204062,5.239930295227748,5.238653493254549,5.237379240251386,5.23610752723232,5.234838345258226,5.233571685436503,5.232307538920788,5.231045896910647,5.229786750651276,5.228530091433228,5.227275910592102,5.226024199508254,5.224774949606526,5.223528152355934,5.221041881903449,5.208754845934685
564.65,5.897085379379075,5.866388461286844,5.836778364419132,5.8081841956345155,5.780544384734578,5.753804778772395,5.727917144614334,5.7028379995248715,5.67852770373727,5.654949760895788,5.632070282233833,5.609857578680539,5.588281852010155,5.56731496187941,5.546930250325994,5.527102409177787,5.507807378990378,5.489022270701212,5.470725303263093,5.452895752182419,5.435513905207822,5.418561022455993,5.402019299071764,5.385871829143725,5.370102570068989,5.354696306912211,5.34262293543001,5.34112909509689,5.339638616559125,5.338151486482115,5.336667691603204,5.335187218731336,5.333710054746682,5.332236186600279,5.330765601313675,5.329298285978542,5.3278342277563535,5.326373413877999,5.324915831643412,5.323461468421234,5.322010311648439,5.320562348829971,5.319117567538393,5.317675955413517,5.316237500162049,5.314802189557224,5.3133700114384625,5.311940953710989,5.310515004345491,5.309092151377748,5.3076723829082955,5.306255687102037,5.304842052187904,5.303431466458512,5.302023918269783,5.3006193960406,5.2992178882524605,5.297819383449102,5.296423870236181,5.29503133728088,5.293641773311592,5.292255167117555,5.290871507548485,5.289490783514271,5.288112983984575,5.28673809798852,5.285366114614328,5.283997023008972,5.28263081237784,5.28126747198439,5.279906991149789,5.278549359252596,5.277194565728396,5.275842600069484,5.274493451824505,5.273147110598116,5.271803566050669,5.2704628078978475,5.269124825910348,5.26778960991354,5.266457149787137,5.2651274354648505,5.263800456934078,5.262476204235557,5.26115466746305,5.259835836762995,5.258519702334207,5.257206254427532,5.255895483345531,5.2545873794421505,5.253281933122411,5.251979134842074,5.250678975107343,5.2493814444745235,5.248086533549711,5.246794232988486,5.245504533495596,5.244217425824638,5.242932900777749,5.2416509492053,5.2403715620055875,5.239094730124511,5.237820444555301,5.236548696338173,5.235279476560056,5.234012776354282,5.232748586900276,5.230227705194012,5.217771003038364
565.15,5.919443839552525,5.887961310507704,5.857616731627942,5.828332944289355,5.800043312911226,5.772689565834194,5.746220094992586,5.7205886249533835,5.695753177613875,5.671675272065622,5.648319310206004,5.625652107928356,5.603642539420689,5.5822612684849044,5.561480546060179,5.541274057465447,5.521616806419301,5.502485025778261,5.483856107265633,5.46570854433477,5.448021883803555,5.430776683075627,5.413954470687085,5.397537708630256,5.381509755450165,5.365854829516132,5.353589389461227,5.352071954731846,5.350557972169791,5.3490474279484586,5.347540308316096,5.346036599595456,5.344536288183419,5.34303936055061,5.341545803241041,5.340055602871713,5.338568746132276,5.337085219784642,5.335605010662602,5.3341281056714696,5.332654491787701,5.331184156058525,5.329717085601571,5.328253267604502,5.326792689324641,5.325335338088588,5.323881201291871,5.3224302663985625,5.3209825209409125,5.319537952518983,5.318096548800269,5.316658297519341,5.315223186477469,5.313791203542261,5.312362336647296,5.310936573791742,5.309513903040018,5.308094312521406,5.3066777904296885,5.305264325022797,5.30385390462244,5.302446517613736,5.301042152444849,5.299640797626652,5.298242441732338,5.296847073397064,5.295454681317603,5.2940652542519855,5.292678781019128,5.291295250498489,5.289914651629706,5.288536973412248,5.28716220490505,5.28579033522617,5.284421353552436,5.283055249119083,5.2816920112194286,5.280331629204482,5.27897409248264,5.277619390519315,5.276267512836592,5.274918449012882,5.273572188682594,5.272228721535766,5.2708880373177465,5.269550125828837,5.268214976923969,5.266882580512348,5.265552926557133,5.264226005075086,5.262901806136253,5.261580319863615,5.2602615364327665,5.258945446071588,5.257632039059896,5.256321305729142,5.255013236462067,5.253707821692387,5.252405051904462,5.251104917632969,5.249807409462597,5.248512518027711,5.247220234012042,5.245930548148365,5.24464345121819,5.243358934051437,5.242076987526138,5.239520770150667,5.226890883171593
565.65,5.94232131250956,5.910018493150307,5.87890887005458,5.848908267914828,5.819944390596445,5.7919543771827104,5.764882873200382,5.73868051740409,5.713302761896707,5.688708958008497,5.664861652639116,5.641726050036661,5.6192696025465,5.597461700965559,5.576273441013248,5.555677447264947,5.53564773985575,5.516159632491697,5.497189652921856,5.478715479131935,5.460715886203183,5.443170700115832,5.4260607558242855,5.409367857745369,5.393074741424666,5.37716503561648,5.364702872047885,5.363161275377269,5.361623224360638,5.36008870465923,5.358557702012167,5.3570302022361,5.355506191224793,5.353985654948769,5.352468579454901,5.350954950866034,5.349444755380624,5.347937979272333,5.3464346088896395,5.344934630655481,5.343438031066854,5.341944796694422,5.340454914182159,5.338968370246948,5.3374851516782,5.336005245337485,5.334528638158119,5.333055317144832,5.3315852693733445,5.330118481989998,5.3286549422113865,5.327194637323958,5.325737554683648,5.324283681715499,5.322833005913275,5.321385514839088,5.31994119612302,5.3185000374627425,5.317062026623138,5.315627151435939,5.314195399799333,5.312766759677591,5.311341219100699,5.309918766163992,5.3084993890277605,5.307083075916891,5.305669815120489,5.304259594991522,5.302852403946428,5.301448230464759,5.300047063088816,5.298648890423263,5.297253701134788,5.295861483951706,5.294472227663627,5.293085921121061,5.291702553235076,5.29032211297692,5.288944589377678,5.287569971527906,5.286198248577249,5.284829409734118,5.283463444265319,5.282100341495685,5.2807400908077415,5.279382681641328,5.278028103493282,5.2766763459170525,5.275327398522367,5.273981250974879,5.272637892995822,5.271297314361663,5.269959504903755,5.268624454507992,5.267292153114476,5.265962590717162,5.264635757363527,5.263311643154237,5.261990238242783,5.260671532835183,5.2593555171896185,5.258042181616115,5.256731516476208,5.255423512182606,5.254118159198873,5.252815448039093,5.251515369267543,5.248923071395303,5.236116382801696
566.15,5.965739838067463,5.93257942400987,5.900672034432602,5.869925630969699,5.840261585854044,5.8116119180688335,5.783917107556619,5.757124376563847,5.731186346453308,5.7060599945388235,5.681705849112445,5.658087372232398,5.635170489349652,5.612923232751222,5.591315472344635,5.570318712699884,5.549905939692559,5.530051503706718,5.510731029289871,5.491921343521732,5.473600417255367,5.455747314898602,5.438342149592805,5.421366041573132,5.404801078208505,5.388630274761644,5.375966581822218,5.374400237377296,5.372837535312957,5.371278460757318,5.36972299891952,5.368171135089356,5.366622854636853,5.365078143011899,5.363536985743827,5.361999368441027,5.3604652767905705,5.358934696557803,5.357407613585935,5.355884013795666,5.3543638831847895,5.352847207827796,5.351333973875468,5.349824167554512,5.348317775167131,5.34681478309066,5.34531517777716,5.343818945753027,5.3423260736185965,5.34083654804775,5.339350355787534,5.337867483657756,5.336387918550588,5.334911647430196,5.3334386573323345,5.331968935363951,5.330502468702812,5.329039244597097,5.327579250365028,5.326122473394457,5.3246689011425,5.323218521135143,5.321771320966844,5.320327288300159,5.318886410865356,5.317448676460023,5.316014072948685,5.3145825882624385,5.313154210398531,5.311728927420016,5.310306727455354,5.308887598698033,5.307471529406184,5.306058507902223,5.304648522572447,5.303241561866673,5.301837614297864,5.300436668441731,5.2990387129363885,5.297643736481963,5.296251727840229,5.294862675834226,5.293476569347907,5.292093397325747,5.2907131487724035,5.289335812752316,5.287961378389365,5.286589834866498,5.285221171425373,5.283855377365981,5.282492442046299,5.281132354881925,5.27977510534573,5.27842068296748,5.2770690773334845,5.275720278086264,5.274374274924169,5.273031057601049,5.271690615925881,5.270352939762441,5.269018019028936,5.267685843697676,5.266356403794721,5.265029689399529,5.263705690644621,5.26238439771525,5.261065800849041,5.258436656516511,5.245449447915746
566.65,5.989723072314957,5.9556648508191365,5.92292458652143,5.891401424778765,5.861009649783203,5.831675561700315,5.803335001942098,5.775931403130088,5.749414261611258,5.72373794834436,5.698860789067563,5.674744357300964,5.651352934299423,5.62865309885434,5.606613417131313,5.585204208741836,5.564397370190277,5.544166240881238,5.524485500159816,5.505331086518166,5.486680132237575,5.468510908439429,5.450802776864988,5.433536145758635,5.416692428044673,5.40025400061065,5.3873838156098754,5.385792118554685,5.384204163977308,5.3826199364508955,5.381039420632885,5.379462601264599,5.37788946317084,5.3763199912594795,5.3747541705210615,5.37319198602838,5.3716334229361,5.3700784664803365,5.368527101978224,5.366979314827571,5.365435090506398,5.363894414572559,5.362357272663326,5.360823650494994,5.359293533862468,5.357766908638853,5.356243760775063,5.354724076299402,5.353207841317182,5.351695042010274,5.350185664636756,5.348679695530473,5.347177121100646,5.345677927831474,5.344182102281719,5.342689631084306,5.341200500945936,5.339714698646654,5.338232211039484,5.3367530250499975,5.335277127675927,5.333804505986765,5.332335147123358,5.33086903829752,5.3294061667916255,5.327946519958209,5.326490085219572,5.325036850067391,5.32358680206231,5.322139928833563,5.3206962180785595,5.319255657562502,5.317818235117998,5.316383938644649,5.314952756108689,5.313524675542559,5.312099685044553,5.310677772778396,5.309258926972883,5.307843135921479,5.306430387981933,5.305020671575898,5.30361397518855,5.3022102873681884,5.300809596725885,5.2994118919350575,5.298017161731155,5.296625394911208,5.295236580333503,5.293850706917186,5.292467763641887,5.291087739547355,5.289710623733077,5.28833640535791,5.286965073639715,5.285596617854975,5.2842310273384525,5.282868291482798,5.281508399738196,5.2801513416120045,5.278797106668387,5.277445684527952,5.2760970648674075,5.2747512374191805,5.273408191971079,5.272067918365924,5.27073040650121,5.268063627854289,5.254892075659508
567.15,6.01429645706077,5.979296989479511,5.945686103105189,5.913353053917428,5.882204185793395,5.852159405006403,5.8231493809172665,5.795113335551595,5.767997308313864,5.741752801965561,5.716335732713947,5.691705621277285,5.66782497351625,5.644658808982918,5.622174303847913,5.600340521363702,5.579128208538705,5.558509642215969,5.538458511431632,5.518949825914212,5.499959842987846,5.481466007064158,5.463446897431271,5.44588218124511,5.428752569558732,5.4120397749386315,5.398957972175372,5.39734029792497,5.395726469756571,5.39411647166562,5.392510287735216,5.390907902135712,5.389309299124293,5.3877144630445715,5.386123378326139,5.384536029484184,5.382952401119046,5.381372477915846,5.379796244643988,5.378223686156825,5.376654787391189,5.375089533367005,5.3735279091868335,5.371969900035508,5.370415491179669,5.368864667967375,5.367317415827674,5.365773720270193,5.364233566884719,5.362696941340769,5.3611638293872,5.359634216851779,5.358108089640748,5.356585433738449,5.355066235206877,5.353550480185269,5.352038154889704,5.350529245612673,5.349023738722678,5.3475216206638025,5.346022877955309,5.3445274971912315,5.343035465039936,5.341546768243755,5.340061393618534,5.338579328053237,5.337100558509532,5.335625072021397,5.33415285569469,5.332683896706753,5.3312181823059905,5.3297556998114946,5.328296436612596,5.326840380168485,5.325387518007812,5.32393783772826,5.322491326996166,5.321047973546095,5.31960776518046,5.3181706897691114,5.316736735248936,5.315305889623462,5.313878140962467,5.312453477401564,5.3110318871418265,5.3096133584493765,5.308197879655008,5.306785439153777,5.305376025404623,5.303969626929978,5.302566232315366,5.30116583020903,5.29976840932154,5.298373958425402,5.296982466354682,5.295593922004613,5.294208314331232,5.292825632350978,5.2914458651403224,5.290069001835398,5.288695031631618,5.287323943783287,5.285955727603256,5.28459037246252,5.283227867789872,5.281868203071518,5.280511367850718,5.277806144357863,5.264446316042512
567.65,6.039487409389642,6.003499675278499,5.968977496666622,5.935799032624416,5.903861726799667,5.8730783306472345,5.843373739759862,5.814682490644435,5.786946791329764,5.760114981185217,5.734140333842667,5.708980132654602,5.684594961130334,5.660948161633602,5.638005424645111,5.615734478350493,5.594104854466898,5.573087711268246,5.552655698889889,5.532782855339226,5.513444524338982,5.494617288294223,5.476278911395531,5.45840828922743,5.440985402310428,5.423991271820574,5.410692556132993,5.409048259574468,5.40740791635137,5.405771509857728,5.404139023578732,5.402510441090326,5.400885746058761,5.399264922240186,5.397647953480189,5.396034823713402,5.394425516963045,5.392820017340521,5.391218309044964,5.389620376362819,5.3880262036674225,5.386435775418552,5.3848490761620065,5.383266090529199,5.381686803236686,5.380111199085763,5.378539262962041,5.3769709798349945,5.375406334757559,5.373845312865673,5.372287899377886,5.370734079594891,5.36918383889911,5.367637162754285,5.366094036705029,5.364554446376392,5.363018377473462,5.361485815780908,5.359956747162577,5.358431157561038,5.356909032997192,5.355390359569817,5.353875123455153,5.352363310906487,5.350854908253713,5.349349901902911,5.347848278335931,5.3463500241099595,5.344855125857109,5.343363570283991,5.341875344171289,5.3403904343733455,5.338908827817741,5.337430511504866,5.335955472507524,5.334483697970487,5.3330151751101,5.331549891213848,5.330087833639958,5.328628989816974,5.327173347243343,5.325720893487,5.324271616184969,5.3228255030429406,5.321382541834877,5.319942720402567,5.318506026655268,5.317072448569265,5.3156419741874705,5.31421459161903,5.312790289038918,5.3113690546875185,5.30995087687025,5.308535743957139,5.30712364438244,5.30571456664423,5.304308499304021,5.302905430986357,5.301505350378414,5.3001082462296205,5.298714107351268,5.297322922616104,5.295934680957972,5.294549371371384,5.29316698291118,5.291787504692113,5.290410925888476,5.287666423520104,5.274114273712502
568.15,6.065325533729359,6.028298532010488,5.992821150268634,5.958759092462991,5.925999821303358,5.894448076032277,5.864022300023518,5.834651808553955,5.806274555885007,5.778835385117315,5.75228466477353,5.726577233286099,5.701671586990833,5.677529259269818,5.654114348508036,5.631393160831698,5.609333940451534,5.58790666606863,5.567082896406974,5.5468356516858135,5.52713932087559,5.507969587016942,5.4893033648245675,5.471118746333924,5.4533949515516404,5.436112282002261,5.4225911820313115,5.420919596710348,5.419252075775931,5.417588601995987,5.415929158233231,5.414273727444771,5.412622292681635,5.410974837088338,5.409331343902447,5.407691796454125,5.406056178165707,5.404424472551249,5.402796663216087,5.401172733856389,5.399552668258735,5.397936450299641,5.396324063945142,5.394715493250357,5.393110722359011,5.391509735503039,5.389912517002111,5.388319051263193,5.386729322780132,5.385143316133178,5.383561015988572,5.381982407098091,5.380407474298586,5.378836202511597,5.3772685767428605,5.375704582081878,5.374144203701508,5.372587426857476,5.371034236887975,5.369484619213206,5.367938559334943,5.366396042836103,5.364857055380272,5.363321582711325,5.36178961065294,5.360261125108174,5.358736112059038,5.357214557566041,5.355696447767774,5.354181768880456,5.352670507197512,5.351162649089137,5.349658181001851,5.348157089458068,5.346659361055705,5.345164982467671,5.343673940441511,5.342186221798928,5.340701813435382,5.339220702319642,5.337742875493369,5.336268320070688,5.3347970232377575,5.33332897225235,5.331864154443424,5.330402557210695,5.32894416802423,5.3274889744240115,5.326036964019521,5.324588124489317,5.323142443580626,5.321699909108921,5.320260508957503,5.318824231077086,5.317391063485383,5.3159609942667005,5.314534011571526,5.313110103616111,5.311689258682061,5.310271465115944,5.308856711328871,5.30744498579609,5.306036277056598,5.304630573712713,5.303227864429705,5.301828137935368,5.300431383019648,5.297646743392122,5.283898109802421
568.65,6.091842859111447,6.0537211611551776,6.017241068360895,5.982254302596195,5.948637129443973,5.916285310204677,5.885110071293749,5.855034902595737,5.8259930281351435,5.797925419319662,5.770779243689128,5.744506661176173,5.719063895878709,5.694410524704509,5.670508935387439,5.6473239156066946,5.624822342579958,5.602972948784679,5.581746144609491,5.561113882934352,5.541049554036663,5.521527901959566,5.502524955667352,5.484017970049761,5.465985373202003,5.448406717468393,5.434657578620274,5.432958015891521,5.431262632553105,5.429571410721114,5.427884332610203,5.426201380533191,5.424522536900555,5.422847784220021,5.421177105096075,5.419510482229521,5.417847898417027,5.416189336550689,5.414534779617529,5.412884210699083,5.411237612970937,5.409594969702266,5.407956264255367,5.406321480085236,5.404690600739085,5.403063609855896,5.401440491165972,5.399821228490478,5.398205805740993,5.39659420691903,5.394986416115615,5.393382417510821,5.391782195373284,5.390185734059808,5.388593018014858,5.387004031770124,5.385418759944086,5.38383718724152,5.382259298453089,5.380685078454856,5.379114512207845,5.377547584757593,5.37598428123368,5.374424586849301,5.3728684869008,5.3713159667672175,5.369767011909838,5.3682216078717575,5.366679740277412,5.36514139483214,5.363606557321725,5.362075213611962,5.360547349648193,5.359022951454862,5.357502005135089,5.355984496870193,5.354470412919278,5.352959739618749,5.351452463381914,5.349948570698507,5.348448048134259,5.346950882330448,5.345457060003484,5.343966567944423,5.3424793930185785,5.340995522165043,5.33951494239628,5.338037640797662,5.336563604527064,5.335092820814398,5.333625276961207,5.3321609603402225,5.330699858394922,5.329241958639122,5.327787248656532,5.326335716100326,5.3248873486927355,5.323442134224606,5.3220000605549656,5.320561115610636,5.319125287385778,5.317692563941484,5.3162629334053655,5.314836383971122,5.313412903898134,5.31199248151105,5.310575105199365,5.30774944468198,5.293800043853511
569.15,6.119074104620632,6.079797353510269,6.042263045427694,6.006307204203162,5.971793530233447,5.938607719551485,5.906652919897758,5.8758461145693355,5.846115259942906,5.8173970322964355,5.789635064639884,5.762778575383687,5.736781308395502,5.711600718820599,5.687197351406845,5.663534368344289,5.640577192130619,5.618293235980821,5.59665170004672,5.575623416405803,5.555180729588356,5.53529740248735,5.515948539960655,5.497110524395828,5.478760959054194,5.460878616218226,5.446895593310277,5.445167341449653,5.443443388097651,5.441723714691687,5.44000830277169,5.438297133979636,5.436590190059095,5.434887452854735,5.433188904311875,5.4314945264759995,5.4298043014923,5.428118211605235,5.426436239157995,5.424758366592088,5.42308457644686,5.421414851359024,5.4197491740621695,5.418087527386348,5.416429894257545,5.414776257697249,5.41312660082197,5.411480906842777,5.409839159064838,5.408201340886905,5.406567435800927,5.404937427391512,5.403311299335482,5.401689035401418,5.400070619449183,5.39845603542943,5.396845267383198,5.395238299441362,5.393635115824242,5.392035700841082,5.390440038889607,5.388848114455567,5.387259912112236,5.38567541651998,5.3840946124257805,5.3825174846627615,5.380944018149728,5.379374197890716,5.377808008974502,5.376245436574173,5.374686465946616,5.373131082432109,5.371579271453818,5.3700310185173565,5.368486309210325,5.366945129201821,5.365407464242034,5.363873300161724,5.362342622871804,5.360815418362882,5.35929167270478,5.3577713720460824,5.356254502613713,5.354741050712433,5.353231002724423,5.351724345108803,5.3502210644012065,5.348721147213305,5.347224580232373,5.345731350220839,5.344241444015817,5.342754848528692,5.34127155074464,5.339791537722213,5.338314796592866,5.336841314560532,5.335371078901182,5.333904076962372,5.332440296162809,5.330979723991917,5.329522348009395,5.32806815584478,5.3266171351970195,5.325169273834025,5.323724559592262,5.32228298037629,5.320844524158365,5.317976932941486,5.3038223558181405
569.65,6.147056976368345,6.106559325956786,6.067914854620549,6.030941960745671,5.995490241331869,5.961434103415722,5.9286676454192495,5.897100576215838,5.866654978488688,5.83726275580105,5.808863630542561,5.781403583285924,5.7548336437220735,5.72910895977996,5.704188085262998,5.680032437746814,5.656605887941491,5.63387444952969,5.611806044904398,5.590370327477327,5.569538545494647,5.5492834357477525,5.5295791383395665,5.5104011258785635,5.4917261422219035,5.47353214726002,5.459309196833188,5.457551520110212,5.455798265297642,5.454049413126248,5.4523049444334,5.4505648401625875,5.448829081362934,5.447097649188722,5.445370524898866,5.443647689856487,5.441929125528395,5.440214813484636,5.438504735397962,5.4367988730434,5.4350972082977265,5.433399723139019,5.4317063996461385,5.430017219998307,5.428332166474534,5.426651221453229,5.424974367411643,5.423301586925453,5.421632862668229,5.419968177410954,5.4183075140215955,5.41665085546455,5.414998184800213,5.413349485184485,5.411704739868277,5.410063932197036,5.408427045610282,5.4067940636410885,5.4051649699156386,5.403539748152724,5.401918382163275,5.400300855849856,5.398687153206211,5.397077258316789,5.395471155356231,5.393868828588926,5.392270262368502,5.3906754411373665,5.389084349426221,5.38749697185359,5.385913293125324,5.384333298034151,5.382756971459168,5.38118429836539,5.379615263803266,5.378049852908192,5.376488050900059,5.374929843082752,5.3733752148437,5.371824151653395,5.3702766390649055,5.368732662713427,5.367192208315806,5.36565526167005,5.36412180865489,5.362591835229276,5.361065327431951,5.359542271380942,5.358022653273123,5.356506459383741,5.3549936760659484,5.35348428975034,5.351978286944503,5.350475654232536,5.348976378274603,5.347480445806473,5.345987843639056,5.344498558657963,5.343012577823015,5.341529888167827,5.340050476799337,5.338574330897348,5.337101437714104,5.335631784573797,5.334165358872165,5.3327021480760095,5.331242139722774,5.328331680845332,5.313967388146168
570.15,6.175832499716758,6.134041986348646,6.094226458767322,6.056184525993819,6.019749952883397,5.984784480816279,5.951172065970388,5.918814277568898,5.88762664130163,5.85753574940157,5.828476989531187,5.800392770485714,5.773231144465953,5.7469447438907775,5.72148996595095,5.696826350780876,5.672916109646009,5.649723768236753,5.627215897312452,5.605360908798834,5.584128900216337,5.563491534185687,5.543421942872864,5.523894649727435,5.504885502844679,5.486371615836331,5.471902488116268,5.470114625824251,5.468331313304486,5.466552530551936,5.464778257672375,5.463008474881951,5.461243162506649,5.459482300981796,5.45772587085157,5.455973852768484,5.454226227492917,5.452482975892601,5.450744078942099,5.4490095177223425,5.447279273420127,5.445553327327598,5.443831660841758,5.442114255463992,5.440401092799538,5.438692154557012,5.4369874225479,5.435286878686071,5.433590504987281,5.431898283568647,5.430210196648202,5.428526226544353,5.426846355675405,5.4251705665590615,5.423498841811937,5.42183116414904,5.420167516383308,5.4185078814250645,5.41685224228158,5.415200582056542,5.413552883949557,5.411909131255682,5.410269307364888,5.4086333957616075,5.407001380024225,5.4053732438245685,5.403748970927432,5.402128545190081,5.400511950561745,5.398899171083149,5.397290190885985,5.395684994192463,5.394083565314778,5.392485888654652,5.39089194870283,5.389301730038563,5.387715217329181,5.3861323953295255,5.384553248881528,5.382977762913688,5.381405922440588,5.3798377125624,5.378273118464432,5.376712125416593,5.375154718772959,5.373600883971236,5.372050606532331,5.370503872059823,5.368960666239506,5.367420974838907,5.365884783706795,5.364352078772712,5.3628228460464875,5.361297071617772,5.359774741655539,5.358255842407634,5.3567403602002965,5.355228281437668,5.353719592601336,5.352214280249867,5.35071233101833,5.34921373161781,5.3477184688349855,5.346226529531615,5.344737900644101,5.3432525691830195,5.341770522232662,5.338816230567037,5.3242375479589095
570.65,6.205445390898811,6.162283229857311,6.1212302464316535,6.0820628319473355,6.044596977114361,6.0086802096244325,5.974185113288838,5.941004143042385,5.90904549737559,5.878229849828259,5.848487775067615,5.819757733676836,5.791984503843136,5.7651179683240485,5.739112181962004,5.713924659089852,5.689515831865255,5.665848640247357,5.642888222300708,5.620601680053262,5.598957901472131,5.577927423456702,5.557482324245517,5.537596136438249,5.5182437740648105,5.4994014688931845,5.484679699380362,5.482860864822193,5.4810467125427715,5.479237221770769,5.477432371850073,5.475632142239374,5.473836512511567,5.472045462353266,5.470258971564275,5.468477020057086,5.4666995878563505,5.464926655098389,5.463158202030635,5.461394209011155,5.459634656508125,5.457879525099312,5.456128795471566,5.454382448420301,5.452640464848983,5.450902825768643,5.449169512297304,5.447440505659541,5.445715787185932,5.443995338312525,5.442279140580378,5.440567175634999,5.438859425225859,5.437155871205894,5.435456495530957,5.433761280259332,5.432070207551232,5.430383259668242,5.428700418972876,5.427021667928008,5.4253469890963935,5.423676365140155,5.42200977882024,5.420347212995975,5.4186886506245,5.417034074760276,5.415383468554587,5.413736815255021,5.4120940982049515,5.4104553008430605,5.408820406702792,5.407189399411873,5.405562262691796,5.403938980357297,5.402319536315896,5.400703914567322,5.399092099203079,5.397484074405879,5.39587982444918,5.394279333696661,5.3926825866017305,5.391089567707003,5.389500261643835,5.387914653131772,5.3863327269780985,5.384754468077293,5.383179861410571,5.381608892045344,5.380041545134757,5.378477805917168,5.3769176597156605,5.375361091937552,5.3738080880738925,5.372258633698974,5.370712714469826,5.369170316125751,5.36763142448781,5.366096025458332,5.3645641050204445,5.363035649237574,5.3615106442529505,5.35998907628914,5.358470931647553,5.356956196707952,5.355444857927993,5.353936901842715,5.35243231506409,5.349433196256393,5.334635309314945
571.15,6.235944472658048,6.191324270492824,6.1489612960029,6.108606999034811,6.070057415591029,6.0331441197075835,5.997726938856717,5.963688116198239,5.9309276551121295,5.8993596256856025,5.868909250267108,5.839510616824163,5.811104895471263,5.783638955893869,5.757064302120963,5.731336256716905,5.706413339457157,5.68225679631446,5.658830243463539,5.636099398308135,5.614031875499669,5.592597030768401,5.571765839312488,5.5515107986423065,5.5318058482929064,5.5126263008071215,5.4976452014749295,5.495794580902024,5.493948779951999,5.492107777055405,5.490271550762619,5.488440079743401,5.4866133427863,5.484791318798111,5.48297398680339,5.481161325943841,5.4793533154778595,5.477549934779982,5.475751163340292,5.473956980763976,5.4721673667707265,5.470382301194254,5.468601763981706,5.466825735193216,5.46505419500128,5.4632871236903,5.461524501656026,5.459766309405017,5.458012527554146,5.45626313683003,5.454518118068544,5.452777452214263,5.45104112031993,5.449309103545972,5.447581383159928,5.445857940535938,5.444138757154222,5.442423814600543,5.440713094565688,5.439006578844945,5.437304249337571,5.4356060880462564,5.433912077076613,5.432222198636657,5.430536435036261,5.428854768686648,5.427177182099858,5.425503657888212,5.4238341787638165,5.4221687275380175,5.4205072871208815,5.418849840520674,5.417196370843334,5.4155468612919515,5.413901295166261,5.412259655862082,5.410621926870841,5.408988091779022,5.407358134267647,5.405732038111783,5.404109787179973,5.402491365433778,5.400876756927199,5.399265945806207,5.3976589163082,5.396055652761476,5.394456139584766,5.392860361286644,5.391268302465089,5.389679947806914,5.388095282087289,5.386514290169207,5.384936957002977,5.383363267625732,5.381793207160885,5.380226760817646,5.378663913890518,5.377104651758768,5.375548959885933,5.373996823819324,5.372448229189512,5.370903161709817,5.369361607175835,5.367823551464901,5.366288980535622,5.364757880427358,5.363230237259744,5.360185266623314,5.345163215572178
571.65,6.2673831390582615,6.221210011945214,6.177457671146054,6.135849571255605,6.096159346265314,6.058200661730326,6.021819032380664,5.986885254255153,5.953290157924999,5.920940438185067,5.889755356952414,5.859664151058818,5.830604006086184,5.802518482144735,5.775356298250965,5.74907039928454,5.723617243934891,5.698956264014363,5.675049455401367,5.651861069011845,5.629357376858369,5.607506493683299,5.586278239050786,5.565644028323254,5.545576783780325,5.526050859385461,5.510803509463266,5.508920260964971,5.507041974473265,5.50516862758729,5.50330019803086,5.501436663651928,5.499578002422016,5.497724192435653,5.4958752119098175,5.494031039183371,5.492191652716531,5.490357031090328,5.488527153005987,5.486701997284439,5.48488154286574,5.483065768808552,5.481254654289544,5.479448178602889,5.477646321159695,5.475849061487451,5.47405637922951,5.47226825414451,5.4704846661058575,5.468705595101133,5.466931021231611,5.465160924711674,5.463395285868272,5.4616340851403855,5.459877303078492,5.4581249203439794,5.45637691770868,5.454633276054237,5.452893976371638,5.451158999760625,5.449428327429166,5.447701940692935,5.445979820974709,5.444261949803918,5.442548308816012,5.44083887975198,5.439133644457785,5.437432584883828,5.4357356830844115,5.434042921217194,5.432354281542633,5.430669746423496,5.42898929832427,5.427312919810638,5.425640593548957,5.423972302305692,5.422308028946916,5.420647756437721,5.418991467841725,5.417339146320524,5.4156907751331405,5.414046337635495,5.412405817279902,5.410769197614475,5.409136462282651,5.407507595022608,5.405882579666787,5.404261400141294,5.402644040465432,5.401030484751125,5.399420717202407,5.397814722114901,5.396212483875269,5.3946139869606995,5.393019215938372,5.3914281554649355,5.389840790285989,5.388257105235552,5.386677085235525,5.385100715295212,5.383527980510746,5.3819588660646005,5.380393357225072,5.378831439345736,5.3772730978649665,5.375718318305392,5.374167086273394,5.371075207633322,5.3558238818509345
572.15,6.299819875188844,6.251989462363268,6.206760751319152,6.163825779235258,6.122933032678529,6.083876073502474,6.046484354132455,6.010615833521605,5.976151068441082,5.9429885086319745,5.911040770010961,5.88023169873783,5.8504940715313944,5.821767805016662,5.793998569876776,5.767136724794053,5.7411365011818205,5.715955383008629,5.6915536370156135,5.667893957693963,5.644941198820925,5.6226621694204075,5.6010254769393795,5.580001404405664,5.559561811518142,5.539680052156155,5.524159288472309,5.522242540812922,5.520330902794784,5.518424351150846,5.516522862743744,5.514626414565258,5.512734983735727,5.5108485475034445,5.508967083244073,5.507090568460099,5.505218980780213,5.503352297958807,5.5014904978752925,5.49963355853362,5.497781458061661,5.495934174710659,5.494091686854621,5.492253972989824,5.490421011734161,5.488592781826622,5.48676926212674,5.484950431613975,5.483136269387224,5.481326754664149,5.479521866780737,5.477721585190648,5.475925889464671,5.474134759290197,5.472348174470623,5.470566114924788,5.4687885606864555,5.46701549190368,5.465246888838326,5.463482731865456,5.461723001472783,5.459967678260132,5.458216742938823,5.456470176331202,5.4547279593700075,5.4529900730978405,5.451256498666604,5.449527217336953,5.447802210477726,5.4460814595653995,5.444364946183505,5.442652652022113,5.4409445588772485,5.439240648650329,5.437540903347652,5.4358453050797735,5.4341538360610375,5.432466478608923,5.4307832151435695,5.429104028187206,5.427428900363561,5.425757814397342,5.424090753113709,5.422427699437642,5.4207686363934755,5.419113547104295,5.417462414791417,5.415815222773814,5.414171954467585,5.412532593385393,5.4108971231359355,5.409265527423384,5.407637790046836,5.40601389489979,5.404393825969561,5.4027775673367815,5.4011651031748364,5.399556417749328,5.397951495417515,5.39635032062781,5.394752877919202,5.39315915192074,5.391569127351006,5.389982789017536,5.388400121816339,5.386821110731328,5.385245740833797,5.382105865320083,5.366619997602909
572.65,6.3333188381534455,6.283716198216814,6.236915601497556,6.19257383451121,6.150411157977266,6.110198565984702,6.071747482828783,6.03490146708433,5.999529562347189,5.965520993493039,5.932780957704189,5.901227302174724,5.870787916416217,5.841398697396433,5.813001971204732,5.785545276229528,5.758980430605644,5.733262821463245,5.70835086574288,5.6842056024368794,5.660790384405822,5.638070644696563,5.616013717799892,5.594588700741921,5.573766342484432,5.5535189529653195,5.537717359822827,5.535766211223021,5.533820325371555,5.531879678098728,5.529944245369768,5.528014003284316,5.526088928075765,5.524168996110633,5.522254183888011,5.520344468038869,5.518439825325542,5.516540232641124,5.514645667008791,5.512756105581261,5.510871525640225,5.508991904595687,5.507117219985407,5.505247449474325,5.503382570853938,5.501522562041724,5.499667401080564,5.497817066138158,5.49597153550642,5.494130787600901,5.492294800960227,5.4904635542454745,5.488637026239623,5.486815195846961,5.484998042092516,5.483185544121443,5.481377681198498,5.479574432707392,5.477775778150285,5.4759816971471365,5.474192169435187,5.472407174868348,5.470626693416623,5.468850705165557,5.467079190315634,5.465312129181723,5.463549502192468,5.461791289889758,5.460037472928121,5.458288032074162,5.456542948205975,5.454802202312595,5.453065775493394,5.4513336489575215,5.449605804023363,5.447882222117884,5.446162884776171,5.444447773640748,5.442736870461083,5.441030157092993,5.4393276154980645,5.437629227743078,5.435934975999484,5.434244842542764,5.432558809751926,5.430876860108883,5.429198976197941,5.4275251407051694,5.425855336417894,5.424189546224088,5.422527753111834,5.420869940168737,5.419216090581383,5.4175661876347565,5.4159202147116865,5.414278155292285,5.412639992953392,5.411005711368015,5.40937529430473,5.407748725627199,5.406125989293553,5.404507069355842,5.40289194995952,5.40128061534283,5.399673049836302,5.398069237862173,5.396469163933851,5.393280168720758,5.377554329291271
573.15,6.367950506430067,6.316448882968841,6.267971385713227,6.2221352587487875,6.178629086697713,6.137198531315019,6.097634780925638,6.059765236236886,6.023446033055728,5.988556067967973,5.9549922486519495,5.922665737608195,5.891498997884284,5.861423482898393,5.8323778406469104,5.804306526173687,5.77715873589195,5.750887593748866,5.72544953282469,5.700803827193271,5.676912238109173,5.653738746153673,5.631249347134449,5.609411894526535,5.588195975263493,5.567572808901948,5.551482707456847,5.549496224316139,5.547515162735469,5.545539497604228,5.543569203952322,5.541604256949517,5.5396446319048165,5.537690304265784,5.535741249617904,5.533797443683958,5.531858862323425,5.529925481531833,5.527997277440085,5.526074226313906,5.524156304553182,5.5222434886913545,5.520335755394776,5.518433081462143,5.516535443823845,5.514642819541352,5.512755185806622,5.510872519941483,5.5089947993970325,5.5071220017530065,5.505254104717199,5.503391086124868,5.501532923938073,5.499679596245145,5.497831081260051,5.49598735732177,5.494148402893753,5.492314196563262,5.490484717040816,5.4886599431595675,5.486839853874712,5.4850244282629115,5.483213645521635,5.481407484968666,5.479605926041407,5.477808948296345,5.476016531408434,5.474228655170505,5.472445299492676,5.47066644440177,5.468892070040686,5.467122156667847,5.465356684656587,5.463595634494561,5.461838986783172,5.460086722236934,5.458338821682963,5.456595266060286,5.454856036419334,5.4531211139213225,5.451390479837645,5.4496641155493135,5.447942002546361,5.446224122427249,5.444510456898291,5.442800987773045,5.441095696971767,5.439394566520776,5.437697578551905,5.4360047153019115,5.434315959111881,5.432631292426658,5.4309506977942545,5.429274157865272,5.427601655392321,5.425933173229435,5.424268694331506,5.4226082017537,5.420951678650851,5.419299108276934,5.417650473984457,5.416005759223882,5.414364947543079,5.41272802258671,5.411094968095704,5.40946576790665,5.407840405951251,5.40460113294029,5.388629723187319
573.65,6.403792405507636,6.350251846937793,6.29998182954724,6.252555252011803,6.207625157624587,6.16490877549101,6.124174579427514,6.085231837316163,6.047922208507858,6.012113019104829,5.977691906311518,5.944562575048727,5.912641453992312,5.881855075264574,5.852138033191551,5.823431403669648,5.795681527539026,5.768839079562716,5.742858359721528,5.71769675603404,5.693314338401978,5.6696735514232826,5.646738981001519,5.62447717517047,5.602856504063393,5.5818470475714435,5.565460484680927,5.563437700237376,5.56142050211374,5.5594088642184465,5.557402760606208,5.555402165477386,5.553407053177299,5.551417398195511,5.549433175165209,5.547454358862467,5.545480924205674,5.543512846254823,5.541550100210819,5.5395926614149005,5.53764050534792,5.535693607629741,5.5337519440185545,5.531815490410277,5.529884222837894,5.527958117470778,5.526037150614113,5.524121298708241,5.522210538328034,5.52030484618221,5.5184041991127755,5.516508574094372,5.514617948233602,5.512732298768504,5.510851603067823,5.508975838630458,5.507104983084813,5.50523901418816,5.5033779098260736,5.501521648011734,5.499670206885395,5.497823564713688,5.4959816998890485,5.4941445909290945,5.492312216476021,5.490484555295956,5.488661586278359,5.4868432884354315,5.485029640901464,5.4832206229322615,5.48141621390449,5.4796163933151165,5.477821140780751,5.476030436037058,5.474244258938157,5.4724625894559775,5.470685407679697,5.468912693815077,5.467144428183919,5.4653805912234,5.463621163485497,5.461866125636354,5.460115458455723,5.458369142836301,5.45662715978317,5.454889490413142,5.453156115954231,5.4514270177449635,5.449702177233835,5.447981575978677,5.4462651956460695,5.444553018010735,5.442845024954944,5.441141198467888,5.439441520645116,5.437745973687904,5.436054539902688,5.434367201700437,5.432683941596065,5.431004742207856,5.429329586256837,5.427658456566193,5.425991336060697,5.424328207766076,5.422669054808456,5.421013860413758,5.419362607907098,5.41607186235087,5.399849108289478
574.15,6.440929918569172,6.385195735442033,6.333005737294213,6.283883104687361,6.2374410114083085,6.193364778653168,6.15139738455478,6.111327745806111,6.072981281586749,6.036212349619509,6.000898211860547,5.966934244718376,5.934230157258349,5.902707021818631,5.87229495595826,5.842931323591227,5.814559347376827,5.787127044629366,5.760586415792624,5.734892828420623,5.710004551065673,5.685882400885749,5.6624894764746365,5.639790953671191,5.617753927160467,5.596347284741273,5.579656021245437,5.577595934168399,5.575541604375248,5.573493004751257,5.571450108334111,5.569412888313194,5.567381318028898,5.565355370971846,5.563335020782248,5.561320241249098,5.559311006309586,5.55730729004837,5.555309066696785,5.553316310632289,5.5513289963777055,5.549347098600548,5.547370592112346,5.54539945186798,5.543433652965022,5.541473170643,5.539517980282812,5.5375680574060295,5.535623377674243,5.533683916888368,5.5317496509880355,5.529820556050916,5.527896608292068,5.5259777840633,5.52406405985248,5.522155412282939,5.5202518181128095,5.518353254234344,5.5164596976733415,5.5145711255884295,5.512687515270482,5.510808844141957,5.508935089756224,5.507066229796997,5.505202242077645,5.503343104540568,5.501488795256559,5.499639292424188,5.497794574369143,5.495954619543623,5.494119406525658,5.492288914018553,5.490463120850171,5.488642005972371,5.486825548460354,5.485013727512008,5.48320652244733,5.481403912707742,5.479605877855502,5.477812397573081,5.476023451662489,5.474239020044699,5.472459082759008,5.470683619962371,5.468912611928862,5.467146039048934,5.465383881828924,5.463626120890317,5.4618727369691795,5.4601237109155365,5.458379023692742,5.45663865637685,5.454902590156003,5.453170806329809,5.451443286308722,5.449720011613423,5.448000963874207,5.446286124830372,5.4445754763295655,5.442869000327216,5.441166678885903,5.439468494174716,5.437774428468691,5.436084464148133,5.434398583698078,5.432716769707627,5.431039004869362,5.427695553933397,5.411215499370667
574.65,6.479457191979846,6.421358233121341,6.3671075701663415,6.316172658183813,6.26812195704772,6.222604986252932,6.1793361088889665,6.138081399790885,6.098648055788403,6.06087589372228,6.02463055651241,5.989798110888115,5.9562807740080945,5.923993551465353,5.892861607319392,5.862818218817951,5.833803195299427,5.805761663157638,5.778643137379046,5.752400815608383,5.726991043448501,5.702372910188145,5.678507942734515,5.6553598725184235,5.632894455802845,5.611079332384667,5.594074830781808,5.591976403693298,5.58988391132576,5.587797325496926,5.585716618183363,5.583641761519805,5.581572727798333,5.579509489467575,5.577452019132016,5.5754002895511805,5.573354273638928,5.571313944462764,5.569279275242974,5.567250239352003,5.565226810313714,5.563208961802616,5.5611966676432205,5.559189901809277,5.557188638423107,5.5551928517548665,5.553202516221841,5.5512176063878105,5.549238096962312,5.547263962799909,5.5452951788996,5.543331720404061,5.541373562598974,5.539420680912379,5.537473050913978,5.535530648314433,5.533593448964763,5.531661428855593,5.529734564116527,5.527812831015484,5.525896205958023,5.523984665486676,5.522078186280265,5.520176745153294,5.518280319055228,5.516388885069883,5.514502420414733,5.512620902440263,5.510744308629322,5.508872616596461,5.5070058040872745,5.505143848977743,5.503286729273599,5.501434423109646,5.499586908749157,5.4977441645831435,5.495906169129804,5.494072901033774,5.492244339065552,5.490420462120833,5.488601249219831,5.486786679506665,5.484976732248711,5.483171386835928,5.481370622780252,5.479574419714902,5.4777827573938005,5.475995615690867,5.474212974599407,5.472434814231476,5.47066111481721,5.468891856704202,5.467127020356884,5.465366586355834,5.463610535397166,5.461858848291902,5.460111505965324,5.45836848945633,5.456629779916785,5.454895358610936,5.453165206914719,5.451439306315147,5.449717638409695,5.448000184905627,5.446286927619407,5.4445778484760305,5.442872929508434,5.439475500768075,5.422732000160495
575.15,6.519478146426421,6.458824873214868,6.402358092625733,6.349482820111606,6.299717381823309,6.252671134776672,6.208026329925011,6.165523405087456,6.124949107999851,6.086126946411575,6.048909544412077,6.013172554016531,5.978809830227068,5.94572962778731,5.913851620017591,5.883104575547665,5.853424558469343,5.824753542253497,5.797038348444081,5.770229838299937,5.744282299735521,5.71915298359318,5.694801752850709,5.671190816179798,5.648284523608176,5.626049207150873,5.608722618622037,5.606584776541648,5.604453053375587,5.6023274198272,5.600207846765561,5.598094305224676,5.595986766402628,5.593885201660729,5.591789582522773,5.5896998806741784,5.587616067961213,5.585538116390262,5.583465998126921,5.581399685495354,5.579339150977439,5.57728436721205,5.575235306994256,5.5731919432746535,5.571154249158522,5.569122197905119,5.567095762926985,5.565074917789157,5.563059636208474,5.5610498920528,5.559045659340387,5.557046912239083,5.555053625065637,5.553065772285019,5.551083328509678,5.549106268498833,5.547134567157816,5.545168199537298,5.5432071408326715,5.541251366383304,5.539300851671832,5.537355572323536,5.535415504105547,5.533480622926291,5.531550904834667,5.529626326019471,5.527706862808631,5.525792491668579,5.523883189203552,5.521978932154916,5.520079697400457,5.518185461953758,5.51629620296349,5.514411897712723,5.512532523618296,5.510658058230092,5.508788479230426,5.5069237644333,5.505063891783781,5.503208839357343,5.501358585359149,5.499513108123411,5.497672386112747,5.495836397917434,5.494005122254849,5.492178537968695,5.490356624028442,5.488539359528564,5.486726723687926,5.484918695849125,5.483115255477817,5.481316382162033,5.479522055611569,5.47773225565726,5.4759469622503705,5.474166155461916,5.472389815482001,5.470617922619182,5.468850457299754,5.467087400067175,5.4653287315813595,5.463574432617999,5.46182448406798,5.460078866936661,5.458337562343268,5.4566005515202125,5.454867815812459,5.451415095681505,5.434401806668914
575.65,6.5611076057502125,6.497689941552568,6.438835094730926,6.383878140303688,6.332281209783223,6.283608616111668,6.2375065792926305,6.1936867646563725,6.151912970445699,6.111990407866886,6.073757107400645,6.037077062200563,6.001834784710713,5.967931007856742,5.935279308760745,5.9038034721219335,5.8734354432836,5.8441137485133305,5.815782282944963,5.788389385683233,5.761887137335894,5.736230828239607,5.711378556316153,5.6872909222161825,5.663930796494785,5.641263139293344,5.623605290026998,5.621426918734765,5.619254857604898,5.617089076176925,5.614929544163404,5.61277623144899,5.610629108089594,5.608488144311422,5.606353310510158,5.604224577250077,5.602101915263239,5.599985295448634,5.597874688871253,5.595770066761404,5.59367140051381,5.5915786616868,5.589491822001518,5.587410853341151,5.585335727750086,5.583266417433151,5.581202894754845,5.579145132238539,5.577093102565762,5.575046778575315,5.5730061332626635,5.570971139779074,5.568941771430889,5.5669180016788165,5.5648998041371485,5.562887152573005,5.560880020905676,5.558878383205776,5.556882213694625,5.554891486743422,5.552906176872618,5.550926258751118,5.548951707195549,5.546982497169667,5.545018603783483,5.543060002292658,5.541106668097728,5.539158576743456,5.537215703918078,5.535278025452612,5.53334551732013,5.531418155635119,5.529495916652699,5.527578776767968,5.525666712515328,5.523759700567712,5.521857717735985,5.519960740968114,5.518068747348631,5.516181714097826,5.514299618571089,5.512422438258217,5.5105501507827475,5.508682733901226,5.506820165502557,5.504962423607256,5.50310948636685,5.501261332063105,5.499417939107403,5.497579286039993,5.49574535152939,5.493916114371609,5.492091553489535,5.490271647932212,5.488456376874172,5.486645719614744,5.484839655577405,5.483038164309059,5.481241225479368,5.479448818880108,5.4776609244244385,5.475877522146257,5.474098592199535,5.472324114857593,5.470554070512489,5.468788439674292,5.467027202970443,5.463517835058295,5.446228210658574
576.15,6.604472556844853,6.538057486106949,6.476624199265446,6.419429454739563,6.365872414470344,6.315466885115409,6.267818666295661,6.222607135195102,6.179570334111399,6.138492944767458,6.099196633089853,6.061532333073273,6.025374110402042,5.990614307459536,5.957159722837301,5.924928621784778,5.893848410428688,5.8638538370506605,5.834885609130632,5.806889336004782,5.779814724504071,5.753614969404228,5.728246292404269,5.703667593081211,5.6798401831897625,5.656727582090326,5.6387289588527345,5.6365089031638265,5.634295356254959,5.632088286449527,5.629887662251681,5.627693452345347,5.625505625593323,5.6233241510361935,5.621148997891516,5.618980135552783,5.616817533588632,5.614661161741844,5.612510989928434,5.610366988236853,5.608229126927021,5.606097376429514,5.603971707344657,5.601852090441734,5.599738496658106,5.597630897098346,5.595529263033479,5.593433565900086,5.5913437772995875,5.589259868997281,5.587181812921714,5.585109581163744,5.583043145975786,5.580982479771099,5.578927555122885,5.576878344763593,5.574834821584114,5.572796958633005,5.570764729115758,5.568738106393964,5.566717063984653,5.5647015755594715,5.562691614943896,5.5606871561166065,5.558688173208619,5.556694640502606,5.554706532432115,5.552723823580855,5.550746488681979,5.548774502617304,5.546807840416599,5.54484647725685,5.54289038846155,5.540939549499915,5.538993935986265,5.537053523679166,5.5351182884808345,5.533188206436304,5.531263253732776,5.5293434066989064,5.527428641804031,5.525518935657481,5.523614265007897,5.521714606742455,5.519819937886215,5.517930235601342,5.516045477186456,5.51416564007588,5.512290701838954,5.510420640179314,5.50855543293419,5.506695058073689,5.5048394937001115,5.5029887180472175,5.501142709479534,5.499301446491653,5.497464907707539,5.495633071879808,5.493805917889,5.49198342474297,5.4901655715760835,5.48835233764857,5.486543702345836,5.484739645177712,5.482940145777824,5.481145183902841,5.4793547394318205,5.475787322825552,5.458214603273246
576.65,6.649713555479035,6.580042444150632,6.515819763403285,6.456214605251528,6.400555592225013,6.348299915472642,6.299008039833654,6.252323114160392,6.207954276222705,6.165663170582508,6.125253107862647,6.086560387421371,6.049447384915822,6.013797073511702,5.979508704360211,5.946494419849177,5.914676613391556,5.88398588324059,5.854359455986453,5.825739978848165,5.798074599326416,5.771314266867906,5.745413204428104,5.720328508667156,5.696019846362358,5.672449221796781,5.654099956687012,5.651837018631417,5.649580795676057,5.647331254872696,5.645088363462077,5.642852088872956,5.640622398721049,5.6383992608078985,5.636182643119961,5.633972513827492,5.631768841283651,5.629571594023523,5.627380740762992,5.625196250397978,5.6230180920034005,5.620846234832231,5.618680648314587,5.616521302056856,5.6143681658407125,5.612221209622302,5.610080403531306,5.607945717870072,5.605817123112773,5.603694589904501,5.601578089060445,5.599467591565027,5.597363068571058,5.595264491398924,5.5931718315357415,5.591085060634523,5.58900415051341,5.586929073154767,5.584859800704505,5.582796305471132,5.580738559925077,5.578686536697833,5.5766402085811535,5.574599548526347,5.572564529643398,5.570535125200239,5.568511308621981,5.566493053490115,5.564480333541748,5.562473122668863,5.560471394917497,5.558475124487053,5.556484285729474,5.554498853148508,5.552518801399007,5.550544105286049,5.548574739764348,5.54661067993734,5.544651901056552,5.54269837852083,5.540750087875558,5.538807004811934,5.536869105166268,5.534936364919162,5.533008760194859,5.531086267260403,5.529168862525045,5.5272565225393295,5.525349223994527,5.523446943721774,5.5215496586914306,5.519657346012286,5.517769982930876,5.515887546830705,5.514010015231558,5.512137365788744,5.510269576292412,5.508406624666771,5.506548488969372,5.504695147390441,5.502846578252099,5.5010027600076254,5.499163671240816,5.497329290665169,5.49549959712324,5.493674569585853,5.491854187151458,5.488227274618988,5.4703644788303265
577.15,6.696986294514961,6.62377190041316,6.55652588574638,6.494319243763743,6.436401603115649,6.382166709500401,6.331124193242585,6.282876560837608,6.237100514663665,6.1935318471186065,6.151953276607348,6.112184695946231,6.074075391368097,6.037497864544837,6.002342952825559,5.968515995803762,5.935933840840501,5.904522517502205,5.874215442072278,5.844952039309147,5.816676690220726,5.78933793249885,5.7628878549898515,5.737281639665783,5.712477214436828,5.688434988169911,5.669724842491809,5.667417779391409,5.665117645766366,5.6628244073377685,5.660538030024554,5.658258479942488,5.655985723402923,5.653719726911717,5.651460457168042,5.649207881063323,5.646961965680206,5.644722678291418,5.642489986358744,5.640263857531954,5.63804425964785,5.635831160729202,5.633624528983706,5.63142433280315,5.629230540762261,5.627043121617844,5.624862044307845,5.622687277950331,5.620518791842649,5.618356555460396,5.616200538456628,5.614050710660862,5.611907042078201,5.609769502888496,5.607638063445404,5.605512694275516,5.603393366077572,5.601280049721462,5.5991727162475184,5.5970713368655565,5.594975882954096,5.592886326059501,5.590802637895109,5.588724790340508,5.5866527554406105,5.584586505404879,5.582526012606495,5.580471249581593,5.578422189028387,5.576378803806441,5.574341066935769,5.5723089515961535,5.5702824311262855,5.568261479022949,5.566246068940342,5.564236174689138,5.562231770235872,5.560232829701978,5.55823932736318,5.556251237648609,5.55426853514007,5.552291194571251,5.550319190826982,5.548352498942406,5.546391094102318,5.544434951640256,5.542484047037891,5.5405383559241255,5.53859785407443,5.536662517410038,5.534732321997194,5.532807244046396,5.530887259911652,5.528972346089714,5.527062479219315,5.5251576360804195,5.5232577935935,5.521362928818758,5.519473018955341,5.517588041340687,5.515707973449684,5.513832792893961,5.51196247742117,5.510097004914164,5.508236353390331,5.50638050100081,5.504529426029754,5.500841522140308,5.482681438785819
577.65,6.7464633528165745,6.669386491081622,6.598857530782091,6.533837730801065,6.4734882873397295,6.41713186821133,6.364221117109028,6.314312955496455,6.267047692548555,6.222132109877733,6.179325821206864,6.138430320763649,6.099280230765887,6.061736340244159,6.025680096751648,5.991009270958048,5.957634563340262,5.925476963479558,5.894465707033461,5.864536704281949,5.835631338114558,5.807695549181838,5.780679142319655,5.754535261821092,5.729219994144664,5.704692065615828,5.685610412791206,5.683257935225702,5.680912609939313,5.678574401259504,5.676243273721218,5.673919192065662,5.671602121238979,5.6692920263910125,5.666988872874051,5.6646926262416475,5.662403252247417,5.660120716843967,5.657844986181546,5.655576026607066,5.653313804662974,5.6510582870860935,5.6488094408065495,5.646567232946805,5.644331630820426,5.642102601931189,5.639880113971992,5.637664134823851,5.635454632554902,5.633251575419381,5.631054931856694,5.628864670490409,5.626680760127284,5.624503169756385,5.622331868548052,5.620166825853041,5.618008011201589,5.615855394302451,5.613708945042066,5.611568633483577,5.609434429865995,5.607306304603331,5.605184228283595,5.603068171668099,5.600958105690447,5.598854001455725,5.596755830239651,5.5946635634877016,5.592577172814292,5.590496630001917,5.588421907000256,5.586352975925475,5.584289809059232,5.582232378847978,5.580180657902085,5.5781346189949925,5.576094235062464,5.574059479201678,5.572030324670499,5.570006744886662,5.56798871342689,5.565976204026163,5.563969190576909,5.561967647128168,5.55997154788484,5.557980867206818,5.55599557960831,5.554015659756921,5.5520410824729485,5.550071822728546,5.548107855646993,5.546149156501822,5.5441957007161315,5.542247463861735,5.540304421658396,5.53836654997304,5.536433824819043,5.534506222355345,5.5325837188857445,5.530666290858125,5.528753914863647,5.526846567635978,5.524944226050569,5.523046867123804,5.521154468012311,5.519267006012137,5.517384458558,5.5136340177154795,5.495169195880544
578.15,6.798336145136789,6.717041970160051,6.642941784138928,6.57487413909088,6.511901265836403,6.453266228660463,6.398357805691771,6.346681801142428,6.297837696542456,6.251499720083631,6.20740156004603,6.165324073430158,6.12508544736269,6.086533361142635,6.049538773263601,6.013991022299205,5.9797939849249095,5.946863080025617,5.915122946097636,5.884505651099638,5.8549493204897125,5.826397091237713,5.798796317815797,5.772097971160982,5.746256183884106,5.721227905010617,5.701763712448587,5.69936448210093,5.696972635661683,5.694588135997549,5.692210946193037,5.689841029549143,5.687478349581884,5.685122870020834,5.682774554807935,5.680433368095971,5.6780992742474234,5.675772237833186,5.673452223631106,5.671139196624954,5.668833122003132,5.666533965157471,5.664241691681965,5.661956267371794,5.659677658221972,5.65740583042636,5.655140750376474,5.6528823846604475,5.650630700061872,5.648385663558752,5.646147242322509,5.643915403716833,5.64169011529672,5.639471344807449,5.637259060183543,5.635053229547751,5.632853821210177,5.630660803667114,5.628474145600257,5.626293815875633,5.624119783542683,5.621952017833337,5.619790488160996,5.6176351641197515,5.615486015483337,5.61334301220427,5.611206124412922,5.609075322416638,5.6069505766988454,5.60483185791815,5.60271913690742,5.600612384673003,5.598511572393743,5.596416671420168,5.594327653273667,5.592244489645497,5.590167152396094,5.588095613554067,5.5860298453154495,5.583969820042843,5.581915510264506,5.579866888673581,5.577823928127267,5.575786601645914,5.573754882412275,5.571728743770586,5.569708159225865,5.567693102442944,5.565683547245762,5.563679467616483,5.561680837694716,5.559687631776649,5.557699824314305,5.5557173899146655,5.553740303338895,5.551768539501499,5.5498020734695865,5.547840880461997,5.545884935848495,5.543934215149027,5.541988694032857,5.540048348317793,5.538113153969405,5.536183087100173,5.534258123968756,5.5323382409791515,5.530423414679912,5.526608839064811,5.507831578477171
578.65,6.8528170954717895,6.766910956474578,6.688919253493466,6.617543374280357,6.55173483480809,6.490647576386644,6.43359882322758,6.380037072880991,6.329516012937066,6.281673346562411,6.236213671064531,6.192894691492104,6.151516168554726,6.1119110997058685,6.073938716589025,6.037478953313824,6.002428100114469,5.968695407445375,5.936200447909739,5.904871078799685,5.8746418775016975,5.845452946494684,5.81724900491048,5.789978700303726,5.763594087961418,5.738050236253878,5.718192046081713,5.715744673452164,5.713304925608413,5.7108727638844545,5.708448149843285,5.706031045275465,5.703621412197421,5.70121921284997,5.698824409696783,5.696436965422924,5.694056842933398,5.691684005351814,5.689318416018835,5.686960038490906,5.684608836538904,5.682264774146836,5.679927815510433,5.6775979250360304,5.675275067339192,5.672959207243536,5.6706503097794725,5.668348340183018,5.666053263894694,5.663765046558204,5.661483654019462,5.6592090523252985,5.656941207722451,5.654680086656423,5.652425655770434,5.650177881904244,5.647936732093231,5.6457021735672175,5.643474173749477,5.641252700255762,5.639037720893161,5.636829203659232,5.634627116740862,5.632431428513409,5.63024210753965,5.628059122568824,5.625882442535657,5.623712036559426,5.621547873943019,5.619389924171968,5.617238156913514,5.61509254201572,5.612953049506477,5.6108196495926626,5.6086923126592225,5.60657100926816,5.604455710157807,5.602346386241788,5.60024300860817,5.598145548518641,5.596053977407511,5.593968266880914,5.591888388715945,5.589814314859713,5.587746017428547,5.585683468707057,5.583626641147394,5.581575507368225,5.579530040154028,5.5774902124541414,5.575455997381965,5.573427368214087,5.571404298389449,5.569386761508481,5.567374731332294,5.565368181781801,5.56336708693693,5.5613714210357355,5.559381158473566,5.5573962738022855,5.5554167417293945,5.553442537117193,5.5514736349820115,5.549510010493291,5.547551638972864,5.54559849589404,5.543650556880831,5.539770194295864,5.520672535097796
579.15,6.910142058830073,6.819184881646737,6.736945631633816,6.661972426142374,6.5930929649610555,6.529361441657435,6.470014937109204,6.414437720499849,6.362132125954732,6.3126948810396195,6.265797941181725,6.221173035794968,6.17859926107956,6.137893164194499,6.0989008565513805,6.061491772624333,6.025553757036521,5.9909892185104425,5.957712136102264,5.925645742322642,5.894720740412486,5.864873940194149,5.836047219402794,5.808186735948965,5.781242331799005,5.755167081621383,5.734902990169918,5.732406032147126,5.729916949486295,5.727435701911407,5.724962249387666,5.722496552119838,5.7200385705504395,5.717588265357999,5.715145597455409,5.712710527988267,5.7102830183332705,5.7078630300967585,5.705450525112891,5.703045465442404,5.700647813371018,5.698257531407921,5.695874582284412,5.693498928952518,5.691130534583522,5.6887693625666715,5.686415376507814,5.684068540228095,5.681728817762725,5.679396173359523,5.677070571477915,5.674751976787535,5.672440354166999,5.6701356687028435,5.667837885688196,5.665546970621696,5.66326288920639,5.660985607348399,5.658715091156038,5.656451306938565,5.654194221205121,5.651943800663666,5.649700012219836,5.6474628229760375,5.645232200230197,5.643008111474921,5.640790524396317,5.638579406873048,5.636374726975326,5.634176452963893,5.631984553289006,5.629798996589507,5.627619751691808,5.6254467876089205,5.623280073539549,5.6211195788670185,5.6189652731584765,5.6168171261637925,5.614675107814737,5.612539188224035,5.6104093376843585,5.608285526667464,5.606167725823317,5.604055905979077,5.60195003813828,5.599850093479841,5.597756043357271,5.595667859297662,5.59358551300087,5.591508976338584,5.5894382213534675,5.587373220258243,5.585313945434851,5.583260369433516,5.581212464971916,5.579170204934273,5.577133562370539,5.575102510495469,5.573077022687733,5.571057072489157,5.569042633603755,5.5670336798968965,5.565030185394509,5.563032124282086,5.561039470903987,5.559052199762474,5.557070285516896,5.553122427131303,5.53369613917288
579.65,6.970573019060814,6.874076161557511,6.787193439978724,6.708301765106239,6.636090417458156,6.569501989188196,6.507683825720287,6.449948230505952,6.395739963269122,6.344609790829693,6.296193045251677,6.250192311053353,6.206363505492946,6.164504736857312,6.124447428279158,6.086049281390445,6.0491887273933935,6.013760574820704,5.979672615047344,5.946842989987973,5.915198162601346,5.884671360936345,5.855201391416755,5.826731737674942,5.79920987820483,5.772586769990001,5.751904405914108,5.749356363189806,5.746816456583981,5.744284644127451,5.741760884105496,5.739245135056112,5.7367373557679455,5.734237505278392,5.731745542871657,5.729261428076993,5.726785120666869,5.724316580655346,5.721855768296024,5.719402644080737,5.716957168737661,5.7145193032297845,5.712089008753256,5.709666246735921,5.707250978835746,5.704843166939268,5.702442773160226,5.700049759838021,5.697664089536392,5.695285725041895,5.692914629362676,5.6905507657270045,5.688194097581932,5.685844588592169,5.6835022026385795,5.681166903816972,5.678838656437018,5.676517425020714,5.674203174301455,5.671895869222672,5.66959547493669,5.667301956803595,5.665015280389955,5.662735411467901,5.660462316013813,5.658195960207237,5.655936310429869,5.653683333264375,5.651436995493357,5.649197264098286,5.6469641062584,5.644737489349715,5.642517380943945,5.64030374880748,5.638096560900419,5.6358957853754195,5.633701390576874,5.63151334503973,5.629331617488632,5.627156176836913,5.624986992185536,5.622824032822192,5.620667268220369,5.618516668038279,5.616372202118032,5.614233840484529,5.612101553344714,5.609975311086441,5.607855084277671,5.605740843665455,5.603632560175077,5.601530204909053,5.599433749146316,5.597343164341154,5.595258422122421,5.593179494292552,5.5911063528267215,5.589038969871877,5.586977317745804,5.584921368936376,5.582871096100496,5.580826472063263,5.578787469817123,5.576754062520875,5.5747262234988995,5.572703926240181,5.570687144397465,5.566670022384502,5.546906594012646
580.15,7.03440109337403,6.931820616269584,6.839853972870308,6.756686900591283,6.680853989918543,6.611173012099208,6.546690869582524,6.486639254563129,6.430398394297373,6.37746751334718,6.327440858071912,6.279988312472507,6.234839791128515,6.1917727281916175,6.150602094492092,6.111172470542029,6.073351784106987,6.0370263891597356,6.002097220290663,5.968476804634432,5.936086953453108,5.9048569888964435,5.874722389161871,5.845623758178778,5.817506044808419,5.790317952017075,5.769204452916636,5.766603767228835,5.764011489112403,5.761427574815003,5.758851980853445,5.7562846640116225,5.753725581338194,5.7511746901444205,5.748631948002085,5.746097312741393,5.7435707424490134,5.741052195466181,5.738541630386494,5.736039006054374,5.733544281562968,5.731057416252497,5.728578369708365,5.726107101759571,5.723643572476854,5.721187742171151,5.71873957139195,5.7162990209255815,5.713866051793869,5.711440625252315,5.709022702788834,5.706612246122122,5.704209217200183,5.701813578199057,5.699425291521216,5.697044319794285,5.694670625869698,5.692304172821229,5.689944923943843,5.687592842752202,5.685247892979538,5.68291003857634,5.680579243708998,5.678255472758761,5.675938690320357,5.673628861200885,5.671325950418588,5.669029923201674,5.666740744987185,5.664458381419872,5.662182798350936,5.659913961837098,5.657651838139311,5.65539639372178,5.653147595250828,5.650905409593766,5.648669803817971,5.64644074518962,5.6442182011728015,5.642002139428437,5.639792527813201,5.63758933437848,5.635392527369458,5.633202075223965,5.631017946571602,5.628840110232604,5.62666853521699,5.624503190723424,5.622344046138352,5.620191071034957,5.618044235172212,5.615903508493893,5.613768861127636,5.6116402633839595,5.609517685755291,5.607401098915058,5.605290473716726,5.603185781192825,5.60108699255402,5.598994079188202,5.59690701265953,5.594825764707448,5.5927503072458915,5.5906806123621715,5.58861665231625,5.586558399539652,5.5845058266346435,5.580417611696516,5.560308238012951
580.65,7.101949877484457,6.992680166107691,6.895139465172246,6.807300119444212,6.727523907287046,6.654489042071829,6.587130035453891,6.524588312072945,6.466171787464891,6.411321897389429,6.35958680338388,6.310599701549836,6.264061334011322,6.21972594921771,6.177390081896766,6.136883629042516,6.098062787575673,6.060804494571587,6.025002074233057,5.990561848862905,5.957400515462,5.925443126570433,5.8946215446966574,5.864873265114733,5.8361405227837055,5.808369616366565,5.7868116037567345,5.784156654944949,5.781510396407586,5.778872782511797,5.776243767910111,5.773623307537785,5.77101135661049,5.7684078706216155,5.765812805340081,5.763226116807929,5.760647761338113,5.758077695512365,5.755515876178768,5.752962260449911,5.7504168057007075,5.747879469566399,5.745350209940524,5.742828984973107,5.740315753068645,5.737810472884307,5.73531310332812,5.732823603557185,5.730341932976005,5.727868051234592,5.725401918226995,5.72294349408959,5.720492739199371,5.718049614172537,5.7156140798628385,5.713186097359994,5.710765627988407,5.708352633305382,5.705947075099987,5.703548915391406,5.701158116427614,5.698774640684047,5.696398450862096,5.69402950988795,5.691667780911154,5.689313227303304,5.686965812656826,5.684625500783654,5.682292255714013,5.679966041695186,5.677646823190216,5.675334564876831,5.673029231646113,5.670730788601394,5.668439201057172,5.666154434537722,5.6638764547762,5.661605227713353,5.6593407194964325,5.657082896478184,5.654831725215563,5.652587172468786,5.650349205200235,5.648117790573271,5.645892895951327,5.643674488896695,5.641462537169616,5.6392570087271086,5.637057871722026,5.634865094501968,5.632678645608288,5.630498493775056,5.628324607928065,5.62615695718378,5.623995510848384,5.62184023841674,5.619691109571446,5.617548094181802,5.615411162302799,5.613280284174251,5.61115543021969,5.6090365710454515,5.606923677439739,5.60481672037155,5.602715670989833,5.6006205006224725,5.598531180775302,5.59436997954915,5.5739055501084405
581.15,7.173579168964418,7.056945834567097,6.953285508169131,6.860332424777515,6.7762553740087075,6.699576589001625,6.629104864090266,6.56388057550699,6.5031306333396675,6.446231696705019,6.39268024425562,6.342068314536436,6.294063920484545,6.24839530394461,6.204838333400601,6.163206464521667,6.123342781591281,6.0851137209740145,6.048404147691579,6.013113514870365,5.979152884928294,5.946442632343405,5.914910681920336,5.884491164702796,5.85512339699082,5.826751107085397,5.804734659545865,5.80202376239913,5.799321850075971,5.796628874957402,5.793944789727509,5.791269547370659,5.788603101168513,5.7859454046973475,5.7832964118253765,5.780656076710124,5.778024353795833,5.775401197811146,5.772786563766302,5.770180406951202,5.767582682932734,5.764993347552756,5.762412356925618,5.759839667436321,5.757275235738073,5.754719018750462,5.7521709736573,5.749631057904654,5.747099229199011,5.744575445505162,5.742059665044602,5.739551846293498,5.737051947981007,5.7345599290874585,5.73207574884275,5.729599366724498,5.727130742456573,5.724669836007244,5.722216607587857,5.719771017650986,5.7173330268891265,5.714902596233101,5.712479686850401,5.7100642601440645,5.707656277750898,5.705255701540311,5.702862493612712,5.70047661629829,5.6980980321555705,5.695726703970101,5.693362594753095,5.691005667740226,5.6886558863901895,5.686313214383538,5.683977615621462,5.681649054224388,5.679327494530951,5.67701290109657,5.674705238692428,5.672404472304223,5.6701105671309175,5.667823488583671,5.665543202284678,5.663269674065916,5.661002869968205,5.658742756239842,5.656489299335726,5.654242465916067,5.652002222845376,5.649768537191367,5.647541376223864,5.645320707413704,5.643106498431741,5.6408987171476825,5.638697331629102,5.636502310140354,5.634313621141594,5.632131233287668,5.629955115427065,5.627785236601006,5.625621566042301,5.623464073174342,5.621312727610194,5.619167499151437,5.617028357787292,5.614895273693502,5.61276821723144,5.608532069569812,5.58770315548655
581.65,7.2496891104308565,7.124941092060074,7.014553741458361,6.915995697730434,6.827220305789468,6.746575524921064,6.67272957358697,6.604609748074937,6.5413522413250655,6.482261121990587,6.426774919747235,6.374439507459912,6.32488617963431,6.2778140044632975,6.23297567806362,6.190166237784488,6.149214100092339,6.109973980225995,6.072321328053233,6.036147979427833,6.001358776675124,5.9678689572091725,5.935602147045163,5.904488827303489,5.874465167688551,5.845472142245653,5.822982766557217,5.820214167433843,5.81745486017211,5.814704795051842,5.811963922675422,5.809232193964866,5.806509560158324,5.803795972807096,5.80109138377254,5.798395745223113,5.795709009631458,5.7930311297718164,5.790362058716784,5.787701749835194,5.785050156789039,5.7824072335312025,5.779772934302825,5.777147213630974,5.77453002632613,5.771921327479958,5.7693210724629935,5.766729216922435,5.764145716780081,5.761570528229903,5.759003607736348,5.756444912032019,5.753894398115776,5.75135202325083,5.74881774496284,5.746291521037889,5.743773309520882,5.741263068713549,5.738760757172761,5.73626633370884,5.7337797573837985,5.731300987509709,5.728829983646961,5.726366705602843,5.7239111134298035,5.72146316742396,5.719022828123561,5.716590056307441,5.714164812993611,5.711747059437771,5.70933675713178,5.706933867802421,5.7045383534098475,5.702150176146232,5.699769298434555,5.697395682927001,5.6950292925038815,5.692670090272165,5.69031803956425,5.687973103936735,5.685635247169052,5.683304433262259,5.680980626437864,5.678663791136481,5.676353892016785,5.6740508939540995,5.671754762039436,5.669465461578132,5.66718295808878,5.664907217302046,5.662638205159547,5.660375887812645,5.658120231621393,5.655871203153377,5.653628769182561,5.651392896688253,5.649163552853982,5.646940705066395,5.644724320914118,5.642514368186791,5.6403108148739,5.63811362916372,5.635922779442315,5.633738234292363,5.631559962492234,5.629387933014838,5.627222115026643,5.6229089911451,5.6017058315770925
582.15,7.3307247986108415,7.1970255781378905,7.079234851560348,6.9745251071410586,6.880609261200445,6.795640628591648,6.7181302915453625,6.646879044389921,6.580921518466142,6.519480458168805,6.461929433324824,6.407762542050165,6.356569887959078,6.308017811391033,6.261833020931631,6.217789912878854,6.175700486070523,6.135406360675175,6.096772494820202,6.059682264621347,6.024033633264575,5.989736185009966,5.9567088418350425,5.924878115177153,5.894176773984745,5.864542833982592,5.841565434035393,5.838737307230518,5.835918792509259,5.8331098379244795,5.830310391873396,5.827520403094151,5.824739820661963,5.82196859398574,5.819206672804429,5.816454007183802,5.813710547513146,5.81097624450221,5.80825104917775,5.805534912880782,5.8028277872634995,5.800129624286503,5.797440376215757,5.794759995620123,5.792088435368478,5.78942564862713,5.786771588857331,5.7841262098126816,5.781489465536885,5.778861310361011,5.776241698901611,5.773630586058057,5.771027927010494,5.7684336772176685,5.7658477924148,5.763270228611374,5.760700942089293,5.758139889400665,5.755587027366046,5.753042313072372,5.750505703871145,5.747977157376619,5.745456631463805,5.742944084267,5.740439474177814,5.737942759843466,5.735453900165233,5.7329728542966665,5.7304995816420545,5.728034041854827,5.725576194835826,5.723126000732,5.720683419934693,5.718248413078216,5.715820941038457,5.713400964931179,5.710988446110898,5.708583346169148,5.7061856269333555,5.703795250465353,5.70141217905993,5.699036375243602,5.696667801773324,5.6943064216349715,5.691952198042289,5.689605094435399,5.687265074479703,5.684932102064455,5.682606141301651,5.680287156524732,5.677975112287377,5.675669973362271,5.673371704739967,5.67108027162757,5.668795639447705,5.6665177738371915,5.6642466406460645,5.661982205936246,5.659724435980425,5.657473297261059,5.655228756469075,5.652990780502794,5.650759336466885,5.648534391671114,5.646315913629392,5.644103870058543,5.641898228877286,5.637506026361229,5.61591851433284
582.65,7.417181410308839,7.2735992439159265,7.147651911259093,7.036181794816987,6.936633595629522,6.846943308993559,6.765446430776157,6.69080228598715,6.6219318398957325,6.557966754572682,6.49820779911166,6.442091017418812,6.389160310133038,6.339045302711085,6.291443555153804,6.246106324608153,6.2028272241091065,6.16143323234231,6.121777603444407,6.083734305053586,6.0471936792513965,6.012059076613613,5.978244259930187,5.945671412675297,5.914269619215644,5.883973710075226,5.860492553305265,5.857602997139084,5.854723387215701,5.851853669223236,5.84899378921852,5.846143693623,5.843303329218519,5.840472643143236,5.837651582887798,5.834840096291351,5.832038131537996,5.829245637153236,5.82646256200005,5.823688855275858,5.820924466509041,5.818169345555543,5.815423442595792,5.81268670813171,5.809959092983384,5.807240548286361,5.804531025488734,5.801830476348147,5.799138852929343,5.796456107601125,5.793782193034117,5.791117062197896,5.78846066835861,5.7858129650765955,5.783173906203922,5.780543445882032,5.777921538539569,5.775308138889989,5.7727032019295255,5.770106682934974,5.767518537461571,5.764938721341063,5.762367190679454,5.759803901855376,5.757248811517916,5.754701876584738,5.7521630542403255,5.749632301934067,5.747109577378556,5.744594838547757,5.742088043675269,5.739589151252695,5.737098120027949,5.734614909003548,5.73213947743517,5.729671784829803,5.727211790944469,5.724759455784434,5.722314739601824,5.719877602894184,5.717448006402792,5.715025911111368,5.712611278244692,5.710204069266965,5.707804245880622,5.705411770024801,5.703026603874121,5.700648709837176,5.698278050555293,5.695914588901211,5.693558287977711,5.69120911111641,5.6888670218764,5.686531984043009,5.684203961626549,5.681882918861043,5.679568820203048,5.677261630330369,5.674961314140826,5.6726678367511445,5.670381163495657,5.6681012599251375,5.665828091805698,5.663561625117462,5.66130182605357,5.659048661018858,5.65680209662886,5.652328637291206,5.630346304818146
583.15,7.509609901641982,7.355106960831655,7.2201640973773,7.101255867124338,6.995527862517047,6.900673527925864,6.814832224889149,6.736505124870269,6.664486021511861,6.597804596529586,6.53568005276677,6.477483352902378,6.42270658015721,6.370938174409142,6.321842999064894,6.275146365602826,6.230621288209113,6.188078364032358,6.147357778459296,6.1083230222864495,6.070855981080463,6.0348531184941425,6.000222526618599,5.966881659139947,5.934755598466108,5.9037757372325865,5.879774418312425,5.876821450909174,5.873878778663193,5.870946344746799,5.868024092728001,5.865111966566055,5.862209910606301,5.859317869575899,5.856435788579145,5.8535636130932085,5.850701288963886,5.8478487624016635,5.845005979977211,5.842172888618085,5.83934943560442,5.836535568565533,5.833731235476065,5.830936384652737,5.828150964750624,5.825374924760074,5.822608214003223,5.819850782130922,5.817102579119732,5.814363555268601,5.811633661196247,5.8089128478380845,5.806201066443363,5.803498268572664,5.800804406094933,5.798119431184996,5.795443296321148,5.792775954282253,5.790117358145736,5.78746746128491,5.784826217366725,5.782193580349536,5.779569504480686,5.776953944294535,5.774346854610154,5.771748190529341,5.769157907434405,5.7665759609862866,5.764002307122538,5.76143690205538,5.758879702269678,5.756330664521345,5.753789745835165,5.751256903503288,5.748732095083282,5.746215278396427,5.743706411526063,5.741205452815765,5.738712360867838,5.736227094541653,5.733749612951907,5.7312798754671865,5.728817841708454,5.726363471547238,5.723916725104451,5.721477562748609,5.719045945094632,5.716621833002069,5.714205187573968,5.711795970155217,5.709394142331276,5.7069996659267375,5.704612503003983,5.7022326158617584,5.69985996703389,5.697494519287913,5.695136235623828,5.692785079272697,5.690441013695355,5.6881040025812455,5.685774009847012,5.6834509996352836,5.681134936313473,5.6788257844724175,5.676523508925287,5.674228074706245,5.67193944706931,5.6673824736496226,5.644994476123503
583.65,7.608623342987465,7.44204364688145,7.297170828735614,7.170069726913175,7.057552489562936,6.957041944161714,6.866458441928195,6.784126409738498,6.70869740667181,6.6390869678012665,6.574422934553919,6.514003328099419,6.457262127696738,6.403741576707671,6.353069861239541,6.304943195310341,6.259111506755596,6.215367053826269,6.173535417038264,6.133468407405182,6.095038513308763,6.058134576243307,6.022658442459455,5.988522384824705,5.95564712847184,5.923960346270962,5.899421747745864,5.896403302468803,5.893395516909804,5.890398331559008,5.8874116873325475,5.884435525567226,5.881469788014989,5.878514416837796,5.875569354602382,5.8726345442753995,5.8697099292185895,5.866795453184274,5.8638910603102605,5.8609966951159205,5.858112302497683,5.855237827724737,5.852373216434924,5.849518414630936,5.846673368676164,5.843838025291025,5.841012331549315,5.838196234874526,5.8353896830363565,5.832592624147173,5.829805006658964,5.827026779359749,5.8242578913705945,5.821498292142506,5.818747931453313,5.816006759404799,5.81327472641984,5.8105517832394264,5.807837880920202,5.805132970831473,5.802437004652844,5.79974993437143,5.797071712279492,5.794402290972012,5.791741623344171,5.7890896625891175,5.786446362195552,5.783811675945633,5.781185557912632,5.778567962458927,5.775958844233654,5.773358158170915,5.7707658594875415,5.768181903681165,5.765606246528381,5.76303884408253,5.760479652672211,5.757928628898995,5.755385729635997,5.752850912025871,5.750324133479083,5.747805351672146,5.74529452454611,5.742791610304588,5.740296567412379,5.737809354593595,5.735329930830315,5.732858255360788,5.730394287677992,5.7279379875280485,5.725489314908751,5.7230482300679935,5.7206146935023785,5.7181886659556795,5.715770108417446,5.713358982121504,5.710955248544665,5.708558869405249,5.706169806661603,5.7037880225110005,5.701413479387989,5.699046139963215,5.696685967142109,5.694332924063411,5.691986974098036,5.689648080847664,5.6873162081435105,5.6826733808385566,5.659868480625547
584.15,7.714903958650105,7.5349599668503515,7.379116370526909,7.24298178349551,7.12299676057379,7.016282304068065,6.920514296199686,6.833819711166812,6.7546910800144975,6.681916214401164,6.614520653021806,6.551720686824941,6.492885154952391,6.4375044901406,6.385165736868554,6.33553247355231,6.288328746703422,6.2433262745758595,6.200334304249908,6.159191612689242,6.1197602319159135,6.081920553603655,6.045567531215338,6.010607750186952,5.976957180172678,5.944539459389162,5.919445708910406,5.916359629414516,5.913284590816425,5.910220530740466,5.907167387270922,5.904125098945856,5.901093604750817,5.898072844112932,5.895062756895124,5.892063283390289,5.889074364315993,5.886095940809262,5.883127954420847,5.880170347110666,5.877223061242666,5.8742860395800225,5.871359225280429,5.8684425618917215,5.865535993347202,5.8626394639615445,5.859752918426433,5.856876301806594,5.854009559535838,5.8511526374128255,5.84830548159786,5.845468038608746,5.842640255317264,5.839822078945917,5.83701345706423,5.834214337585511,5.83142466876375,5.828644399190154,5.825873477790313,5.82311185382104,5.820359476867425,5.817616296840135,5.814882263972211,5.812157328816806,5.809441442244122,5.806734555438944,5.804036619898067,5.801347587427768,5.798667410141317,5.795996040456619,5.793333431093854,5.790679535073183,5.788034305712434,5.785397696624937,5.7827696617174045,5.780150155187663,5.777539131522785,5.774936545496772,5.772342352168781,5.7697565068810945,5.767178965257108,5.764609683199453,5.762048616888273,5.759495722779142,5.756950957601515,5.754414278356698,5.751885642316351,5.749365007020545,5.746852330276213,5.744347570155416,5.741850684993743,5.739361633388569,5.73688037419767,5.73440686653741,5.731941069781312,5.729482943558443,5.727032447752077,5.724589542497936,5.722154188182805,5.71972634544318,5.717305975163655,5.71489303847553,5.712487496755465,5.710089311623907,5.707698444943903,5.705314858819546,5.702938515594661,5.698207408409366,5.674973957613659
584.65,7.829210947546467,7.634468669119456,7.4664949562763585,7.3203905824309246,7.192182136944572,7.078654106286705,6.977209580674119,6.885755023813039,6.802605222959376,6.726405121487294,6.656065738675761,6.590711812471492,6.529639170028518,6.472280146202728,6.418175639206671,6.3669526215985,6.318306119303121,6.271984836224268,6.227779741429847,6.185515053496636,6.145041155562933,6.106229057687284,6.068966092604249,6.033152588947007,5.998699314220828,5.96552551977494,5.9398579435375884,5.936701978396787,5.933557453016245,5.930424301951618,5.927302460256425,5.924191863475153,5.9210924476361,5.918004149244535,5.9149269052760705,5.911860653170155,5.908805330823911,5.905760876586159,5.902727229251067,5.8997043280527475,5.896692112659435,5.893690523168211,5.890699500099338,5.887718984391585,5.884748917396621,5.881789240874565,5.878839896988889,5.87590082830204,5.872971977770753,5.870053288741573,5.867144704946764,5.864246170499933,5.861357629892015,5.858479027987409,5.855610310019994,5.852751421589298,5.849902308657028,5.847062917543239,5.844233194923063,5.841413087823158,5.838602543618374,5.835801510028717,5.833009935115754,5.830227767279984,5.827454955257598,5.824691448117497,5.821937195258504,5.819192146406459,5.816456251611603,5.813729461245799,5.811011725999802,5.8083029968809585,5.805603225210376,5.802912362620689,5.80023036105364,5.797557172757483,5.794892750285044,5.7922370464910165,5.789590014530161,5.786951607854861,5.784321780213054,5.781700485646139,5.779087678487001,5.776483313357781,5.773887345168173,5.771299729113157,5.768720420671413,5.766149375603154,5.763586549948459,5.761031900025319,5.75848538242798,5.755946954025025,5.7534165719577794,5.750894193638475,5.74837977674858,5.745873279237201,5.7433746593194055,5.74088387547457,5.738400886444751,5.735925651233213,5.73345812910278,5.730998279574253,5.72854606242503,5.726101437687371,5.7236643656471955,5.721234806842308,5.718812722061142,5.713990818967778,5.690316741305826
585.15,7.952389169303829,7.741251628245772,7.5598564840373195,7.402739401378058,7.265465956481545,7.144445571116037,7.0367770447810685,6.940120665724515,6.852592627084964,6.772678116353178,6.699159998073161,6.631060483122612,6.567593583453884,6.508126497860533,6.452148370276965,6.399245114067644,6.349079209969277,6.30137356699025,6.255898689263713,6.212462521603874,6.170902455762333,6.131079071126541,6.092871260449771,6.056172455357608,6.020887719785013,5.986931523804665,5.96067059574779,5.957442392607312,5.954226046938697,5.951021490004014,5.947828653605822,5.9446474700795155,5.941477872284921,5.938319793598546,5.935173167906147,5.932037929595122,5.928914013547729,5.925801355133896,5.922699890204275,5.919609555083937,5.916530286565914,5.9134620219048335,5.910404698810884,5.907358255444066,5.904322630408274,5.901297762745701,5.898283591931484,5.895280057868479,5.892287100881992,5.889304661714669,5.886332681521832,5.883371101866687,5.880419864715429,5.87747891243313,5.874548187779052,5.871627633902483,5.868717194338632,5.865816813004365,5.86292643419446,5.860046002577685,5.857175463192978,5.854314761445823,5.8514638431045976,5.848622654297301,5.845791141507928,5.842969251573205,5.840156931679413,5.837354129359165,5.834560792488364,5.831776869283066,5.8290023082967135,5.826237058417107,5.823481068863658,5.820734289184556,5.817996669254304,5.815268159270688,5.8125487097526785,5.809838271537412,5.807136795778099,5.804444233941539,5.801760537805535,5.799085659456776,5.796419551288552,5.7937621659983884,5.791113456586036,5.788473376351085,5.785841878891164,5.783218918099533,5.780604448163326,5.777998423561359,5.77540079906229,5.7728115297225955,5.77023057088477,5.767657878175306,5.765093407503003,5.762537115057002,5.759988957305221,5.757448890992323,5.754916873138128,5.752392861035949,5.7498768122507995,5.747368684617678,5.744868436240162,5.742376025488453,5.739891410998067,5.7374145516680475,5.734945406659483,5.730030097551936,5.705902869278468
585.65,8.08537878899226,7.85606766985178,7.659812849486856,7.490521363224796,7.343245551278868,7.213976948536334,7.099475045138842,6.9971253970296825,6.904822383357341,6.8208726119829155,6.7439155799562585,6.672858715708371,6.606824375262321,6.5451067458178125,6.487136935506161,6.43245480534257,6.380686335197838,6.331525515699647,6.284719927367396,6.240059311393081,6.197366557042852,6.156490631996736,6.117301066875481,6.079683676183777,6.043537257035177,6.008771056131498,5.98189634240214,5.978593441600839,5.975302836113825,5.972024453659769,5.968758222546118,5.96550407165977,5.962261930458072,5.959031728959684,5.955813397736062,5.952606867902995,5.949412071112505,5.9462289395450725,5.943057405901269,5.939897403394937,5.936748865745595,5.933611727171264,5.930485922381548,5.9273713865710596,5.92426805541272,5.921175865051399,5.918094752097826,5.915024653622433,5.911965507149637,5.908917250651822,5.905879822544218,5.902853161679176,5.899837207340854,5.896831899240469,5.893837177510903,5.890852982701979,5.887879255775924,5.884915938102387,5.8819629714543575,5.879020298003417,5.876087860315734,5.873165601347875,5.870253464442568,5.8673513933250385,5.864459332098974,5.861577225242858,5.858705017606216,5.855842654406185,5.852990081223901,5.85014724400125,5.847314089037332,5.844490562985484,5.8416766128498825,5.838872185982591,5.8360772300806145,5.833291693182656,5.8305155236666035,5.827748670246408,5.824991081969464,5.822242708214022,5.819503498686247,5.816773403417881,5.814052372763749,5.811340357398941,5.808637308316865,5.8059431768263945,5.803257914549967,5.800581473420876,5.79791380568139,5.795254863880303,5.792604600870893,5.789962969808737,5.787329924149707,5.78470541764777,5.782089404353134,5.779481838610077,5.776882675055257,5.774291868615549,5.771709374506203,5.769135148229124,5.766569145570888,5.764011322600918,5.761461635669862,5.758920041407638,5.756386496721837,5.753860958795977,5.751343385087759,5.746331961516231,5.721738591337295
586.15,8.229225983542538,7.979761262419895,7.767044985256745,7.584285123164886,7.425962830914615,7.287604202495075,7.165590499750203,7.057000782731674,6.9594817671781195,6.8711405072520755,6.790456166339723,6.716207709542258,6.647414840891379,6.583289927107298,6.52319900750163,6.466630294629332,6.413168829785024,6.362476177815944,6.314274232364443,6.268332360448281,6.224457248322441,6.182484922450488,6.142274513272841,6.103703407952577,6.066663503738544,6.031058327993729,6.0035484261121805,6.00016825371305,5.9968008360123575,5.993446096907845,5.990103960939779,5.986774353281197,5.983457199726788,5.980152426682988,5.976859961158111,5.973579730752581,5.970311663649849,5.9670556886073545,5.963811734947178,5.960579732548084,5.957359611836828,5.954151303780187,5.950954739876813,5.9477698521499125,5.9445965731394805,5.941434835895173,5.938284573969157,5.935145721409394,5.9320182127528405,5.928901983018758,5.925796967702774,5.922703102770398,5.919620324651186,5.916548570232772,5.913487776855445,5.910437882306257,5.907398824814033,5.904370543043764,5.901352976091873,5.898346063480855,5.89534974515488,5.8923639614746675,5.889388653213125,5.88642376155089,5.8834692280719185,5.880524994759214,5.877591003990715,5.874667198535313,5.871753521548828,5.868849916570325,5.865956327518076,5.863072698686351,5.860198974741381,5.857335100718257,5.8544810220173975,5.851636684401156,5.848802033990741,5.845977017262868,5.8431615810469,5.840355672521663,5.837559239212558,5.834772228988532,5.831994590059605,5.8292262709736695,5.8264672206141555,5.823717388197106,5.820976723268844,5.818245175703128,5.8155226956989585,5.812809233777973,5.810104740782066,5.807409167871083,5.804722466520553,5.802044588519308,5.7993754859673485,5.796715111273646,5.794063417154059,5.7914203566291595,5.788785883022037,5.7861599499566365,5.78354251135537,5.780933521437283,5.778332934716243,5.775740705998762,5.773156790382407,5.77058114325367,5.768013720286342,5.762903370956234,5.737830378858234
586.65,8.38509482369368,8.11327216956255,7.882310683193099,7.684641192482434,7.514109382147759,7.3657231131611125,7.2354421795497155,7.120003827060918,7.0167783414322775,6.923649861647643,6.838918302915721,6.761218900759764,6.689456425099652,6.622751573336964,6.560397444795038,6.50182433426203,6.4465713679809715,6.394263748034494,6.344594576701579,6.29731040631106,6.252199806852432,6.20908436712256,6.167811648860494,6.128249700106874,6.09028280645455,6.053808219116168,6.025640691210447,6.022180551368552,6.018733648707777,6.015299902995009,6.011879234701283,6.008471564989494,6.005076815702627,6.00169490935206,5.998325769106049,5.99496931877908,5.991625482821263,5.988294186307879,5.984975354928932,5.9816689149799975,5.97837479335224,5.975092917523288,5.971823215548067,5.968565616050471,5.965320048214266,5.962086441775188,5.958864727012696,5.955654834742273,5.952456696307672,5.949270243573457,5.94609540891811,5.942932125226505,5.939780325883394,5.936639944766787,5.933510916241419,5.930393175152296,5.927286656818923,5.924191297028927,5.921107032032655,5.9180337985371905,5.91497153370114,5.911920175129135,5.908879660866497,5.905849929394519,5.9028309196251945,5.899822570896605,5.896824822968059,5.893837616015657,5.89086089062784,5.8878945878010605,5.884938648935348,5.881993015830547,5.879057630681911,5.876132436076464,5.873217374989191,5.870312390778919,5.867417427185305,5.864532428324599,5.861657338686678,5.858792103131535,5.855936666885828,5.853090975539666,5.850254975043728,5.84742861170576,5.844611832187923,5.841804583503482,5.839006813014379,5.836218468427873,5.833439497794185,5.830669849503545,5.82790947228376,5.8251583151973305,5.822416327639142,5.819683459333871,5.816959660333481,5.814244881014887,5.811539072077651,5.808842184541545,5.8061541697442784,5.803474979339432,5.800804565294035,5.798142879886542,5.795489875704745,5.792845505643478,5.7902097229028495,5.787582480985987,5.784963733697153,5.779751539714516,5.7541849346306675
587.15,8.554280457171036,8.25764616605811,8.00645328429827,7.792268968392711,7.608232141786036,7.448773843291263,7.309384374800706,7.186419909788804,7.076942302128085,6.978586764344683,6.889452884726672,6.808015140447635,6.733049654133017,6.663574446752215,6.598800872030898,6.538094286391989,6.480942322636451,6.426929402624152,6.375716350705302,6.327024161352026,6.280621136258089,6.236312742489092,6.193933657751229,6.153341564768478,6.1144123368717125,6.07703632362391,6.048187623018946,6.044644689608792,6.041115500680705,6.037599971525794,6.034098018208086,6.0306095575507435,6.027134507122612,6.023672785224652,6.020224310877231,6.016789003807635,6.013366784437888,6.009957573873092,6.0065612938894715,6.003177866923568,5.999807216061392,5.996449265027638,5.993103938175336,5.989771160476106,5.986450857510388,5.983142955457679,5.97984738108765,5.976564061751092,5.973292925371399,5.970033900435546,5.966786915986524,5.963551901615011,5.960328787451382,5.957117504158658,5.953917982924685,5.950730155455081,5.947553953966491,5.9443893111793855,5.941236160311849,5.938094435072933,5.934964069656448,5.931844998734953,5.928737157453641,5.925640481424802,5.9225549067221674,5.919480369875234,5.916416807864282,5.913364158114824,5.910322358492898,5.907291347299931,5.904271063268001,5.901261445555276,5.898262433741208,5.895273967822402,5.892295988208249,5.889328435716346,5.886371251568979,5.88342437738852,5.880487755193974,5.877561327397027,5.874645036798124,5.8717388265830674,5.868842640319511,5.86595642195317,5.863080115804857,5.8602136665667075,5.857357019299537,5.8545101194289995,5.851672912743086,5.848845345388713,5.84602736386897,5.843218915040158,5.840419946108983,5.837630404629665,5.834850238501392,5.832079395965484,5.829317825602979,5.826565476331945,5.823822297404838,5.821088238406394,5.8183632492508846,5.815647280179844,5.812940281759852,5.8102422048800095,5.807553000749953,5.80487262089739,5.802201017166122,5.796883947009783,5.770809203237693
587.65,8.738223732008265,8.414046931958227,8.140411330142278,7.907924546777954,7.708939705488023,7.537246019895023,7.387810977972003,7.256566058279948,7.14022909395621,7.036157419698132,6.94222681487284,6.856732010714802,6.778305177549409,6.705849363210624,6.638484328847269,6.575502633807233,6.51633416688115,6.46051761510198,6.40767761069039,6.357506507958434,6.309749920391171,6.264195298515229,6.220662955561324,6.178999053910113,6.139070153903812,6.1007590004412915,6.071204390801132,6.067575698213031,6.063961284130804,6.060361058983855,6.056774934052206,6.05320282145127,6.049644634115769,6.046100285784771,6.042569690987142,6.039052765027016,6.035549423970137,6.032059584630668,6.028583164557191,6.025120082020733,6.021670256001944,6.01823360617933,6.014810052916981,6.011399517253972,6.008001920892351,6.00461718618697,6.001245236134816,5.997885994364676,5.9945393851275,5.991205333286212,5.987883764307014,5.984574604249723,5.981277779758992,5.977993218055858,5.974720846929284,5.9714605947275885,5.968212390351308,5.964976163244593,5.9617518433882974,5.958539361292323,5.955338647988724,5.952149635024595,5.9489722544553505,5.94580643883837,5.942652121226435,5.939509235161446,5.936377714668594,5.9332574942502525,5.930148508880447,5.927050693999123,5.923963985506821,5.920888319759298,5.917823633562332,5.914769864166864,5.911726949264081,5.908694826980381,5.905673435873177,5.9026627149258815,5.899662603543862,5.896673041550063,5.8936939691806085,5.890725327080807,5.887767056301459,5.884819098294361,5.881881394909105,5.878953888388825,5.876036521367138,5.873129236863967,5.87023197828261,5.867344689406073,5.864467314393857,5.86159979777866,5.858742084463364,5.855894119717717,5.853055849175439,5.850227218831248,5.847408175038023,5.84459866450383,5.841798634289147,5.839008031804294,5.836226804806594,5.83345490139776,5.830692270021532,5.827938859460689,5.825194618835207,5.822459497599264,5.819733445539172,5.814308349737768,5.78771038201225
588.15,8.938527413300823,8.583769250855564,8.285229279330945,8.0324494026632,7.81690934188518,7.631684387796662,7.4711600291619815,7.330794592667708,7.206922326056452,7.096590473602721,6.997424855940888,6.907519294535788,6.825344932372656,6.749676112193576,6.679529995500699,6.6141175512709145,6.552803923392323,6.4950765092244005,6.440519356253688,6.388792716491556,6.339616794909766,6.2927588940818975,6.248023296717166,6.205243344831038,6.164275272232445,6.1249934287058965,6.094706894823114,6.090989327829738,6.087286602200343,6.083598623071159,6.079925296516667,6.076266529532634,6.072622230017692,6.06899230675628,6.06537666940186,6.061775228460752,6.058187895276136,6.054614582013146,6.051055201643002,6.047509667929252,6.043977895413262,6.040459799400453,6.036955295946843,6.033464301846314,6.02998673461761,6.02652251249207,6.023071554401823,6.019633779968052,6.016209109489712,6.012797463932177,6.009398764917103,6.006012934711448,6.002639896217776,5.99927957296409,5.995931889094508,5.992596769359591,5.989274139107828,5.985963924276103,5.982666051381846,5.979380447514213,5.976107040326008,5.972845758026178,5.96959652937146,5.966359283659677,5.9631339507218994,5.959920460915645,5.956718745117865,5.953528734718396,5.950350361613298,5.947183558198628,5.944028257364147,5.940884392487401,5.937751897427849,5.9346307065211095,5.931520754573678,5.928421976856929,5.9253343091026425,5.9222576874971145,5.919192048676632,5.916137329722657,5.913093468156646,5.910060401935716,5.907038069448337,5.904026409509305,5.901025361356234,5.898034864644677,5.895054859444537,5.892085286235708,5.8891260859044925,5.8861771997396355,5.883238569428606,5.88031013705404,5.8773918450902265,5.874483636399493,5.871585454228986,5.868697242207228,5.865818944341102,5.862950505012399,5.8600918689748145,5.857242981351151,5.854403787630014,5.85157423366301,5.848754265662055,5.845943830196293,5.843142874189712,5.840351344918043,5.837569190006539,5.832032795495773,5.804895932610815
588.65,9.156974162639838,8.768253651697899,8.442069403494852,8.166780032318043,7.932894788827106,7.732695097768165,7.5599187751042445,7.40949718563764,7.277337021583336,7.160139607886238,7.055251696056233,6.960542616958046,6.87430344368229,6.795164485129529,6.722028004221878,6.654013544519591,6.590413666904551,6.530658253755131,6.474285840260677,6.420920688765045,6.370254538735009,6.322032147863582,6.276039893759011,6.232096834937933,6.190047738072322,6.149757668793518,6.118711818008855,6.114902100588449,6.1111078185693675,6.107328871311021,6.103565159210867,6.0998165836840785,6.096083047143287,6.0923644529789165,6.088660705540225,6.084971710116351,6.0812973729186846,6.077637601063682,6.073992302554501,6.070361386265707,6.066744761926474,6.063142340104861,6.059554032192706,6.0559797503908825,6.052419407694487,6.048872917879008,6.045340195486673,6.041821155813028,6.038315714894332,6.034823789494344,6.031345297092912,6.027880155873414,6.024428284711492,6.0209896031638825,6.017564031457353,6.014151490477903,6.010751901761,6.007365187480785,6.003991270440912,6.000630074064691,5.997281522385913,5.993945540039961,5.990622052254746,5.987310984842784,5.984012264192309,5.980725817259524,5.977451571560746,5.974189455164751,5.970939396685349,5.967701325274229,5.964475170613759,5.961260862910461,5.958058332888015,5.95486751178102,5.951688331328725,5.948520723768606,5.9453646218307785,5.942219958731794,5.939086668169224,5.9359646843162395,5.932853941815862,5.929754375775962,5.926665921764379,5.923588515803356,5.9205220943653964,5.9174665943677995,5.914421953168859,5.911388108562596,5.908364998774889,5.905352562459007,5.902350738691456,5.899359466967897,5.896378687199236,5.893408339707659,5.890448365222822,5.887498704878181,5.884559300207526,5.881630093141166,5.878711026002551,5.875802041505084,5.872903082748633,5.870014093216147,5.86713501677093,5.864265797653018,5.8614063804765655,5.858556710226602,5.855716732256174,5.850065636389579,5.822373593251546
589.15,9.395546467048993,8.969102648031326,8.612224989364478,8.311958660776972,8.057734916699449,7.840952698637272,7.654629298294013,7.493109382754009,7.351823238340701,7.227086432863498,7.115934253859879,7.015985277232239,6.925329277331603,6.842435424576411,6.766077346310608,6.695272164877788,6.629231086267494,6.567319503993387,6.509024915450132,6.453931230121133,6.401698287791628,6.352045606536592,6.304739550098216,6.259583246964572,6.216408713030373,6.175070729626172,6.143236682732451,6.139331365721569,6.135442111936061,6.131568814416827,6.127711367355117,6.123869666069547,6.120043606982912,6.116233087599517,6.112438006484044,6.108658263239732,6.104893758488285,6.101144393850171,6.097410071924028,6.093690696268946,6.089986171385153,6.0862964026966955,6.082621296533716,6.078960760115596,6.075314701534545,6.071683029739303,6.068065654519806,6.064462486491996,6.060873437083106,6.057298418517027,6.05373734380083,6.05019012671093,6.046656681779697,6.043136924283162,6.039630770228147,6.036138136340163,6.032658940051957,6.0291930994915655,6.025740533471546,6.022301161477919,6.018874903659667,6.015461680818611,6.012061414399119,6.0086740264788805,6.005299439759053,6.001937577555248,5.998588363788621,5.995251722977108,5.991927580227188,5.988615861225432,5.985316492230477,5.982029400065617,5.978754512110773,5.975491756295348,5.972241061091363,5.969002355505727,5.965775569074357,5.962560631854757,5.959357474420108,5.956166027852924,5.9529862237387725,5.949817994160386,5.94666127169215,5.9435159893940295,5.940382080806536,5.937259479944837,5.93414812129431,5.931047939804598,5.927958870885312,5.924880850400887,5.921813814666014,5.918757700440911,5.915712444927086,5.912677985762655,5.90965426101829,5.906641209192958,5.903638769209971,5.900646880412975,5.897665482561829,5.894694515829309,5.89173392079693,5.88878363845158,5.885843610182013,5.882913777775065,5.879994083412774,5.877084469668634,5.874184879504558,5.868415543687088,5.840151391667864
589.65,9.656448723587795,9.188098744554987,8.797134986604009,8.469145129434073,8.192363352729577,7.957207910101429,7.755894778821956,7.58211563423999,7.430770101784807,7.297743711485813,7.1797242494003575,7.074050293589208,6.9785866622287065,6.8916223082229635,6.811786886108853,6.737982808350143,6.669330113081022,6.605121895622377,6.5447884220334815,6.487868353547399,6.433985773726897,6.382831932415476,6.334150807862877,6.287727745891706,6.243380567036922,6.2009526430155,6.168299913357351,6.164295360790651,6.160307535963362,6.1563363249897725,6.152381615261984,6.148443295423219,6.144521255341283,6.140615386083362,6.1367255798912295,6.132851730156882,6.128993731399763,6.125151479243555,6.121324870393751,6.117513802616594,6.1137181747177305,6.109937886522196,6.106172838853787,6.102422933516877,6.09868807327663,6.0949681618410425,6.091263103843402,6.0875728048248074,6.083897171217551,6.080236110328166,6.076589530322382,6.072957340209098,6.069339449825327,6.065735769822075,6.06214621164957,6.058570687543533,6.0550091105123265,6.051461394322845,6.047927453488617,6.044407203257288,6.040900559598258,6.037407439191384,6.03392775941521,6.030461438336456,6.027008394698728,6.023568547912346,6.020141818044063,6.016728125807251,6.013327392552221,6.0099395402569575,6.006564491517767,6.003202169540775,5.999852498132975,5.996515401694088,5.99319080520839,5.989878634236587,5.986578814908437,5.983291273914687,5.980015938500346,5.976752736457402,5.973501596117653,5.970262446346082,5.967035216534665,5.963819836595321,5.960616236954348,5.957424348545704,5.954244102805842,5.95107543166723,5.947918267553347,5.944772543372802,5.941638192514313,5.938515148841276,5.935403346686988,5.932302720849357,5.929213206586448,5.926134739611543,5.923067256088794,5.920010692628561,5.916964986283007,5.913930074542198,5.910905895329567,5.907892386997997,5.904889488326016,5.901897138513543,5.898915277178542,5.895943844353017,5.892982780479543,5.887091523390448,5.858237658834537
590.15,9.942131706977555,9.427224398499547,8.998400255734033,8.63963009045421,8.337819170129386,8.082296261138799,7.86438645813677,7.677054894563602,7.514610296142385,7.372458952139927,7.246901070869433,7.134962684774261,7.03425730155032,6.942872383229751,6.859276494250516,6.782243609067284,6.7107916247481585,6.644132597072597,6.581632621184279,6.522779619677579,6.467157590617461,6.4144261128722615,6.364304112661798,6.316557068989752,6.270986981446054,6.227424545887296,6.193920905208248,6.189813279184367,6.185723085339502,6.181650202179562,6.177594509631516,6.173555889013508,6.169534223004922,6.165529395617136,6.1615412921655555,6.157569799242068,6.153614804688795,6.1496761975719565,6.1457538681562225,6.141847707880565,6.137957609334411,6.134083466234186,6.130225173400549,6.126382626736973,6.1225557232076095,6.118744360817095,6.114948438589802,6.11116785655053,6.107402515705327,6.1036523180221565,6.099917166414108,6.096196964720375,6.0924916176898956,6.088801030964692,6.085125111063342,6.081463765365219,6.077816902095737,6.074184430310429,6.0705662598814225,6.066962301482836,6.063372466577132,6.059796667401855,6.056234816956375,6.052686828990009,6.04915261798895,6.04563209916472,6.04212518844259,6.038631802450134,6.035151858506586,6.031685274611759,6.028231969435887,6.024791862309657,6.0213648732141865,6.01795092277151,6.0145499322355,6.011161823482372,6.007786519002747,6.0044239418919085,6.001074015842576,5.997736665136389,5.994411814635837,5.991099389776778,5.987799316561326,5.984511521549793,5.981235931854578,5.977972475132312,5.974721079578164,5.971481673918411,5.9682541874047565,5.965038549807712,5.961834691410923,5.958642543004946,5.955462035881938,5.952293101829687,5.949135673126351,5.945989682535271,5.942855063299716,5.939731749137852,5.9366196742376145,5.93351877325247,5.930428981296223,5.927350233938603,5.92428246720105,5.921225617551916,5.9181796219027225,5.915144417603619,5.912119942439526,5.906102932806284,5.8766410435285215
590.65,10.25531967126633,9.68868414285236,9.217801586564633,8.824849647988726,8.495258756855176,8.217147687979958,7.98085138145014,7.778526852279158,7.603825064390499,7.451618411198664,7.31777497041195,7.198972015132778,7.092542394442193,6.996348368176538,6.908678313991133,6.8281624380859025,6.753704230683126,6.684424927336087,6.619618679881991,6.558716516978583,6.501257493041964,6.446865694173946,6.3952319973197005,6.346099670577076,6.299253063538159,6.254508771340632,6.2201201007473665,6.215905344639656,6.211708768687158,6.207530243020896,6.203369639355301,6.199226830954152,6.195101692596672,6.190994100544203,6.186903932508633,6.182831067620986,6.178775386401021,6.17473677072866,6.170715103813437,6.166710270168188,6.162722155581138,6.158750647089729,6.154795632954135,6.150857002633409,6.1469346467602,6.1430284571172065,6.139138326614382,6.135264149266286,6.13140582017052,6.127563235485777,6.123736292412194,6.11992488917066,6.116128924983157,6.112348300054284,6.108582915552331,6.104832673591462,6.101097477214545,6.097377230375251,6.09367183792279,6.089981205584736,6.086305239952041,6.082643848463647,6.07899693939138,6.075364421826261,6.071746205663888,6.068142201591384,6.0645523210735455,6.060976476340605,6.057414580375317,6.053866546901109,6.050332290369875,6.04681172595098,6.043304769519511,6.039811337645863,6.036331347585122,6.032864717266404,6.029411365283383,6.025971210883941,6.022544173961272,6.019130175044541,6.015729135289661,6.012340976470673,6.0089656209716855,6.005602991777804,6.002253012468133,5.998915607206899,5.995590700736845,5.992278218370887,5.988978085985672,5.98569023001413,5.982414577438877,5.979151055785337,5.975899593115555,5.972660118021575,5.969432559619542,5.966216847543473,5.9630129119398365,5.959820683461444,5.956640093261899,5.95347107299071,5.950313554787507,5.947167471276936,5.944032755564129,5.940909341229005,5.937797162322433,5.934696153360798,5.93160624932188,5.925459498203274,5.895370527794723
591.15,10.599040362131033,9.974929099748682,9.457319675239978,9.02640160084869,8.665968990846599,8.362797195387634,8.106121003532948,7.887198859206025,7.69894977324014,7.535651550885629,7.392690625850183,7.266355232965362,7.1536648920977415,7.052230241808706,6.960138175970713,6.875858019787418,6.7981651514157075,6.726079046938497,6.658813213209687,6.595734886925921,6.536332729284034,6.480191042687448,6.426969286884042,6.376385883280259,6.328205473810565,6.282228949606876,6.246919073821746,6.242592893630896,6.2382856891408345,6.233997321246305,6.229727652609064,6.225476547619079,6.2212438723562515,6.21702949455238,6.21283328355513,6.208655110292608,6.204494847238839,6.20035236838069,6.196227549184032,6.192120266563384,6.188030398849772,6.183957825761541,6.179902428374128,6.175864089092711,6.1718426916234055,6.167838120946908,6.16385026329198,6.159879006110065,6.15592423805041,6.151985848935457,6.148063729738181,6.144157772558602,6.140267870601356,6.1363939181547575,6.132535810569255,6.128693444236786,6.124866716571593,6.121055525989989,6.117259771892051,6.113479354643264,6.109714175556506,6.1059641368749435,6.102229141754745,6.098509094249442,6.094803899293406,6.0911134626864625,6.087437691078879,6.0837764919568125,6.080129773627873,6.076497445207385,6.072879416604952,6.06927559851119,6.065685902385148,6.062110240441797,6.058548525640213,6.055000671671419,6.051466592947581,6.047946204590298,6.04443942242024,6.04094616294671,6.037466343357008,6.033999881506952,6.030546695911117,6.027106705733252,6.023679830777492,6.020265991479023,6.0168651088959555,6.013477104700418,6.0101019011707875,6.006739421183408,6.003389588205113,6.000052326285364,5.99672756004927,5.993415214690084,5.99011521596238,5.986827490175339,5.983551964186175,5.980288565393536,5.977037221731221,5.973797861662287,5.970570414172999,5.967354808766818,5.964150975459223,5.960958844771552,5.957778347726299,5.954609415841369,5.951451981125227,5.945171333655617,5.914435443393617
591.65,10.976658244983994,10.288684136003042,9.719157267485686,9.246063457377089,8.851381861860515,8.520396696105717,8.241120751725344,8.003813635415412,7.80058010534309,7.625036002901358,7.4720311091767755,7.337419835136309,7.217872014788867,7.110717239888286,7.013817178470744,6.925461179495606,6.844281201430291,6.769182730677094,6.699288890904587,6.633895399530313,6.572434413881449,6.514445636747472,6.459553327473361,6.407448097797489,6.357872567602337,6.310610120107516,6.274340622952449,6.269898466573265,6.265476133516811,6.261073474473265,6.2566903421076985,6.2523265910152865,6.247982077678422,6.243656660423219,6.239350199378729,6.235062556436652,6.23079359521227,6.226543181006623,6.222311180768177,6.218097463058164,6.213901898014872,6.20972435731889,6.205564714160531,6.201422843207262,6.197298620571837,6.193191923781854,6.1891026317498765,6.185030624744321,6.180975784361521,6.176937993497207,6.172917136321036,6.168913098249862,6.164925765921983,6.160955027173637,6.157000771014071,6.153062887602387,6.149141268225524,6.145235805275077,6.14134639222683,6.1374729236193994,6.133615295034028,6.129773403075009,6.1259471453497705,6.122136420451583,6.11834112793995,6.1145611683239665,6.11079644304445,6.107046854457759,6.103312305819341,6.0995927012679205,6.095887945810098,6.092197945305646,6.088522606452729,6.084861836773939,6.081215544602577,6.077583639068959,6.073966030088252,6.07036262834685,6.066773345290575,6.063198093113121,6.059636784743606,6.056089333835801,6.052555654757342,6.049035662578333,6.045529273061716,6.04203640265255,6.038556968468763,6.035090888290873,6.031638080553408,6.028198464335292,6.024771959351517,6.021358485943976,6.017957965073798,6.014570318312644,6.011195467835114,6.0078333364108465,6.004483847397502,6.00114692473282,5.997822492927858,5.994510477060179,5.991210802766925,5.987923396238159,5.984648184210848,5.981385093962138,5.978134053303848,5.974894990575995,5.971667834641398,5.965248961183066,5.933845489316941
592.15,11.391911285377278,10.63297793870648,10.005763697305364,9.485812411102579,9.053090694803297,8.691228155311078,8.386880649902688,8.129197834677568,7.909378947613831,7.720303093785266,7.556222307129778,7.41250739453177,7.285438059326454,7.172030083868552,7.069893452163464,6.977116237497895,6.892169887831274,6.81383223171964,6.741125115767164,6.673264085207866,6.609617944233724,6.549676392886765,6.493024241857698,6.439320963411004,6.3882845528000445,6.339678855959557,6.302408874762267,6.297845908906267,6.293303671112637,6.28878200077861,6.284280739510524,6.279799731073753,6.275338821343015,6.270897858254184,6.266476691757364,6.262075173771009,6.257693158138095,6.25333050058292,6.248987058667693,6.244662691752852,6.240357260956439,6.236070629115762,6.2318026607487145,6.2275532220177565,6.223322180693869,6.219109406120989,6.214914769183176,6.210738142270668,6.206579399248378,6.202438415423667,6.198315067517148,6.194209233632075,6.190120793225774,6.186049627081887,6.181995617282705,6.177958647182808,6.173938601383544,6.169935365707057,6.165948827172836,6.161978873973287,6.158025395450989,6.154088282076086,6.150167425423861,6.1462627181548015,6.142374053992589,6.138501327704701,6.134644435082553,6.130803272922519,6.126977739007745,6.1231677320896924,6.11937315187068,6.115593898987414,6.1118298749938065,6.108080982345038,6.104347124382522,6.1006282053174266,6.0969241302173405,6.093234804990663,6.089560136373324,6.085900031915197,6.082254399966369,6.07862314966455,6.075006190922861,6.0714034344170935,6.067814791574345,6.0642401745611405,6.060679496272787,6.057132670321642,6.05359961102737,6.05008023340606,6.046574453160625,6.043082186670687,6.03960335098335,6.036137863803789,6.032685643486344,6.029246609025836,6.025820680049133,6.022407776806566,6.019007820164052,6.015620731595434,6.012246433174595,6.008884847567966,6.005535898027643,6.002199508383782,5.998875603038475,5.995564106958218,5.992264945668115,5.985703332311694,5.953610750467548
592.65,11.848951652428353,11.011176317388063,10.319862073802271,9.747847485268235,9.272868145472614,8.876718180255178,8.544547118070886,8.264271563971308,8.026084051881828,7.822043993897593,7.645737844012014,7.491997490944661,7.356667529662902,7.236413467669811,7.128564130433679,7.03098256630622,6.941960638260556,6.860133247741238,6.784408782372306,6.713912929673262,6.647943466522718,6.5859340305435365,6.527425214986751,6.472041611756173,6.419473665569747,6.369463402432816,6.331149398763895,6.3264604832508695,6.321793263300359,6.3171475657917675,6.312523220078666,6.307920057932112,6.303337913484008,6.298776623172385,6.294236025688757,6.289715961925427,6.2852162749261105,6.280736809836795,6.276277413856663,6.271837936192862,6.267418228014854,6.263018142409853,6.258637534339953,6.254276260601073,6.249934179781064,6.2456111522208735,6.2413070399757915,6.237021706777833,6.232755017999211,6.2285068406164585,6.224277043176642,6.220065495762815,6.215872069961467,6.211696638830884,6.207539076870226,6.203399259988431,6.199277065476228,6.195172371976017,6.191085059455577,6.187015009179709,6.182962103684916,6.178926226753277,6.1749072633873014,6.170905099786591,6.166919623323523,6.162950722520665,6.158998287028335,6.155062207602956,6.151142376086281,6.1472386853844965,6.143351029448286,6.139479303253946,6.135623402783918,6.131783225008768,6.127958667869631,6.12414963026013,6.12035601201047,6.116577713869963,6.112814637492066,6.109066685418499,6.105333761063924,6.101615768701661,6.097912613449442,6.094224201255092,6.0905504388836835,6.086891233903838,6.083246494675642,6.079616130337442,6.076000050794441,6.072398166706682,6.068810389477824,6.065236631243795,6.061676804862241,6.058130823901931,6.0545986026324465,6.051080056014253,6.047575099689482,6.044083649972018,6.040605623838201,6.037140938918728,6.033689513489102,6.030251266461667,6.026826117377499,6.023413986397815,6.020014794296943,6.016628462454236,6.0132549128468895,6.006545851192861,5.973741717609911
593.15,12.35239075412685,11.427019070642967,10.664479395156306,10.034614075991566,9.51268615759025,9.078454210024734,8.715396074374553,8.410058960584632,8.151516552253357,7.930916558652922,7.741104562420068,7.5763120903820695,7.431898626956263,7.304138831791099,7.190047548721419,7.087236329943373,6.9937961730487785,6.908202001008338,6.829235125538401,6.755920539315836,6.6874763968248905,6.623273479866838,6.562802813080294,6.5056499066673865,6.451474366304957,6.399993831056085,6.360589334889777,6.355768993984854,6.350971385220636,6.346196321581796,6.341443618825924,6.3367130954201265,6.332004572476298,6.327317873689417,6.3226528252776,6.3180092559234415,6.313386996716562,6.308785881098577,6.304205744807718,6.299646425827358,6.295107764333527,6.290589602645762,6.286091785177029,6.281614158388165,6.27715657073965,6.272718872648196,6.268300916441933,6.263902556318317,6.259523648302295,6.255164050206045,6.250823621589864,6.246502223723385,6.242199719548536,6.237915973643652,6.233650852187794,6.229404222926331,6.225175955138159,6.220965919602213,6.216773988566817,6.212600035718403,6.208443936151518,6.204305566340052,6.2001848041083525,6.196081528604389,6.19199562027241,6.1879269608271565,6.183875433227977,6.179840921655004,6.175823311484455,6.171822489265599,6.167838342697885,6.163870760609149,6.159919632933739,6.1559848506921035,6.15206630597028,6.148163891899747,6.144277502639197,6.140407033354643,6.136552380202215,6.132713440310249,6.128890111761949,6.125082293578585,6.121289885703981,6.11751278898761,6.1137509051703605,6.110004136868626,6.106272387560827,6.102555561572104,6.098853564061675,6.095166301008761,6.091493679199991,6.087835606216637,6.08419199042238,6.080562740951248,6.076947767696123,6.073346981297367,6.069760293131987,6.066187615302758,6.062628860627715,6.05908394263054,6.055552775530202,6.0520352742314305,6.048531354315845,6.045040932032117,6.041563924287985,6.038100248640915,6.034649823290297,6.027788399435419,5.9942493087107165
598.15,21.39921867856538,18.84249248030894,16.751318525803445,15.041067189420058,13.64187641910228,12.496206101209706,11.556775340294958,10.784826038164784,10.148664060267091,9.622436139178923,9.185106614347218,8.819603259046259,8.512105900540325,8.251455386172418,8.02866376568771,7.836509415971401,7.669203289918687,7.522114578636275,7.391545882166718,7.274549528840857,7.168778002663428,7.072362562661244,6.983815094887599,6.901949050080348,6.825816008313816,6.754654993948051,6.700889442597067,6.694351311824133,6.687852155167973,6.681391520017665,6.674968962677178,6.6685840481466485,6.662236349911067,6.655925449731169,6.649650937442462,6.643412410756622,6.637209475069641,6.6310417432747295,6.624908835576143,6.6188103793124,6.612746008781969,6.606715365071745,6.600718095891355,6.594753855412272,6.588822304108604,6.582923108603557,6.57705594151922,6.571220481330374,6.5654164122216745,6.55964342394742,6.553901211697244,6.548189475962939,6.542507922409001,6.5368562617485,6.531234209619092,6.52564148646318,6.520077817413506,6.5145429321771156,6.509036564927072,6.5035584541926985,6.498108342755934,6.492685977548547,6.487291109551701,6.481923493700667,6.47658288878812,6.4712690573731475,6.465981765691098,6.460720783566076,6.455485884326141,6.450276844719922,6.445093444835483,6.439935468022571,6.434802700814751,6.429694932855899,6.424611956827328,6.419553568375877,6.4145195660471925,6.409509751215961,6.404523928022832,6.399561903310469,6.394623486560501,6.389708489834166,6.384816727714312,6.379948017246766,6.37510217788674,6.370279031442358,6.365478402025237,6.360700115996062,6.355944001917134,6.351209890502928,6.3464976145732255,6.341807009007102,6.337137910698594,6.332490158513018,6.32786359324469,6.323258057576027,6.318673396038232,6.314109454971109,6.309566082486004,6.3050431284296184,6.300540444347125,6.296057883447886,6.291595300572119,6.2871525521571145,6.282729496205942,6.278325992256059,6.273941901349327,6.265231410177041,6.222798378042137
603.15,46.3994272051843,39.237327961915504,33.380336411291296,28.59665474298746,24.69383780552421,21.51244689599609,18.92067341397018,16.809792034247273,15.090322277603192,13.688794091418544,12.545027597444236,11.60984979275441,10.843181941631967,10.212440879680077,9.691205655139228,9.258108016428439,8.895911365987605,8.590748063074788,8.331489484016148,8.109227134306146,7.916846438358528,7.748677683712561,7.600211032628851,7.467864591531072,7.348796297531579,7.240751884145098,7.161038392280133,7.151450842116163,7.141942462805657,7.132511979957486,7.123158147790288,7.1138797484537895,7.104675591354298,7.095544512503594,7.086485373877105,7.07749706279052,7.06857849128878,7.059728595553995,7.050946335313841,7.042230693279253,7.0335806745878,7.024995306256901,7.016473636655113,7.00801473498568,6.999617690776871,6.9912816133874225,6.983005631526381,6.974788892780843,6.966630563152847,6.958529826610659,6.950485884651085,6.942497955868767,6.934565275537126,6.926687095201351,6.918862682278872,6.911091319666828,6.903372305366503,6.895704952107211,6.888088586987426,6.880522551119174,6.873006199283701,6.865538899593461,6.858120033163652,6.850748993792829,6.843425187647394,6.836148032958217,6.828916959720355,6.821731409404222,6.814590834670691,6.80749469909562,6.800442476897643,6.793433652676195,6.786467721155305,6.779544186930353,6.772662564228063,6.765822376663516,6.759023157010882,6.752264446975008,6.745545796971402,6.738866765911464,6.732226920990088,6.725625837482672,6.719063098545805,6.712538295020624,6.70605102524541,6.699600894868047,6.693187516669575,6.686810510383601,6.680469502529759,6.6741641262431,6.667894021114989,6.661658833031335,6.6554582140208955,6.649291822103413,6.643159321142801,6.637060380705949,6.630994675922558,6.624961887350214,6.618961700840974,6.61299380741545,6.607057903136183,6.6011536889840015,6.5952808707437365,6.589439158883664,6.583628268446994,6.577847918939974,6.572097834225359,6.560687375791631,6.505362472411479
608.15,115.9848232149281,96.05127099595154,79.70207241594764,66.31557501169937,55.373065059080446,46.44255361089271,39.164987987804174,33.24254438586043,28.42870363951878,24.51985263342127,21.348189101595512,18.775738227882307,16.689316126613107,14.99629843313623,13.621072311304856,12.50206757132861,11.589277630982899,10.842194043711434,10.228089522881223,9.720594043928278,9.298516908281584,8.94487478341203,8.646091847491366,8.391343401763224,8.172018787747952,7.981283263888956,7.845600027454831,7.82956489198458,7.813721747675114,7.798066766299275,7.782596208656137,7.767306422528404,7.752193840667344,7.737254978834394,7.722486433873027,7.707884881835122,7.693447076138399,7.6791698457774045,7.665050093545955,7.651084794330831,7.6372709934245595,7.623605804877159,7.610086409881959,7.596710055210334,7.583474051662652,7.570375772565554,7.557412652298806,7.544582184851168,7.5318819224220555,7.519309474027555,7.506862504171306,7.494538731518244,7.482335927605538,7.470251915592917,7.458284569025798,7.44643181063521,7.434691611163469,7.423061988212201,7.411541005122797,7.400126769876356,7.388817434024551,7.377611191638492,7.3665062782821105,7.3555009700182525,7.344593582424575,7.333782469641608,7.3230660234352545,7.31244267228696,7.301910880503087,7.291469147343098,7.281116006166269,7.270850023608112,7.260669798758701,7.250573962378879,7.240561176123284,7.230630131778767,7.220779550535922,7.211008182256945,7.201314804780545,7.19169822322959,7.18215726933864,7.172690800801112,7.163297700629374,7.153976876525558,7.144727260278103,7.135547807157908,7.126437495345068,7.11739532535622,7.108420319491794,7.099511521296262,7.090667995029922,7.081888825154151,7.073173115828869,7.064519990422322,7.0559285910311,7.047398078015744,7.0389276295448076,7.0305164411500884,7.022163725290046,7.013868710933639,7.005630643141666,6.997448782667027,6.98932240556351,6.98125080279799,6.973233279884073,6.965269156512964,6.957357766200199,6.941690585863522,6.866309085361126
613.15,308.1048180336143,253.39999097395147,208.35222698386244,171.32428670823415,140.94400090324447,116.06338648187484,95.7237629055587,79.12603150551715,65.60539139595726,54.60986272722974,45.68207278597699,38.44383437134741,32.58311027523253,27.843013730983817,24.01254340555214,20.918793793500736,18.420418538545206,16.402155961758275,14.770253540137647,13.448651802664706,12.375808574872051,11.502062131689465,10.787446982076766,10.199889033619467,9.713718055726286,9.30844492497215,9.03139366219294,8.999313612698884,8.967759313554826,8.93671917476859,8.906181873481192,8.876136348078779,8.846571792398967,8.817477650064774,8.788843608934387,8.760659595667276,8.732915770405594,8.705602521576763,8.678710460753429,8.65223041769841,8.626153435455757,8.600470765559775,8.575173863351294,8.550254383390712,8.525704174956312,8.501515277650336,8.477679917094619,8.45419050070879,8.431039613600818,8.408220014499635,8.385724631834693,8.363546559847148,8.341679054800776,8.320115531296393,8.29884955863317,8.277874857251732,8.257185295284494,8.236774885129595,8.216637780154052,8.19676827141997,8.177160784513164,8.15780987642542,8.138710232499193,8.119856663472067,8.101244102532457,8.082867602483365,8.064722332950907,8.04680357764968,8.029106731723719,8.011627299123676,7.994360890057962,7.977303218506656,7.9604500997568355,7.943797448033906,7.92734127416134,7.9110776832670675,7.8950028725692265,7.879113129169152,7.863404827938731,7.847874429423318,7.832518477797724,7.817333598878247,7.802316498173569,7.787463958967835,7.772772840474501,7.7582400759963575,7.743862671163964,7.72963770217771,7.715562314124939,7.701633719302438,7.687849195607695,7.674206084939271,7.660701791655482,7.647333781052387,7.634099577888697,7.620996764935206,7.60802298156994,7.59517592238725,7.582453335853681,7.56985302299548,7.557372836104475,7.54501067748456,7.532764498226607,7.52063229700228,7.508612118903687,7.49670205429068,7.484900237677832,7.461614100771367,7.351098453554327
618.15,831.3664507196538,683.6119404309424,561.4325163796963,460.58285352228813,377.49111792424355,309.15702538207915,253.0646076962573,207.10766535956955,169.52614985244094,138.85195026411645,113.86276146086769,93.5428879609156,77.0499921222154,63.686929909714046,52.87793480461469,44.14851245764104,37.10849736846835,31.437799847854645,26.874438251242086,23.204509259303904,20.25379895387253,17.88078060003576,15.970782275832024,14.431139559742842,13.187176071661035,12.17887835677418,11.50925942405501,11.432945937197363,11.358151923335097,11.284842877620017,11.21298507027443,11.142545530172296,11.073492028639853,11.005793063608657,10.93941784412102,10.874336275082374,10.810518942382894,10.74793709828716,10.686562647065422,10.626368131033198,10.567326716748102,10.509412181552737,10.452598900370827,10.396861832790346,10.342176510359776,10.288519024184023,10.235866012767243,10.184194650071948,10.133482633875685,10.083708174278044,10.034849982559043,9.986887260154623,9.939799687909645,9.893567415569871,9.848171051445936,9.803591652298886,9.75981071347421,9.716810159173562,9.674572332992902,9.633079988592,9.592316280629307,9.552264755812358,9.512909344167122,9.474234350529446,9.436224446118812,9.398864660380077,9.362140372940246,9.3260373057504,9.290541515412286,9.255639385618316,9.221317619786788,9.187563233866427,9.154363549232228,9.121706185798088,9.08957905524132,9.057970354354815,9.0268685585981,8.996262415700095,8.966140939491895,8.936493403806024,8.907309336517068,8.878578513723701,8.850290954067878,8.82243691311892,8.79500687796598,8.767991561825811,8.741381898868426,8.715169039067012,8.68934434321668,8.6638993780413,8.638825911401383,8.61411590761168,8.589761522868264,8.565755100762127,8.542089167898546,8.51875642960615,8.495749765759403,8.473062226661229,8.45068702903722,8.428617552128237,8.406847333832863,8.385370066971713,8.364179595623785,8.343269911520805,8.322635150569804,8.302269589394928,8.282167642015901,8.242732912004778,8.05964663396704
623.15,2235.614896795796,1842.6860429379772,1516.4722199298305,1246.1119144339636,1022.4353404218181,837.7126816719625,685.4380998982641,560.1446615007662,457.24596211821813,372.9007773063445,303.8975487585494,247.5559365630419,201.64303617895874,164.30218041594975,133.99252734826837,109.43787970973582,89.58339432409839,73.55902539408379,60.64870642897338,50.26441527568598,41.92438778599302,35.234850469776156,29.874733110078026,25.582900578243322,22.14751058040312,19.397162196872408,17.59622126330314,17.392667337042035,17.19355007249717,16.998769204733115,16.80822665312993,16.621826476652686,16.439474829760584,16.26107991928785,16.086551962146967,15.915803143758659,15.748747577439199,15.585301264475008,15.425382054874218,15.268909609129501,15.115805360497957,14.965992478121986,14.819395830808434,14.67594195162172,14.535559003018957,14.398176742776206,14.263726490558476,14.132141095106432,14.003354902124995,13.877303722724266,13.753924802589339,13.63315679166508,13.51493971445659,13.39921494096303,13.285925158154434,13.175014341969742,13.066427729984518,12.960111794486691,12.85601421620538,12.754083858457088,12.654270741913821,12.556526019810399,12.46080195359924,12.367051889259274,12.275230233895552,12.185292432909911,12.097194947614968,12.010895233295615,11.926351717686858,11.843523779963503,11.762371730020579,11.682856788325832,11.604941066090966,11.528587545835348,11.45376006241797,11.380423284384015,11.308542695732935,11.238084578034371,11.169015992931335,11.101304765015085,11.03491946498761,10.969829393226956,10.906004563714903,10.843415688194103,10.782034160770634,10.721832042735617,10.66278204780008,10.60485752751981,10.548032457131358,10.492281421615433,10.437579602089416,10.38390276243764,10.331227236285338,10.279529914182318,10.22878823109292,10.178980154126343,10.130084170580517,10.082079276142755,10.03494496339878,9.988661210617392,9.943208470691927,9.898567660359962,9.854720149683125,9.811647751651977,9.769332712149655,9.727757699993361,9.686905797294084,9.607305658408787,9.247451698306671
