h(kJ/kg) \ P(MPa),0.1,0.6,1.1,1.6,2.1,2.6,3.1,3.6,4.1,4.6,5.1,5.6,6.1,6.6,7.1,7.6,8.1,8.6,9.1,9.6,10.1,10.6,11.1,11.6,12.1,12.6,13.0,13.05,13.1,13.15,13.2,13.25,13.3,13.35,13.4,13.45,13.5,13.55,13.6,13.65,13.7,13.75,13.8,13.85,13.9,13.95,14.0,14.05,14.1,14.15,14.2,14.25,14.3,14.35,14.4,14.45,14.5,14.55,14.6,14.65,14.7,14.75,14.8,14.85,14.9,14.95,15.0,15.05,15.1,15.15,15.2,15.25,15.3,15.35,15.4,15.45,15.5,15.55,15.6,15.65,15.7,15.75,15.8,15.85,15.9,15.95,16.0,16.05,16.1,16.15,16.2,16.25,16.3,16.35,16.4,16.45,16.5,16.55,16.6,16.65,16.7,16.75,16.8,16.85,16.9,16.95,17.0,17.1,17.6
50.0,285.0295,284.914,284.7984,284.6829,284.5673,284.4517,284.336,284.2204,284.1047,283.9889,283.8732,283.7574,283.6415,283.5257,283.4098,283.2939,283.178,283.062,282.946,282.83,282.7139,282.5979,282.4818,282.3656,282.2495,282.1333,282.0403,282.0287,282.0171,282.0054,281.9938,281.9822,281.9706,281.9589,281.9473,281.9357,281.9241,281.9124,281.9008,281.8892,281.8776,281.8659,281.8543,281.8427,281.831,281.8194,281.8078,281.7962,281.7845,281.7729,281.7613,281.7496,281.738,281.7264,281.7148,281.7031,281.6915,281.6799,281.6682,281.6566,281.645,281.6333,281.6217,281.6101,281.5984,281.5868,281.5752,281.5635,281.5519,281.5403,281.5286,281.517,281.5054,281.4937,281.4821,281.4705,281.4588,281.4472,281.4355,281.4239,281.4123,281.4006,281.389,281.3774,281.3657,281.3541,281.3424,281.3308,281.3192,281.3075,281.2959,281.2842,281.2726,281.261,281.2493,281.2377,281.226,281.2144,281.2027,281.1911,281.1795,281.1678,281.1562,281.1445,281.1329,281.1212,281.1096,281.0863,280.9698
60.0,287.4154,287.3008,287.1862,287.0716,286.9569,286.8422,286.7275,286.6128,286.498,286.3832,286.2684,286.1535,286.0387,285.9237,285.8088,285.6938,285.5788,285.4638,285.3488,285.2337,285.1186,285.0034,284.8883,284.7731,284.6579,284.5426,284.4504,284.4389,284.4274,284.4158,284.4043,284.3928,284.3812,284.3697,284.3582,284.3467,284.3351,284.3236,284.3121,284.3005,284.289,284.2775,284.2659,284.2544,284.2429,284.2313,284.2198,284.2083,284.1967,284.1852,284.1737,284.1621,284.1506,284.1391,284.1275,284.116,284.1045,284.0929,284.0814,284.0698,284.0583,284.0468,284.0352,284.0237,284.0122,284.0006,283.9891,283.9775,283.966,283.9545,283.9429,283.9314,283.9198,283.9083,283.8968,283.8852,283.8737,283.8621,283.8506,283.8391,283.8275,283.816,283.8044,283.7929,283.7813,283.7698,283.7583,283.7467,283.7352,283.7236,283.7121,283.7005,283.689,283.6774,283.6659,283.6544,283.6428,283.6313,283.6197,283.6082,283.5966,283.5851,283.5735,283.562,283.5504,283.5389,283.5273,283.5042,283.3887
70.0,289.8028,289.6891,289.5754,289.4617,289.3479,289.2341,289.1203,289.0065,288.8926,288.7787,288.6648,288.5508,288.4368,288.3228,288.2088,288.0947,287.9806,287.8665,287.7524,287.6382,287.524,287.4098,287.2955,287.1812,287.0669,286.9526,286.8611,286.8497,286.8382,286.8268,286.8154,286.8039,286.7925,286.781,286.7696,286.7582,286.7467,286.7353,286.7238,286.7124,286.701,286.6895,286.6781,286.6666,286.6552,286.6438,286.6323,286.6209,286.6094,286.598,286.5865,286.5751,286.5637,286.5522,286.5408,286.5293,286.5179,286.5064,286.495,286.4835,286.4721,286.4607,286.4492,286.4378,286.4263,286.4149,286.4034,286.392,286.3805,286.3691,286.3576,286.3462,286.3347,286.3233,286.3118,286.3004,286.2889,286.2775,286.266,286.2546,286.2431,286.2317,286.2202,286.2088,286.1973,286.1859,286.1744,286.163,286.1515,286.1401,286.1286,286.1172,286.1057,286.0943,286.0828,286.0713,286.0599,286.0484,286.037,286.0255,286.0141,286.0026,285.9912,285.9797,285.9682,285.9568,285.9453,285.9224,285.8078
80.0,292.1914,292.0786,291.9658,291.8529,291.74,291.6271,291.5142,291.4012,291.2882,291.1752,291.0621,290.949,290.8359,290.7228,290.6096,290.4964,290.3832,290.27,290.1567,290.0434,289.9301,289.8167,289.7033,289.5899,289.4765,289.363,289.2722,289.2609,289.2495,289.2382,289.2268,289.2155,289.2041,289.1928,289.1814,289.1701,289.1587,289.1474,289.136,289.1247,289.1133,289.102,289.0906,289.0792,289.0679,289.0565,289.0452,289.0338,289.0225,289.0111,288.9998,288.9884,288.9771,288.9657,288.9543,288.943,288.9316,288.9203,288.9089,288.8976,288.8862,288.8748,288.8635,288.8521,288.8408,288.8294,288.818,288.8067,288.7953,288.784,288.7726,288.7612,288.7499,288.7385,288.7272,288.7158,288.7044,288.6931,288.6817,288.6703,288.659,288.6476,288.6363,288.6249,288.6135,288.6022,288.5908,288.5794,288.5681,288.5567,288.5453,288.534,288.5226,288.5112,288.4999,288.4885,288.4771,288.4658,288.4544,288.443,288.4317,288.4203,288.4089,288.3976,288.3862,288.3748,288.3635,288.3407,288.227
90.0,294.5811,294.4691,294.3572,294.2451,294.1331,294.021,293.9089,293.7968,293.6846,293.5724,293.4602,293.348,293.2357,293.1234,293.0111,292.8987,292.7864,292.674,292.5615,292.4491,292.3366,292.2241,292.1115,291.999,291.8864,291.7738,291.6836,291.6724,291.6611,291.6498,291.6386,291.6273,291.616,291.6048,291.5935,291.5822,291.571,291.5597,291.5484,291.5372,291.5259,291.5146,291.5034,291.4921,291.4808,291.4696,291.4583,291.447,291.4357,291.4245,291.4132,291.4019,291.3907,291.3794,291.3681,291.3568,291.3456,291.3343,291.323,291.3117,291.3005,291.2892,291.2779,291.2667,291.2554,291.2441,291.2328,291.2216,291.2103,291.199,291.1877,291.1764,291.1652,291.1539,291.1426,291.1313,291.1201,291.1088,291.0975,291.0862,291.0749,291.0637,291.0524,291.0411,291.0298,291.0186,291.0073,290.996,290.9847,290.9734,290.9621,290.9509,290.9396,290.9283,290.917,290.9057,290.8945,290.8832,290.8719,290.8606,290.8493,290.838,290.8268,290.8155,290.8042,290.7929,290.7816,290.759,290.6462
100.0,296.9717,296.8605,296.7493,296.6381,296.5269,296.4157,296.3044,296.1931,296.0817,295.9703,295.8589,295.7475,295.6361,295.5246,295.4131,295.3015,295.19,295.0784,294.9668,294.8551,294.7435,294.6318,294.52,294.4083,294.2965,294.1847,294.0952,294.0841,294.0729,294.0617,294.0505,294.0393,294.0281,294.0169,294.0058,293.9946,293.9834,293.9722,293.961,293.9498,293.9386,293.9275,293.9163,293.9051,293.8939,293.8827,293.8715,293.8603,293.8491,293.8379,293.8268,293.8156,293.8044,293.7932,293.782,293.7708,293.7596,293.7484,293.7372,293.726,293.7148,293.7037,293.6925,293.6813,293.6701,293.6589,293.6477,293.6365,293.6253,293.6141,293.6029,293.5917,293.5805,293.5693,293.5581,293.5469,293.5357,293.5245,293.5133,293.5021,293.491,293.4798,293.4686,293.4574,293.4462,293.435,293.4238,293.4126,293.4014,293.3902,293.379,293.3678,293.3566,293.3454,293.3342,293.323,293.3118,293.3006,293.2894,293.2782,293.267,293.2558,293.2445,293.2333,293.2221,293.2109,293.1997,293.1773,293.0653
110.0,299.3629,299.2526,299.1422,299.0318,298.9214,298.8109,298.7004,298.5899,298.4793,298.3688,298.2582,298.1475,298.0369,297.9262,297.8155,297.7047,297.5939,297.4831,297.3723,297.2615,297.1506,297.0397,296.9287,296.8178,296.7068,296.5958,296.5069,296.4958,296.4847,296.4736,296.4625,296.4514,296.4403,296.4292,296.4181,296.407,296.3959,296.3848,296.3737,296.3626,296.3515,296.3403,296.3292,296.3181,296.307,296.2959,296.2848,296.2737,296.2626,296.2515,296.2404,296.2293,296.2181,296.207,296.1959,296.1848,296.1737,296.1626,296.1515,296.1404,296.1292,296.1181,296.107,296.0959,296.0848,296.0737,296.0626,296.0514,296.0403,296.0292,296.0181,296.007,295.9959,295.9847,295.9736,295.9625,295.9514,295.9403,295.9292,295.918,295.9069,295.8958,295.8847,295.8736,295.8624,295.8513,295.8402,295.8291,295.818,295.8068,295.7957,295.7846,295.7735,295.7624,295.7512,295.7401,295.729,295.7179,295.7068,295.6956,295.6845,295.6734,295.6623,295.6511,295.64,295.6289,295.6178,295.5955,295.4842
120.0,301.7547,301.6452,301.5356,301.4259,301.3163,301.2066,301.0969,300.9871,300.8774,300.7676,300.6577,300.5479,300.438,300.3281,300.2181,300.1081,299.9981,299.8881,299.7781,299.668,299.5579,299.4477,299.3376,299.2274,299.1172,299.0069,298.9187,298.9077,298.8966,298.8856,298.8746,298.8636,298.8525,298.8415,298.8305,298.8194,298.8084,298.7974,298.7863,298.7753,298.7643,298.7532,298.7422,298.7312,298.7202,298.7091,298.6981,298.6871,298.676,298.665,298.654,298.6429,298.6319,298.6208,298.6098,298.5988,298.5877,298.5767,298.5657,298.5546,298.5436,298.5326,298.5215,298.5105,298.4994,298.4884,298.4774,298.4663,298.4553,298.4443,298.4332,298.4222,298.4111,298.4001,298.3891,298.378,298.367,298.3559,298.3449,298.3339,298.3228,298.3118,298.3007,298.2897,298.2786,298.2676,298.2566,298.2455,298.2345,298.2234,298.2124,298.2013,298.1903,298.1792,298.1682,298.1572,298.1461,298.1351,298.124,298.113,298.1019,298.0909,298.0798,298.0688,298.0577,298.0467,298.0356,298.0135,297.903
130.0,304.147,304.0382,303.9294,303.8205,303.7116,303.6027,303.4937,303.3847,303.2757,303.1667,303.0576,302.9485,302.8394,302.7302,302.621,302.5118,302.4025,302.2933,302.1839,302.0746,301.9653,301.8559,301.7464,301.637,301.5275,301.418,301.3304,301.3195,301.3085,301.2976,301.2866,301.2757,301.2647,301.2537,301.2428,301.2318,301.2209,301.2099,301.199,301.188,301.1771,301.1661,301.1551,301.1442,301.1332,301.1223,301.1113,301.1003,301.0894,301.0784,301.0675,301.0565,301.0456,301.0346,301.0236,301.0127,301.0017,300.9907,300.9798,300.9688,300.9579,300.9469,300.9359,300.925,300.914,300.903,300.8921,300.8811,300.8702,300.8592,300.8482,300.8373,300.8263,300.8153,300.8044,300.7934,300.7824,300.7715,300.7605,300.7495,300.7386,300.7276,300.7166,300.7057,300.6947,300.6837,300.6728,300.6618,300.6508,300.6398,300.6289,300.6179,300.6069,300.596,300.585,300.574,300.5631,300.5521,300.5411,300.5301,300.5192,300.5082,300.4972,300.4862,300.4753,300.4643,300.4533,300.4314,300.3216
140.0,306.5397,306.4316,306.3235,306.2154,306.1072,305.9991,305.8908,305.7826,305.6743,305.566,305.4577,305.3493,305.2409,305.1325,305.024,304.9155,304.807,304.6985,304.5899,304.4813,304.3727,304.264,304.1553,304.0466,303.9379,303.8291,303.7421,303.7312,303.7203,303.7094,303.6986,303.6877,303.6768,303.6659,303.655,303.6441,303.6333,303.6224,303.6115,303.6006,303.5897,303.5788,303.568,303.5571,303.5462,303.5353,303.5244,303.5135,303.5026,303.4918,303.4809,303.47,303.4591,303.4482,303.4373,303.4264,303.4155,303.4047,303.3938,303.3829,303.372,303.3611,303.3502,303.3393,303.3284,303.3175,303.3067,303.2958,303.2849,303.274,303.2631,303.2522,303.2413,303.2304,303.2195,303.2086,303.1977,303.1868,303.1759,303.165,303.1542,303.1433,303.1324,303.1215,303.1106,303.0997,303.0888,303.0779,303.067,303.0561,303.0452,303.0343,303.0234,303.0125,303.0016,302.9907,302.9798,302.9689,302.958,302.9471,302.9362,302.9253,302.9144,302.9035,302.8926,302.8817,302.8708,302.849,302.74
150.0,308.9326,308.8253,308.7179,308.6105,308.5031,308.3956,308.2881,308.1806,308.073,307.9655,307.8578,307.7502,307.6425,307.5348,307.4271,307.3193,307.2115,307.1037,306.9958,306.888,306.7801,306.6721,306.5641,306.4561,306.3481,306.2401,306.1536,306.1428,306.132,306.1212,306.1104,306.0996,306.0888,306.0779,306.0671,306.0563,306.0455,306.0347,306.0239,306.0131,306.0023,305.9914,305.9806,305.9698,305.959,305.9482,305.9374,305.9266,305.9157,305.9049,305.8941,305.8833,305.8725,305.8617,305.8509,305.84,305.8292,305.8184,305.8076,305.7968,305.7859,305.7751,305.7643,305.7535,305.7427,305.7319,305.721,305.7102,305.6994,305.6886,305.6778,305.6669,305.6561,305.6453,305.6345,305.6236,305.6128,305.602,305.5912,305.5804,305.5695,305.5587,305.5479,305.5371,305.5262,305.5154,305.5046,305.4938,305.4829,305.4721,305.4613,305.4505,305.4396,305.4288,305.418,305.4071,305.3963,305.3855,305.3747,305.3638,305.353,305.3422,305.3313,305.3205,305.3097,305.2989,305.288,305.2664,305.158
160.0,311.3257,311.219,311.1124,311.0057,310.899,310.7923,310.6855,310.5787,310.4718,310.365,310.2581,310.1511,310.0442,309.9372,309.8301,309.7231,309.616,309.5089,309.4017,309.2946,309.1873,309.0801,308.9728,308.8656,308.7582,308.6509,308.565,308.5542,308.5435,308.5328,308.522,308.5113,308.5005,308.4898,308.4791,308.4683,308.4576,308.4468,308.4361,308.4253,308.4146,308.4039,308.3931,308.3824,308.3716,308.3609,308.3501,308.3394,308.3286,308.3179,308.3072,308.2964,308.2857,308.2749,308.2642,308.2534,308.2427,308.2319,308.2212,308.2104,308.1997,308.1889,308.1782,308.1674,308.1567,308.1459,308.1352,308.1244,308.1137,308.1029,308.0922,308.0814,308.0707,308.0599,308.0492,308.0384,308.0277,308.0169,308.0062,307.9954,307.9847,307.9739,307.9632,307.9524,307.9416,307.9309,307.9201,307.9094,307.8986,307.8879,307.8771,307.8663,307.8556,307.8448,307.8341,307.8233,307.8126,307.8018,307.791,307.7803,307.7695,307.7588,307.748,307.7372,307.7265,307.7157,307.705,307.6834,307.5758
170.0,313.7188,313.6129,313.507,313.401,313.295,313.1889,313.0829,312.9768,312.8706,312.7645,312.6583,312.552,312.4458,312.3395,312.2331,312.1268,312.0204,311.914,311.8075,311.701,311.5945,311.488,311.3814,311.2748,311.1681,311.0615,310.9761,310.9655,310.9548,310.9441,310.9334,310.9228,310.9121,310.9014,310.8908,310.8801,310.8694,310.8587,310.8481,310.8374,310.8267,310.816,310.8054,310.7947,310.784,310.7733,310.7627,310.752,310.7413,310.7306,310.72,310.7093,310.6986,310.6879,310.6772,310.6666,310.6559,310.6452,310.6345,310.6239,310.6132,310.6025,310.5918,310.5811,310.5704,310.5598,310.5491,310.5384,310.5277,310.517,310.5064,310.4957,310.485,310.4743,310.4636,310.4529,310.4423,310.4316,310.4209,310.4102,310.3995,310.3888,310.3781,310.3675,310.3568,310.3461,310.3354,310.3247,310.314,310.3033,310.2926,310.282,310.2713,310.2606,310.2499,310.2392,310.2285,310.2178,310.2071,310.1964,310.1857,310.1751,310.1644,310.1537,310.143,310.1323,310.1216,310.1002,309.9933
180.0,316.112,316.0068,315.9015,315.7963,315.6909,315.5856,315.4802,315.3748,315.2694,315.1639,315.0584,314.9528,314.8472,314.7416,314.636,314.5303,314.4246,314.3189,314.2131,314.1073,314.0015,313.8956,313.7897,313.6838,313.5778,313.4718,313.387,313.3764,313.3658,313.3552,313.3446,313.334,313.3234,313.3128,313.3022,313.2916,313.281,313.2704,313.2598,313.2492,313.2386,313.228,313.2173,313.2067,313.1961,313.1855,313.1749,313.1643,313.1537,313.1431,313.1325,313.1219,313.1113,313.1006,313.09,313.0794,313.0688,313.0582,313.0476,313.037,313.0264,313.0158,313.0051,312.9945,312.9839,312.9733,312.9627,312.9521,312.9415,312.9308,312.9202,312.9096,312.899,312.8884,312.8778,312.8671,312.8565,312.8459,312.8353,312.8247,312.8141,312.8034,312.7928,312.7822,312.7716,312.761,312.7503,312.7397,312.7291,312.7185,312.7079,312.6972,312.6866,312.676,312.6654,312.6547,312.6441,312.6335,312.6229,312.6122,312.6016,312.591,312.5804,312.5697,312.5591,312.5485,312.5379,312.5166,312.4103
190.0,318.5051,318.4006,318.296,318.1914,318.0868,317.9821,317.8774,317.7727,317.6679,317.5631,317.4583,317.3534,317.2485,317.1436,317.0386,316.9336,316.8286,316.7236,316.6185,316.5133,316.4082,316.303,316.1978,316.0925,315.9872,315.8819,315.7976,315.7871,315.7765,315.766,315.7555,315.7449,315.7344,315.7239,315.7133,315.7028,315.6922,315.6817,315.6712,315.6606,315.6501,315.6395,315.629,315.6185,315.6079,315.5974,315.5868,315.5763,315.5658,315.5552,315.5447,315.5341,315.5236,315.513,315.5025,315.4919,315.4814,315.4709,315.4603,315.4498,315.4392,315.4287,315.4181,315.4076,315.397,315.3865,315.3759,315.3654,315.3548,315.3443,315.3337,315.3232,315.3126,315.3021,315.2915,315.281,315.2704,315.2599,315.2493,315.2388,315.2282,315.2177,315.2071,315.1966,315.186,315.1755,315.1649,315.1544,315.1438,315.1333,315.1227,315.1121,315.1016,315.091,315.0805,315.0699,315.0594,315.0488,315.0382,315.0277,315.0171,315.0066,314.996,314.9855,314.9749,314.9643,314.9538,314.9327,314.827
200.0,320.898,320.7942,320.6903,320.5864,320.4825,320.3785,320.2745,320.1704,320.0663,319.9622,319.858,319.7538,319.6496,319.5454,319.4411,319.3367,319.2324,319.128,319.0235,318.9191,318.8146,318.7101,318.6055,318.5009,318.3963,318.2916,318.2079,318.1974,318.1869,318.1765,318.166,318.1555,318.145,318.1346,318.1241,318.1136,318.1032,318.0927,318.0822,318.0717,318.0613,318.0508,318.0403,318.0298,318.0194,318.0089,317.9984,317.9879,317.9775,317.967,317.9565,317.946,317.9355,317.9251,317.9146,317.9041,317.8936,317.8831,317.8727,317.8622,317.8517,317.8412,317.8307,317.8203,317.8098,317.7993,317.7888,317.7783,317.7678,317.7574,317.7469,317.7364,317.7259,317.7154,317.7049,317.6945,317.684,317.6735,317.663,317.6525,317.642,317.6315,317.6211,317.6106,317.6001,317.5896,317.5791,317.5686,317.5581,317.5476,317.5371,317.5267,317.5162,317.5057,317.4952,317.4847,317.4742,317.4637,317.4532,317.4427,317.4322,317.4217,317.4112,317.4007,317.3903,317.3798,317.3693,317.3483,317.2433
210.0,323.2907,323.1876,323.0844,322.9811,322.8779,322.7746,322.6712,322.5678,322.4644,322.361,322.2575,322.154,322.0504,321.9468,321.8432,321.7395,321.6358,321.5321,321.4283,321.3245,321.2206,321.1168,321.0129,320.9089,320.805,320.701,320.6177,320.6073,320.5969,320.5865,320.5761,320.5657,320.5553,320.5449,320.5345,320.5241,320.5137,320.5033,320.4928,320.4824,320.472,320.4616,320.4512,320.4408,320.4304,320.42,320.4096,320.3992,320.3887,320.3783,320.3679,320.3575,320.3471,320.3367,320.3263,320.3158,320.3054,320.295,320.2846,320.2742,320.2638,320.2534,320.2429,320.2325,320.2221,320.2117,320.2013,320.1909,320.1804,320.17,320.1596,320.1492,320.1388,320.1283,320.1179,320.1075,320.0971,320.0867,320.0762,320.0658,320.0554,320.045,320.0345,320.0241,320.0137,320.0033,319.9929,319.9824,319.972,319.9616,319.9512,319.9407,319.9303,319.9199,319.9094,319.899,319.8886,319.8782,319.8677,319.8573,319.8469,319.8365,319.826,319.8156,319.8052,319.7947,319.7843,319.7634,319.6591
220.0,325.6832,325.5807,325.4781,325.3756,325.273,325.1703,325.0677,324.9649,324.8622,324.7594,324.6566,324.5537,324.4508,324.3479,324.2449,324.1419,324.0388,323.9358,323.8326,323.7295,323.6263,323.5231,323.4198,323.3165,323.2132,323.1099,323.0271,323.0168,323.0065,322.9961,322.9858,322.9754,322.9651,322.9548,322.9444,322.9341,322.9237,322.9134,322.903,322.8927,322.8823,322.872,322.8617,322.8513,322.841,322.8306,322.8203,322.8099,322.7996,322.7892,322.7789,322.7685,322.7582,322.7478,322.7375,322.7271,322.7168,322.7064,322.6961,322.6857,322.6754,322.665,322.6547,322.6443,322.634,322.6236,322.6133,322.6029,322.5926,322.5822,322.5718,322.5615,322.5511,322.5408,322.5304,322.5201,322.5097,322.4994,322.489,322.4786,322.4683,322.4579,322.4476,322.4372,322.4268,322.4165,322.4061,322.3958,322.3854,322.375,322.3647,322.3543,322.344,322.3336,322.3232,322.3129,322.3025,322.2921,322.2818,322.2714,322.2611,322.2507,322.2403,322.23,322.2196,322.2092,322.1989,322.1781,322.0744
230.0,328.0752,327.9734,327.8715,327.7696,327.6677,327.5657,327.4637,327.3616,327.2596,327.1574,327.0553,326.953,326.8508,326.7485,326.6462,326.5438,326.4414,326.339,326.2366,326.134,326.0315,325.9289,325.8263,325.7237,325.621,325.5183,325.4361,325.4258,325.4155,325.4052,325.395,325.3847,325.3744,325.3641,325.3539,325.3436,325.3333,325.323,325.3127,325.3025,325.2922,325.2819,325.2716,325.2613,325.2511,325.2408,325.2305,325.2202,325.2099,325.1996,325.1893,325.1791,325.1688,325.1585,325.1482,325.1379,325.1276,325.1173,325.1071,325.0968,325.0865,325.0762,325.0659,325.0556,325.0453,325.035,325.0248,325.0145,325.0042,324.9939,324.9836,324.9733,324.963,324.9527,324.9424,324.9321,324.9218,324.9115,324.9012,324.891,324.8807,324.8704,324.8601,324.8498,324.8395,324.8292,324.8189,324.8086,324.7983,324.788,324.7777,324.7674,324.7571,324.7468,324.7365,324.7262,324.7159,324.7056,324.6953,324.685,324.6747,324.6644,324.6541,324.6438,324.6335,324.6232,324.6129,324.5923,324.4892
240.0,330.4668,330.3657,330.2645,330.1632,330.062,329.9606,329.8593,329.7579,329.6565,329.555,329.4535,329.3519,329.2503,329.1487,329.047,328.9453,328.8436,328.7418,328.64,328.5381,328.4362,328.3343,328.2323,328.1303,328.0282,327.9262,327.8445,327.8343,327.8241,327.8138,327.8036,327.7934,327.7832,327.773,327.7628,327.7525,327.7423,327.7321,327.7219,327.7117,327.7015,327.6912,327.681,327.6708,327.6606,327.6504,327.6402,327.6299,327.6197,327.6095,327.5993,327.589,327.5788,327.5686,327.5584,327.5482,327.5379,327.5277,327.5175,327.5073,327.497,327.4868,327.4766,327.4664,327.4561,327.4459,327.4357,327.4255,327.4152,327.405,327.3948,327.3845,327.3743,327.3641,327.3539,327.3436,327.3334,327.3232,327.3129,327.3027,327.2925,327.2822,327.272,327.2618,327.2515,327.2413,327.2311,327.2208,327.2106,327.2004,327.1901,327.1799,327.1697,327.1594,327.1492,327.139,327.1287,327.1185,327.1082,327.098,327.0878,327.0775,327.0673,327.0571,327.0468,327.0366,327.0263,327.0058,326.9034
250.0,332.8579,332.7574,332.6569,332.5563,332.4557,332.3551,332.2544,332.1536,332.0528,331.952,331.8511,331.7502,331.6493,331.5483,331.4473,331.3462,331.2451,331.144,331.0428,330.9416,330.8403,330.739,330.6377,330.5363,330.4349,330.3335,330.2523,330.2421,330.232,330.2218,330.2117,330.2015,330.1914,330.1812,330.1711,330.1609,330.1508,330.1406,330.1305,330.1203,330.1102,330.1,330.0899,330.0797,330.0695,330.0594,330.0492,330.0391,330.0289,330.0188,330.0086,329.9984,329.9883,329.9781,329.968,329.9578,329.9476,329.9375,329.9273,329.9172,329.907,329.8968,329.8867,329.8765,329.8664,329.8562,329.846,329.8359,329.8257,329.8155,329.8054,329.7952,329.785,329.7749,329.7647,329.7545,329.7444,329.7342,329.724,329.7139,329.7037,329.6935,329.6834,329.6732,329.663,329.6528,329.6427,329.6325,329.6223,329.6122,329.602,329.5918,329.5816,329.5715,329.5613,329.5511,329.5409,329.5308,329.5206,329.5104,329.5002,329.4901,329.4799,329.4697,329.4595,329.4494,329.4392,329.4188,329.317
260.0,335.2485,335.1486,335.0488,334.9488,334.8489,334.7489,334.6488,334.5487,334.4486,334.3484,334.2482,334.148,334.0477,333.9473,333.847,333.7465,333.6461,333.5456,333.445,333.3445,333.2438,333.1432,333.0425,332.9417,332.841,332.7402,332.6595,332.6494,332.6393,332.6292,332.6191,332.609,332.5989,332.5889,332.5788,332.5687,332.5586,332.5485,332.5384,332.5283,332.5182,332.5081,332.498,332.488,332.4779,332.4678,332.4577,332.4476,332.4375,332.4274,332.4173,332.4072,332.3971,332.387,332.3769,332.3668,332.3567,332.3466,332.3365,332.3264,332.3163,332.3062,332.2961,332.286,332.2759,332.2658,332.2557,332.2456,332.2355,332.2254,332.2153,332.2052,332.1951,332.185,332.1749,332.1648,332.1547,332.1446,332.1345,332.1244,332.1143,332.1041,332.094,332.0839,332.0738,332.0637,332.0536,332.0435,332.0334,332.0233,332.0132,332.0031,331.9929,331.9828,331.9727,331.9626,331.9525,331.9424,331.9323,331.9222,331.912,331.9019,331.8918,331.8817,331.8716,331.8615,331.8514,331.8311,331.7299
270.0,337.6384,337.5392,337.44,337.3407,337.2414,337.1421,337.0427,336.9432,336.8437,336.7442,336.6446,336.545,336.4454,336.3457,336.246,336.1462,336.0464,335.9465,335.8466,335.7467,335.6467,335.5466,335.4466,335.3465,335.2463,335.1461,335.066,335.0559,335.0459,335.0359,335.0259,335.0158,335.0058,334.9958,334.9858,334.9757,334.9657,334.9557,334.9457,334.9356,334.9256,334.9156,334.9055,334.8955,334.8855,334.8755,334.8654,334.8554,334.8454,334.8353,334.8253,334.8153,334.8052,334.7952,334.7852,334.7751,334.7651,334.7551,334.745,334.735,334.7249,334.7149,334.7049,334.6948,334.6848,334.6748,334.6647,334.6547,334.6446,334.6346,334.6246,334.6145,334.6045,334.5944,334.5844,334.5743,334.5643,334.5543,334.5442,334.5342,334.5241,334.5141,334.504,334.494,334.4839,334.4739,334.4639,334.4538,334.4438,334.4337,334.4237,334.4136,334.4036,334.3935,334.3835,334.3734,334.3634,334.3533,334.3433,334.3332,334.3232,334.3131,334.3031,334.293,334.2829,334.2729,334.2628,334.2427,334.1422
280.0,340.0275,339.929,339.8305,339.7319,339.6332,339.5345,339.4358,339.337,339.2381,339.1393,339.0404,338.9414,338.8424,338.7433,338.6442,338.5451,338.4459,338.3467,338.2474,338.1481,338.0488,337.9494,337.85,337.7505,337.651,337.5514,337.4717,337.4618,337.4518,337.4418,337.4319,337.4219,337.412,337.402,337.392,337.3821,337.3721,337.3621,337.3522,337.3422,337.3322,337.3223,337.3123,337.3023,337.2924,337.2824,337.2724,337.2625,337.2525,337.2425,337.2326,337.2226,337.2126,337.2026,337.1927,337.1827,337.1727,337.1627,337.1528,337.1428,337.1328,337.1228,337.1129,337.1029,337.0929,337.0829,337.073,337.063,337.053,337.043,337.0331,337.0231,337.0131,337.0031,336.9931,336.9832,336.9732,336.9632,336.9532,336.9432,336.9333,336.9233,336.9133,336.9033,336.8933,336.8833,336.8733,336.8634,336.8534,336.8434,336.8334,336.8234,336.8134,336.8034,336.7935,336.7835,336.7735,336.7635,336.7535,336.7435,336.7335,336.7235,336.7135,336.7035,336.6936,336.6836,336.6736,336.6536,336.5536
290.0,342.4159,342.3181,342.2202,342.1222,342.0242,341.9262,341.8281,341.73,341.6318,341.5336,341.4353,341.337,341.2386,341.1402,341.0417,340.9432,340.8447,340.7461,340.6475,340.5488,340.4501,340.3513,340.2525,340.1537,340.0548,339.9559,339.8767,339.8668,339.8569,339.847,339.8371,339.8272,339.8173,339.8074,339.7975,339.7876,339.7777,339.7678,339.7579,339.748,339.7381,339.7282,339.7183,339.7084,339.6985,339.6886,339.6787,339.6687,339.6588,339.6489,339.639,339.6291,339.6192,339.6093,339.5994,339.5895,339.5796,339.5697,339.5597,339.5498,339.5399,339.53,339.5201,339.5102,339.5003,339.4903,339.4804,339.4705,339.4606,339.4507,339.4408,339.4309,339.4209,339.411,339.4011,339.3912,339.3813,339.3713,339.3614,339.3515,339.3416,339.3317,339.3217,339.3118,339.3019,339.292,339.2821,339.2721,339.2622,339.2523,339.2424,339.2324,339.2225,339.2126,339.2027,339.1927,339.1828,339.1729,339.1629,339.153,339.1431,339.1332,339.1232,339.1133,339.1034,339.0934,339.0835,339.0636,338.9643
300.0,344.8035,344.7063,344.609,344.5117,344.4144,344.317,344.2196,344.1221,344.0246,343.927,343.8294,343.7317,343.634,343.5362,343.4384,343.3405,343.2426,343.1447,343.0467,342.9487,342.8506,342.7525,342.6543,342.5561,342.4578,342.3595,342.2808,342.271,342.2612,342.2513,342.2415,342.2316,342.2218,342.212,342.2021,342.1923,342.1825,342.1726,342.1628,342.1529,342.1431,342.1332,342.1234,342.1136,342.1037,342.0939,342.084,342.0742,342.0643,342.0545,342.0446,342.0348,342.025,342.0151,342.0053,341.9954,341.9856,341.9757,341.9659,341.956,341.9462,341.9363,341.9265,341.9166,341.9068,341.8969,341.8871,341.8772,341.8673,341.8575,341.8476,341.8378,341.8279,341.8181,341.8082,341.7984,341.7885,341.7786,341.7688,341.7589,341.7491,341.7392,341.7294,341.7195,341.7096,341.6998,341.6899,341.6801,341.6702,341.6603,341.6505,341.6406,341.6307,341.6209,341.611,341.6011,341.5913,341.5814,341.5715,341.5617,341.5518,341.5419,341.5321,341.5222,341.5123,341.5025,341.4926,341.4729,341.3741
310.0,347.1901,347.0936,346.997,346.9004,346.8037,346.7069,346.6102,346.5133,346.4164,346.3195,346.2225,346.1255,346.0284,345.9313,345.8342,345.7369,345.6397,345.5424,345.445,345.3476,345.2502,345.1527,345.0551,344.9575,344.8599,344.7622,344.6841,344.6743,344.6645,344.6547,344.645,344.6352,344.6254,344.6156,344.6059,344.5961,344.5863,344.5765,344.5668,344.557,344.5472,344.5374,344.5276,344.5179,344.5081,344.4983,344.4885,344.4787,344.469,344.4592,344.4494,344.4396,344.4298,344.42,344.4102,344.4005,344.3907,344.3809,344.3711,344.3613,344.3515,344.3417,344.3319,344.3222,344.3124,344.3026,344.2928,344.283,344.2732,344.2634,344.2536,344.2438,344.234,344.2242,344.2144,344.2047,344.1949,344.1851,344.1753,344.1655,344.1557,344.1459,344.1361,344.1263,344.1165,344.1067,344.0969,344.0871,344.0773,344.0675,344.0577,344.0479,344.0381,344.0283,344.0185,344.0087,343.9989,343.9891,343.9793,343.9695,343.9596,343.9498,343.94,343.9302,343.9204,343.9106,343.9008,343.8812,343.7831
320.0,349.5758,349.4799,349.384,349.288,349.192,349.0959,348.9998,348.9036,348.8074,348.7111,348.6148,348.5184,348.422,348.3255,348.229,348.1324,348.0358,347.9391,347.8424,347.7456,347.6488,347.5519,347.455,347.3581,347.2611,347.164,347.0864,347.0767,347.0669,347.0572,347.0475,347.0378,347.0281,347.0184,347.0087,346.9989,346.9892,346.9795,346.9698,346.9601,346.9504,346.9407,346.9309,346.9212,346.9115,346.9018,346.8921,346.8823,346.8726,346.8629,346.8532,346.8435,346.8337,346.824,346.8143,346.8046,346.7948,346.7851,346.7754,346.7657,346.7559,346.7462,346.7365,346.7268,346.717,346.7073,346.6976,346.6878,346.6781,346.6684,346.6587,346.6489,346.6392,346.6295,346.6197,346.61,346.6003,346.5905,346.5808,346.5711,346.5613,346.5516,346.5419,346.5321,346.5224,346.5126,346.5029,346.4932,346.4834,346.4737,346.464,346.4542,346.4445,346.4347,346.425,346.4153,346.4055,346.3958,346.386,346.3763,346.3665,346.3568,346.3471,346.3373,346.3276,346.3178,346.3081,346.2886,346.1911
330.0,351.9604,351.8652,351.7699,351.6746,351.5792,351.4838,351.3883,351.2928,351.1972,351.1016,351.0059,350.9102,350.8144,350.7186,350.6227,350.5268,350.4308,350.3348,350.2387,350.1426,350.0464,349.9502,349.8539,349.7576,349.6612,349.5648,349.4877,349.478,349.4684,349.4587,349.4491,349.4394,349.4298,349.4201,349.4105,349.4008,349.3912,349.3815,349.3718,349.3622,349.3525,349.3429,349.3332,349.3236,349.3139,349.3043,349.2946,349.2849,349.2753,349.2656,349.256,349.2463,349.2367,349.227,349.2173,349.2077,349.198,349.1884,349.1787,349.169,349.1594,349.1497,349.14,349.1304,349.1207,349.111,349.1014,349.0917,349.082,349.0724,349.0627,349.053,349.0434,349.0337,349.024,349.0144,349.0047,348.995,348.9853,348.9757,348.966,348.9563,348.9466,348.937,348.9273,348.9176,348.9079,348.8983,348.8886,348.8789,348.8692,348.8596,348.8499,348.8402,348.8305,348.8208,348.8112,348.8015,348.7918,348.7821,348.7724,348.7628,348.7531,348.7434,348.7337,348.724,348.7143,348.695,348.5981
340.0,354.3439,354.2493,354.1547,354.0601,353.9654,353.8706,353.7758,353.681,353.586,353.4911,353.3961,353.301,353.2059,353.1107,353.0154,352.9202,352.8248,352.7294,352.634,352.5385,352.443,352.3474,352.2518,352.1561,352.0603,351.9646,351.8879,351.8783,351.8687,351.8591,351.8496,351.84,351.8304,351.8208,351.8112,351.8016,351.792,351.7824,351.7728,351.7633,351.7537,351.7441,351.7345,351.7249,351.7153,351.7057,351.6961,351.6865,351.6769,351.6673,351.6577,351.6481,351.6385,351.6289,351.6193,351.6097,351.6001,351.5905,351.5809,351.5713,351.5617,351.5521,351.5425,351.5329,351.5233,351.5137,351.5041,351.4945,351.4849,351.4753,351.4657,351.4561,351.4465,351.4369,351.4273,351.4177,351.4081,351.3984,351.3888,351.3792,351.3696,351.36,351.3504,351.3408,351.3312,351.3216,351.3119,351.3023,351.2927,351.2831,351.2735,351.2639,351.2543,351.2446,351.235,351.2254,351.2158,351.2062,351.1965,351.1869,351.1773,351.1677,351.1581,351.1484,351.1388,351.1292,351.1196,351.1003,351.0041
350.0,356.7262,356.6323,356.5384,356.4444,356.3504,356.2563,356.1621,356.0679,355.9737,355.8794,355.785,355.6906,355.5961,355.5016,355.407,355.3124,355.2177,355.123,355.0282,354.9333,354.8384,354.7435,354.6485,354.5534,354.4583,354.3632,354.287,354.2775,354.268,354.2585,354.2489,354.2394,354.2299,354.2204,354.2108,354.2013,354.1918,354.1823,354.1727,354.1632,354.1537,354.1442,354.1346,354.1251,354.1156,354.106,354.0965,354.087,354.0774,354.0679,354.0584,354.0488,354.0393,354.0298,354.0202,354.0107,354.0012,353.9916,353.9821,353.9726,353.963,353.9535,353.9439,353.9344,353.9249,353.9153,353.9058,353.8962,353.8867,353.8771,353.8676,353.8581,353.8485,353.839,353.8294,353.8199,353.8103,353.8008,353.7912,353.7817,353.7721,353.7626,353.7531,353.7435,353.734,353.7244,353.7148,353.7053,353.6957,353.6862,353.6766,353.6671,353.6575,353.648,353.6384,353.6289,353.6193,353.6098,353.6002,353.5906,353.5811,353.5715,353.562,353.5524,353.5429,353.5333,353.5237,353.5046,353.409
360.0,359.1072,359.0141,358.9208,358.8275,358.7341,358.6407,358.5472,358.4537,358.3601,358.2665,358.1728,358.079,357.9852,357.8913,357.7974,357.7034,357.6094,357.5153,357.4211,357.3269,357.2327,357.1384,357.044,356.9496,356.8552,356.7607,356.685,356.6756,356.6661,356.6566,356.6472,356.6377,356.6283,356.6188,356.6093,356.5999,356.5904,356.5809,356.5715,356.562,356.5525,356.5431,356.5336,356.5242,356.5147,356.5052,356.4957,356.4863,356.4768,356.4673,356.4579,356.4484,356.4389,356.4295,356.42,356.4105,356.401,356.3916,356.3821,356.3726,356.3631,356.3537,356.3442,356.3347,356.3252,356.3158,356.3063,356.2968,356.2873,356.2778,356.2684,356.2589,356.2494,356.2399,356.2304,356.221,356.2115,356.202,356.1925,356.183,356.1735,356.164,356.1546,356.1451,356.1356,356.1261,356.1166,356.1071,356.0976,356.0881,356.0787,356.0692,356.0597,356.0502,356.0407,356.0312,356.0217,356.0122,356.0027,355.9932,355.9837,355.9742,355.9647,355.9552,355.9457,355.9362,355.9267,355.9077,355.8127
370.0,361.487,361.3945,361.3019,361.2093,361.1166,361.0239,360.9311,360.8382,360.7453,360.6523,360.5592,360.4661,360.373,360.2798,360.1865,360.0932,359.9998,359.9064,359.8129,359.7193,359.6257,359.5321,359.4384,359.3446,359.2508,359.1569,359.0818,359.0724,359.063,359.0536,359.0442,359.0348,359.0254,359.016,359.0066,358.9972,358.9878,358.9784,358.969,358.9596,358.9502,358.9408,358.9314,358.922,358.9126,358.9032,358.8938,358.8844,358.875,358.8656,358.8562,358.8468,358.8374,358.8279,358.8185,358.8091,358.7997,358.7903,358.7809,358.7715,358.7621,358.7527,358.7432,358.7338,358.7244,358.715,358.7056,358.6962,358.6868,358.6773,358.6679,358.6585,358.6491,358.6397,358.6302,358.6208,358.6114,358.602,358.5926,358.5831,358.5737,358.5643,358.5549,358.5455,358.536,358.5266,358.5172,358.5078,358.4983,358.4889,358.4795,358.47,358.4606,358.4512,358.4418,358.4323,358.4229,358.4135,358.404,358.3946,358.3852,358.3757,358.3663,358.3569,358.3474,358.338,358.3286,358.3097,358.2153
380.0,363.8654,363.7736,363.6817,363.5897,363.4977,363.4057,363.3135,363.2213,363.1291,363.0368,362.9444,362.852,362.7595,362.6669,362.5743,362.4817,362.3889,362.2962,362.2033,362.1104,362.0175,361.9245,361.8314,361.7383,361.6451,361.5519,361.4773,361.4679,361.4586,361.4493,361.44,361.4306,361.4213,361.412,361.4026,361.3933,361.384,361.3746,361.3653,361.3559,361.3466,361.3373,361.3279,361.3186,361.3092,361.2999,361.2906,361.2812,361.2719,361.2625,361.2532,361.2439,361.2345,361.2252,361.2158,361.2065,361.1971,361.1878,361.1784,361.1691,361.1597,361.1504,361.141,361.1317,361.1223,361.113,361.1036,361.0943,361.0849,361.0756,361.0662,361.0569,361.0475,361.0382,361.0288,361.0195,361.0101,361.0007,360.9914,360.982,360.9727,360.9633,360.9539,360.9446,360.9352,360.9259,360.9165,360.9071,360.8978,360.8884,360.879,360.8697,360.8603,360.851,360.8416,360.8322,360.8229,360.8135,360.8041,360.7947,360.7854,360.776,360.7666,360.7573,360.7479,360.7385,360.7292,360.7104,360.6166
390.0,366.2423,366.1512,366.06,365.9687,365.8774,365.786,365.6946,365.6031,365.5115,365.4199,365.3282,365.2364,365.1446,365.0527,364.9608,364.8688,364.7767,364.6846,364.5924,364.5002,364.4079,364.3155,364.2231,364.1307,364.0381,363.9456,363.8715,363.8622,363.8529,363.8437,363.8344,363.8251,363.8159,363.8066,363.7973,363.788,363.7788,363.7695,363.7602,363.751,363.7417,363.7324,363.7231,363.7139,363.7046,363.6953,363.686,363.6768,363.6675,363.6582,363.6489,363.6396,363.6304,363.6211,363.6118,363.6025,363.5932,363.584,363.5747,363.5654,363.5561,363.5468,363.5375,363.5283,363.519,363.5097,363.5004,363.4911,363.4818,363.4725,363.4632,363.4539,363.4447,363.4354,363.4261,363.4168,363.4075,363.3982,363.3889,363.3796,363.3703,363.361,363.3517,363.3424,363.3331,363.3238,363.3145,363.3052,363.2959,363.2866,363.2773,363.268,363.2587,363.2494,363.2401,363.2308,363.2215,363.2122,363.2029,363.1936,363.1843,363.175,363.1657,363.1564,363.1471,363.1378,363.1284,363.1098,363.0167
400.0,368.6178,368.5273,368.4368,368.3463,368.2556,368.1649,368.0742,367.9833,367.8925,367.8015,367.7105,367.6194,367.5283,367.4371,367.3458,367.2545,367.1631,367.0716,366.9801,366.8885,366.7969,366.7052,366.6135,366.5216,366.4298,366.3379,366.2643,366.2551,366.2459,366.2367,366.2275,366.2183,366.2091,366.1999,366.1906,366.1814,366.1722,366.163,366.1538,366.1446,366.1354,366.1262,366.117,366.1078,366.0986,366.0894,366.0801,366.0709,366.0617,366.0525,366.0433,366.0341,366.0249,366.0156,366.0064,365.9972,365.988,365.9788,365.9696,365.9603,365.9511,365.9419,365.9327,365.9235,365.9142,365.905,365.8958,365.8866,365.8773,365.8681,365.8589,365.8497,365.8404,365.8312,365.822,365.8128,365.8035,365.7943,365.7851,365.7758,365.7666,365.7574,365.7481,365.7389,365.7297,365.7204,365.7112,365.702,365.6927,365.6835,365.6743,365.665,365.6558,365.6466,365.6373,365.6281,365.6188,365.6096,365.6004,365.5911,365.5819,365.5726,365.5634,365.5541,365.5449,365.5357,365.5264,365.5079,365.4154
410.0,370.9916,370.9019,370.8121,370.7222,370.6323,370.5423,370.4522,370.3621,370.2719,370.1816,370.0913,370.0009,369.9104,369.8199,369.7293,369.6387,369.5479,369.4572,369.3663,369.2754,369.1844,369.0934,369.0023,368.9112,368.82,368.7287,368.6556,368.6465,368.6374,368.6282,368.6191,368.61,368.6008,368.5917,368.5825,368.5734,368.5643,368.5551,368.546,368.5368,368.5277,368.5186,368.5094,368.5003,368.4911,368.482,368.4728,368.4637,368.4545,368.4454,368.4362,368.4271,368.4179,368.4088,368.3996,368.3905,368.3813,368.3722,368.363,368.3539,368.3447,368.3356,368.3264,368.3173,368.3081,368.2989,368.2898,368.2806,368.2715,368.2623,368.2531,368.244,368.2348,368.2257,368.2165,368.2073,368.1982,368.189,368.1798,368.1707,368.1615,368.1523,368.1432,368.134,368.1248,368.1157,368.1065,368.0973,368.0882,368.079,368.0698,368.0606,368.0515,368.0423,368.0331,368.0239,368.0148,368.0056,367.9964,367.9872,367.9781,367.9689,367.9597,367.9505,367.9413,367.9322,367.923,367.9046,367.8128
420.0,373.3639,373.2749,373.1858,373.0966,373.0074,372.9181,372.8287,372.7392,372.6497,372.5602,372.4705,372.3808,372.291,372.2012,372.1113,372.0213,371.9313,371.8412,371.751,371.6608,371.5705,371.4801,371.3897,371.2992,371.2087,371.1181,371.0455,371.0365,371.0274,371.0183,371.0093,371.0002,370.9911,370.9821,370.973,370.9639,370.9548,370.9458,370.9367,370.9276,370.9185,370.9094,370.9004,370.8913,370.8822,370.8731,370.864,370.855,370.8459,370.8368,370.8277,370.8186,370.8096,370.8005,370.7914,370.7823,370.7732,370.7641,370.755,370.7459,370.7369,370.7278,370.7187,370.7096,370.7005,370.6914,370.6823,370.6732,370.6641,370.655,370.6459,370.6368,370.6277,370.6186,370.6095,370.6004,370.5913,370.5822,370.5731,370.564,370.5549,370.5458,370.5367,370.5276,370.5185,370.5094,370.5003,370.4912,370.4821,370.473,370.4639,370.4548,370.4457,370.4366,370.4275,370.4184,370.4092,370.4001,370.391,370.3819,370.3728,370.3637,370.3546,370.3455,370.3363,370.3272,370.3181,370.2999,370.2087
430.0,375.7344,375.6461,375.5577,375.4693,375.3807,375.2922,375.2035,375.1147,375.0259,374.9371,374.8481,374.7591,374.67,374.5809,374.4917,374.4024,374.313,374.2236,374.1341,374.0446,373.955,373.8653,373.7755,373.6857,373.5958,373.5059,373.4339,373.4249,373.4159,373.4069,373.3979,373.3889,373.3799,373.3709,373.3619,373.3529,373.3439,373.3348,373.3258,373.3168,373.3078,373.2988,373.2898,373.2808,373.2718,373.2628,373.2537,373.2447,373.2357,373.2267,373.2177,373.2087,373.1996,373.1906,373.1816,373.1726,373.1636,373.1545,373.1455,373.1365,373.1275,373.1185,373.1094,373.1004,373.0914,373.0823,373.0733,373.0643,373.0553,373.0462,373.0372,373.0282,373.0191,373.0101,373.0011,372.9921,372.983,372.974,372.965,372.9559,372.9469,372.9378,372.9288,372.9198,372.9107,372.9017,372.8927,372.8836,372.8746,372.8655,372.8565,372.8474,372.8384,372.8294,372.8203,372.8113,372.8022,372.7932,372.7841,372.7751,372.766,372.757,372.7479,372.7389,372.7298,372.7208,372.7117,372.6936,372.6031
440.0,378.1032,378.0156,377.9279,377.8402,377.7524,377.6645,377.5766,377.4885,377.4004,377.3123,377.224,377.1357,377.0473,376.9589,376.8704,376.7818,376.6931,376.6044,376.5156,376.4267,376.3378,376.2488,376.1597,376.0706,375.9814,375.8921,375.8207,375.8117,375.8028,375.7939,375.7849,375.776,375.7671,375.7581,375.7492,375.7402,375.7313,375.7224,375.7134,375.7045,375.6955,375.6866,375.6776,375.6687,375.6598,375.6508,375.6419,375.6329,375.624,375.615,375.6061,375.5971,375.5882,375.5792,375.5703,375.5613,375.5523,375.5434,375.5344,375.5255,375.5165,375.5076,375.4986,375.4897,375.4807,375.4717,375.4628,375.4538,375.4448,375.4359,375.4269,375.418,375.409,375.4,375.3911,375.3821,375.3731,375.3642,375.3552,375.3462,375.3373,375.3283,375.3193,375.3103,375.3014,375.2924,375.2834,375.2745,375.2655,375.2565,375.2475,375.2386,375.2296,375.2206,375.2116,375.2026,375.1937,375.1847,375.1757,375.1667,375.1577,375.1488,375.1398,375.1308,375.1218,375.1128,375.1038,375.0859,374.996
450.0,380.4701,380.3833,380.2963,380.2093,380.1223,380.0351,379.9479,379.8606,379.7732,379.6857,379.5982,379.5106,379.4229,379.3352,379.2473,379.1595,379.0715,378.9835,378.8954,378.8072,378.719,378.6306,378.5423,378.4538,378.3653,378.2767,378.2058,378.1969,378.1881,378.1792,378.1703,378.1615,378.1526,378.1437,378.1349,378.126,378.1171,378.1082,378.0994,378.0905,378.0816,378.0727,378.0639,378.055,378.0461,378.0372,378.0283,378.0195,378.0106,378.0017,377.9928,377.9839,377.975,377.9662,377.9573,377.9484,377.9395,377.9306,377.9217,377.9128,377.9039,377.8951,377.8862,377.8773,377.8684,377.8595,377.8506,377.8417,377.8328,377.8239,377.815,377.8061,377.7972,377.7883,377.7794,377.7705,377.7616,377.7527,377.7438,377.7349,377.726,377.7171,377.7082,377.6993,377.6904,377.6815,377.6726,377.6637,377.6548,377.6459,377.637,377.6281,377.6191,377.6102,377.6013,377.5924,377.5835,377.5746,377.5657,377.5568,377.5478,377.5389,377.53,377.5211,377.5122,377.5033,377.4943,377.4765,377.3873
460.0,382.8352,382.7491,382.6629,382.5766,382.4902,382.4038,382.3173,382.2307,382.1441,382.0573,381.9705,381.8836,381.7967,381.7096,381.6225,381.5354,381.4481,381.3608,381.2734,381.1859,381.0984,381.0108,380.9231,380.8353,380.7475,380.6596,380.5892,380.5804,380.5716,380.5628,380.554,380.5452,380.5364,380.5276,380.5188,380.51,380.5012,380.4924,380.4836,380.4748,380.466,380.4572,380.4484,380.4396,380.4308,380.4219,380.4131,380.4043,380.3955,380.3867,380.3779,380.3691,380.3602,380.3514,380.3426,380.3338,380.325,380.3162,380.3073,380.2985,380.2897,380.2809,380.2721,380.2632,380.2544,380.2456,380.2368,380.2279,380.2191,380.2103,380.2014,380.1926,380.1838,380.175,380.1661,380.1573,380.1485,380.1396,380.1308,380.122,380.1131,380.1043,380.0955,380.0866,380.0778,380.0689,380.0601,380.0513,380.0424,380.0336,380.0247,380.0159,380.0071,379.9982,379.9894,379.9805,379.9717,379.9628,379.954,379.9451,379.9363,379.9274,379.9186,379.9097,379.9009,379.892,379.8832,379.8655,379.7769
470.0,385.1982,385.1129,385.0274,384.9419,384.8563,384.7706,384.6848,384.599,384.5131,384.4271,384.341,384.2548,384.1686,384.0823,383.9959,383.9094,383.8229,383.7363,383.6496,383.5628,383.476,383.3891,383.3021,383.215,383.1279,383.0407,382.9709,382.9622,382.9534,382.9447,382.936,382.9273,382.9185,382.9098,382.9011,382.8923,382.8836,382.8748,382.8661,382.8574,382.8486,382.8399,382.8312,382.8224,382.8137,382.8049,382.7962,382.7874,382.7787,382.77,382.7612,382.7525,382.7437,382.735,382.7262,382.7175,382.7087,382.7,382.6912,382.6825,382.6737,382.665,382.6562,382.6474,382.6387,382.6299,382.6212,382.6124,382.6037,382.5949,382.5861,382.5774,382.5686,382.5599,382.5511,382.5423,382.5336,382.5248,382.516,382.5073,382.4985,382.4897,382.481,382.4722,382.4634,382.4547,382.4459,382.4371,382.4284,382.4196,382.4108,382.402,382.3933,382.3845,382.3757,382.3669,382.3581,382.3494,382.3406,382.3318,382.323,382.3142,382.3055,382.2967,382.2879,382.2791,382.2703,382.2528,382.1649
480.0,387.5593,387.4747,387.39,387.3052,387.2203,387.1354,387.0504,386.9653,386.8801,386.7948,386.7095,386.6241,386.5386,386.453,386.3673,386.2816,386.1958,386.1099,386.0239,385.9379,385.8517,385.7655,385.6793,385.5929,385.5065,385.42,385.3508,385.3421,385.3334,385.3248,385.3161,385.3075,385.2988,385.2901,385.2815,385.2728,385.2641,385.2555,385.2468,385.2381,385.2295,385.2208,385.2121,385.2035,385.1948,385.1861,385.1774,385.1688,385.1601,385.1514,385.1427,385.1341,385.1254,385.1167,385.108,385.0993,385.0907,385.082,385.0733,385.0646,385.0559,385.0473,385.0386,385.0299,385.0212,385.0125,385.0038,384.9951,384.9864,384.9778,384.9691,384.9604,384.9517,384.943,384.9343,384.9256,384.9169,384.9082,384.8995,384.8908,384.8821,384.8734,384.8647,384.856,384.8473,384.8386,384.8299,384.8212,384.8125,384.8038,384.7951,384.7864,384.7777,384.769,384.7603,384.7516,384.7429,384.7341,384.7254,384.7167,384.708,384.6993,384.6906,384.6819,384.6732,384.6644,384.6557,384.6383,384.5511
490.0,389.9182,389.8344,389.7504,389.6664,389.5823,389.4982,389.4139,389.3295,389.2451,389.1606,389.076,388.9913,388.9066,388.8217,388.7368,388.6518,388.5667,388.4815,388.3963,388.311,388.2256,388.1401,388.0546,387.9689,387.8832,387.7974,387.7288,387.7202,387.7116,387.703,387.6944,387.6858,387.6772,387.6686,387.66,387.6514,387.6428,387.6342,387.6256,387.617,387.6084,387.5998,387.5912,387.5826,387.574,387.5654,387.5568,387.5482,387.5396,387.531,387.5224,387.5138,387.5052,387.4966,387.488,387.4794,387.4708,387.4622,387.4535,387.4449,387.4363,387.4277,387.4191,387.4105,387.4019,387.3932,387.3846,387.376,387.3674,387.3588,387.3501,387.3415,387.3329,387.3243,387.3157,387.307,387.2984,387.2898,387.2812,387.2725,387.2639,387.2553,387.2466,387.238,387.2294,387.2208,387.2121,387.2035,387.1949,387.1862,387.1776,387.1689,387.1603,387.1517,387.143,387.1344,387.1258,387.1171,387.1085,387.0998,387.0912,387.0825,387.0739,387.0653,387.0566,387.048,387.0393,387.022,386.9355
500.0,392.275,392.1919,392.1088,392.0255,391.9422,391.8588,391.7753,391.6917,391.608,391.5243,391.4404,391.3565,391.2725,391.1884,391.1042,391.02,390.9356,390.8512,390.7667,390.6821,390.5974,390.5127,390.4279,390.343,390.258,390.1729,390.1048,390.0963,390.0878,390.0793,390.0707,390.0622,390.0537,390.0452,390.0367,390.0281,390.0196,390.0111,390.0026,389.994,389.9855,389.977,389.9684,389.9599,389.9514,389.9429,389.9343,389.9258,389.9173,389.9087,389.9002,389.8917,389.8831,389.8746,389.866,389.8575,389.849,389.8404,389.8319,389.8233,389.8148,389.8063,389.7977,389.7892,389.7806,389.7721,389.7635,389.755,389.7464,389.7379,389.7293,389.7208,389.7122,389.7037,389.6951,389.6866,389.678,389.6695,389.6609,389.6524,389.6438,389.6352,389.6267,389.6181,389.6096,389.601,389.5924,389.5839,389.5753,389.5667,389.5582,389.5496,389.5411,389.5325,389.5239,389.5153,389.5068,389.4982,389.4896,389.4811,389.4725,389.4639,389.4553,389.4468,389.4382,389.4296,389.421,389.4039,389.3181
510.0,394.6295,394.5472,394.4649,394.3824,394.2999,394.2172,394.1345,394.0517,393.9688,393.8858,393.8027,393.7196,393.6363,393.553,393.4696,393.386,393.3025,393.2188,393.135,393.0512,392.9673,392.8832,392.7992,392.715,392.6307,392.5464,392.4789,392.4704,392.462,392.4535,392.4451,392.4366,392.4282,392.4198,392.4113,392.4029,392.3944,392.3859,392.3775,392.369,392.3606,392.3521,392.3437,392.3352,392.3268,392.3183,392.3098,392.3014,392.2929,392.2845,392.276,392.2675,392.2591,392.2506,392.2421,392.2337,392.2252,392.2167,392.2083,392.1998,392.1913,392.1829,392.1744,392.1659,392.1574,392.149,392.1405,392.132,392.1235,392.1151,392.1066,392.0981,392.0896,392.0811,392.0727,392.0642,392.0557,392.0472,392.0387,392.0302,392.0218,392.0133,392.0048,391.9963,391.9878,391.9793,391.9708,391.9623,391.9538,391.9454,391.9369,391.9284,391.9199,391.9114,391.9029,391.8944,391.8859,391.8774,391.8689,391.8604,391.8519,391.8434,391.8349,391.8264,391.8179,391.8094,391.8009,391.7838,391.6987
520.0,396.9817,396.9002,396.8187,396.737,396.6552,396.5734,396.4915,396.4094,396.3273,396.2451,396.1628,396.0804,395.9979,395.9154,395.8327,395.75,395.6672,395.5842,395.5012,395.4181,395.335,395.2517,395.1684,395.0849,395.0014,394.9178,394.8509,394.8425,394.8342,394.8258,394.8174,394.809,394.8007,394.7923,394.7839,394.7755,394.7672,394.7588,394.7504,394.742,394.7336,394.7253,394.7169,394.7085,394.7001,394.6917,394.6833,394.6749,394.6666,394.6582,394.6498,394.6414,394.633,394.6246,394.6162,394.6078,394.5994,394.591,394.5826,394.5742,394.5658,394.5574,394.549,394.5406,394.5322,394.5238,394.5154,394.507,394.4986,394.4902,394.4818,394.4734,394.465,394.4566,394.4482,394.4398,394.4314,394.423,394.4145,394.4061,394.3977,394.3893,394.3809,394.3725,394.3641,394.3556,394.3472,394.3388,394.3304,394.322,394.3135,394.3051,394.2967,394.2883,394.2798,394.2714,394.263,394.2546,394.2461,394.2377,394.2293,394.2209,394.2124,394.204,394.1956,394.1871,394.1787,394.1618,394.0774
530.0,399.3315,399.2509,399.1701,399.0892,399.0083,398.9273,398.8461,398.7649,398.6836,398.6021,398.5206,398.439,398.3573,398.2755,398.1937,398.1117,398.0296,397.9475,397.8653,397.7829,397.7005,397.618,397.5354,397.4528,397.37,397.2872,397.2208,397.2125,397.2042,397.1959,397.1876,397.1793,397.171,397.1627,397.1544,397.1461,397.1378,397.1295,397.1212,397.1129,397.1046,397.0963,397.088,397.0797,397.0714,397.063,397.0547,397.0464,397.0381,397.0298,397.0215,397.0132,397.0048,396.9965,396.9882,396.9799,396.9716,396.9632,396.9549,396.9466,396.9383,396.93,396.9216,396.9133,396.905,396.8966,396.8883,396.88,396.8717,396.8633,396.855,396.8467,396.8383,396.83,396.8217,396.8133,396.805,396.7966,396.7883,396.78,396.7716,396.7633,396.7549,396.7466,396.7383,396.7299,396.7216,396.7132,396.7049,396.6965,396.6882,396.6798,396.6715,396.6631,396.6548,396.6464,396.6381,396.6297,396.6214,396.613,396.6047,396.5963,396.5879,396.5796,396.5712,396.5629,396.5545,396.5378,396.4541
540.0,401.6789,401.599,401.5191,401.4391,401.3589,401.2787,401.1984,401.118,401.0374,400.9568,400.8761,400.7953,400.7144,400.6334,400.5523,400.4711,400.3899,400.3085,400.227,400.1455,400.0638,399.9821,399.9003,399.8184,399.7364,399.6543,399.5886,399.5803,399.5721,399.5639,399.5557,399.5475,399.5392,399.531,399.5228,399.5146,399.5063,399.4981,399.4899,399.4816,399.4734,399.4652,399.4569,399.4487,399.4405,399.4322,399.424,399.4158,399.4075,399.3993,399.391,399.3828,399.3746,399.3663,399.3581,399.3498,399.3416,399.3333,399.3251,399.3168,399.3086,399.3003,399.2921,399.2838,399.2756,399.2673,399.2591,399.2508,399.2426,399.2343,399.226,399.2178,399.2095,399.2013,399.193,399.1847,399.1765,399.1682,399.16,399.1517,399.1434,399.1352,399.1269,399.1186,399.1104,399.1021,399.0938,399.0855,399.0773,399.069,399.0607,399.0524,399.0442,399.0359,399.0276,399.0193,399.0111,399.0028,398.9945,398.9862,398.9779,398.9696,398.9614,398.9531,398.9448,398.9365,398.9282,398.9116,398.8287
550.0,404.0237,403.9447,403.8656,403.7864,403.7071,403.6277,403.5482,403.4686,403.3889,403.3091,403.2292,403.1492,403.0691,402.9889,402.9086,402.8282,402.7477,402.6672,402.5865,402.5057,402.4249,402.3439,402.2629,402.1817,402.1005,402.0192,401.9541,401.9459,401.9378,401.9297,401.9215,401.9134,401.9052,401.8971,401.8889,401.8808,401.8726,401.8645,401.8563,401.8481,401.84,401.8318,401.8237,401.8155,401.8074,401.7992,401.791,401.7829,401.7747,401.7666,401.7584,401.7502,401.7421,401.7339,401.7257,401.7176,401.7094,401.7012,401.693,401.6849,401.6767,401.6685,401.6603,401.6522,401.644,401.6358,401.6276,401.6195,401.6113,401.6031,401.5949,401.5867,401.5786,401.5704,401.5622,401.554,401.5458,401.5376,401.5294,401.5212,401.513,401.5049,401.4967,401.4885,401.4803,401.4721,401.4639,401.4557,401.4475,401.4393,401.4311,401.4229,401.4147,401.4065,401.3983,401.3901,401.3819,401.3737,401.3655,401.3573,401.349,401.3408,401.3326,401.3244,401.3162,401.308,401.2998,401.2834,401.2012
560.0,406.3659,406.2877,406.2095,406.1311,406.0527,405.9741,405.8955,405.8167,405.7378,405.6588,405.5798,405.5006,405.4213,405.3419,405.2625,405.1829,405.1032,405.0234,404.9436,404.8636,404.7835,404.7034,404.6231,404.5428,404.4623,404.3818,404.3173,404.3092,404.3012,404.2931,404.285,404.277,404.2689,404.2608,404.2528,404.2447,404.2366,404.2285,404.2205,404.2124,404.2043,404.1962,404.1881,404.1801,404.172,404.1639,404.1558,404.1477,404.1396,404.1316,404.1235,404.1154,404.1073,404.0992,404.0911,404.083,404.0749,404.0668,404.0587,404.0506,404.0426,404.0345,404.0264,404.0183,404.0102,404.0021,403.994,403.9859,403.9778,403.9696,403.9615,403.9534,403.9453,403.9372,403.9291,403.921,403.9129,403.9048,403.8967,403.8886,403.8804,403.8723,403.8642,403.8561,403.848,403.8399,403.8317,403.8236,403.8155,403.8074,403.7992,403.7911,403.783,403.7749,403.7667,403.7586,403.7505,403.7424,403.7342,403.7261,403.718,403.7098,403.7017,403.6936,403.6854,403.6773,403.6691,403.6529,403.5714
570.0,408.7054,408.6281,408.5507,408.4733,408.3957,408.3179,408.2401,408.1622,408.0842,408.006,407.9278,407.8495,407.771,407.6925,407.6138,407.5351,407.4562,407.3772,407.2982,407.219,407.1398,407.0604,406.981,406.9014,406.8218,406.742,406.6782,406.6702,406.6622,406.6542,406.6462,406.6382,406.6302,406.6223,406.6143,406.6063,406.5983,406.5903,406.5823,406.5743,406.5663,406.5583,406.5503,406.5423,406.5343,406.5263,406.5183,406.5103,406.5022,406.4942,406.4862,406.4782,406.4702,406.4622,406.4542,406.4462,406.4382,406.4301,406.4221,406.4141,406.4061,406.3981,406.3901,406.382,406.374,406.366,406.358,406.3499,406.3419,406.3339,406.3259,406.3178,406.3098,406.3018,406.2937,406.2857,406.2777,406.2696,406.2616,406.2536,406.2455,406.2375,406.2295,406.2214,406.2134,406.2053,406.1973,406.1892,406.1812,406.1732,406.1651,406.1571,406.149,406.141,406.1329,406.1249,406.1168,406.1088,406.1007,406.0927,406.0846,406.0765,406.0685,406.0604,406.0524,406.0443,406.0362,406.0201,405.9394
580.0,411.0422,410.9658,410.8893,410.8126,410.7359,410.6591,410.5821,410.505,410.4279,410.3506,410.2732,410.1957,410.1181,410.0404,409.9626,409.8847,409.8067,409.7285,409.6503,409.572,409.4935,409.415,409.3364,409.2576,409.1788,409.0998,409.0366,409.0287,409.0208,409.0129,409.005,408.9971,408.9892,408.9813,408.9733,408.9654,408.9575,408.9496,408.9417,408.9338,408.9258,408.9179,408.91,408.9021,408.8942,408.8862,408.8783,408.8704,408.8625,408.8545,408.8466,408.8387,408.8307,408.8228,408.8149,408.8069,408.799,408.7911,408.7831,408.7752,408.7672,408.7593,408.7514,408.7434,408.7355,408.7275,408.7196,408.7116,408.7037,408.6958,408.6878,408.6799,408.6719,408.664,408.656,408.648,408.6401,408.6321,408.6242,408.6162,408.6083,408.6003,408.5923,408.5844,408.5764,408.5685,408.5605,408.5525,408.5446,408.5366,408.5286,408.5207,408.5127,408.5047,408.4967,408.4888,408.4808,408.4728,408.4649,408.4569,408.4489,408.4409,408.4329,408.425,408.417,408.409,408.401,408.385,408.3051
590.0,413.3761,413.3006,413.2249,413.1492,413.0734,412.9974,412.9213,412.8452,412.7689,412.6924,412.6159,412.5393,412.4625,412.3857,412.3087,412.2317,412.1545,412.0772,411.9998,411.9223,411.8447,411.767,411.6892,411.6113,411.5333,411.4552,411.3926,411.3848,411.3769,411.3691,411.3613,411.3534,411.3456,411.3378,411.33,411.3221,411.3143,411.3065,411.2986,411.2908,411.2829,411.2751,411.2673,411.2594,411.2516,411.2437,411.2359,411.228,411.2202,411.2123,411.2045,411.1966,411.1888,411.1809,411.1731,411.1652,411.1574,411.1495,411.1417,411.1338,411.126,411.1181,411.1102,411.1024,411.0945,411.0866,411.0788,411.0709,411.0631,411.0552,411.0473,411.0394,411.0316,411.0237,411.0158,411.008,411.0001,410.9922,410.9843,410.9765,410.9686,410.9607,410.9528,410.9449,410.9371,410.9292,410.9213,410.9134,410.9055,410.8976,410.8897,410.8818,410.874,410.8661,410.8582,410.8503,410.8424,410.8345,410.8266,410.8187,410.8108,410.8029,410.795,410.7871,410.7792,410.7713,410.7634,410.7476,410.6685
600.0,415.707,415.6324,415.5577,415.4829,415.408,415.3329,415.2577,415.1824,415.107,415.0315,414.9559,414.8801,414.8042,414.7282,414.6522,414.5759,414.4996,414.4232,414.3467,414.27,414.1933,414.1164,414.0394,413.9624,413.8852,413.8079,413.746,413.7382,413.7305,413.7228,413.715,413.7073,413.6995,413.6918,413.684,413.6763,413.6685,413.6608,413.653,413.6452,413.6375,413.6297,413.622,413.6142,413.6065,413.5987,413.5909,413.5832,413.5754,413.5676,413.5599,413.5521,413.5443,413.5366,413.5288,413.521,413.5133,413.5055,413.4977,413.4899,413.4822,413.4744,413.4666,413.4588,413.451,413.4433,413.4355,413.4277,413.4199,413.4121,413.4043,413.3965,413.3887,413.381,413.3732,413.3654,413.3576,413.3498,413.342,413.3342,413.3264,413.3186,413.3108,413.303,413.2952,413.2874,413.2796,413.2718,413.264,413.2562,413.2484,413.2406,413.2328,413.2249,413.2171,413.2093,413.2015,413.1937,413.1859,413.1781,413.1702,413.1624,413.1546,413.1468,413.139,413.1311,413.1233,413.1077,413.0294
610.0,418.035,417.9613,417.8875,417.8136,417.7396,417.6655,417.5912,417.5168,417.4423,417.3677,417.2929,417.2181,417.1431,417.068,416.9928,416.9174,416.842,416.7665,416.6908,416.615,416.5391,416.4631,416.387,416.3108,416.2344,416.158,416.0968,416.0891,416.0814,416.0738,416.0661,416.0585,416.0508,416.0431,416.0355,416.0278,416.0201,416.0125,416.0048,415.9971,415.9894,415.9818,415.9741,415.9664,415.9587,415.9511,415.9434,415.9357,415.928,415.9203,415.9127,415.905,415.8973,415.8896,415.8819,415.8742,415.8665,415.8588,415.8512,415.8435,415.8358,415.8281,415.8204,415.8127,415.805,415.7973,415.7896,415.7819,415.7742,415.7665,415.7588,415.7511,415.7434,415.7356,415.7279,415.7202,415.7125,415.7048,415.6971,415.6894,415.6817,415.674,415.6662,415.6585,415.6508,415.6431,415.6354,415.6276,415.6199,415.6122,415.6045,415.5967,415.589,415.5813,415.5735,415.5658,415.5581,415.5504,415.5426,415.5349,415.5272,415.5194,415.5117,415.5039,415.4962,415.4885,415.4807,415.4652,415.3877
620.0,420.3598,420.2871,420.2143,420.1413,420.0682,419.995,419.9217,419.8482,419.7746,419.7009,419.6271,419.5531,419.479,419.4048,419.3305,419.2561,419.1815,419.1069,419.0321,418.9572,418.8822,418.807,418.7318,418.6564,418.581,418.5054,418.4448,418.4373,418.4297,418.4221,418.4145,418.407,418.3994,418.3918,418.3842,418.3766,418.3691,418.3615,418.3539,418.3463,418.3387,418.3311,418.3235,418.3159,418.3083,418.3008,418.2932,418.2856,418.278,418.2704,418.2628,418.2552,418.2476,418.24,418.2324,418.2248,418.2172,418.2096,418.2019,418.1943,418.1867,418.1791,418.1715,418.1639,418.1563,418.1487,418.141,418.1334,418.1258,418.1182,418.1106,418.103,418.0953,418.0877,418.0801,418.0725,418.0648,418.0572,418.0496,418.0419,418.0343,418.0267,418.019,418.0114,418.0038,417.9961,417.9885,417.9809,417.9732,417.9656,417.9579,417.9503,417.9427,417.935,417.9274,417.9197,417.9121,417.9044,417.8968,417.8891,417.8815,417.8738,417.8662,417.8585,417.8508,417.8432,417.8355,417.8202,417.7435
630.0,422.6815,422.6098,422.5379,422.4659,422.3937,422.3215,422.2491,422.1765,422.1039,422.0311,421.9582,421.8852,421.812,421.7387,421.6653,421.5918,421.5182,421.4444,421.3705,421.2965,421.2224,421.1481,421.0738,420.9993,420.9247,420.85,420.7901,420.7827,420.7752,420.7677,420.7602,420.7527,420.7452,420.7377,420.7302,420.7227,420.7152,420.7077,420.7002,420.6927,420.6852,420.6777,420.6702,420.6627,420.6552,420.6477,420.6402,420.6327,420.6252,420.6177,420.6102,420.6026,420.5951,420.5876,420.5801,420.5726,420.5651,420.5575,420.55,420.5425,420.535,420.5274,420.5199,420.5124,420.5049,420.4973,420.4898,420.4823,420.4747,420.4672,420.4597,420.4521,420.4446,420.4371,420.4295,420.422,420.4144,420.4069,420.3994,420.3918,420.3843,420.3767,420.3692,420.3616,420.3541,420.3465,420.339,420.3314,420.3239,420.3163,420.3087,420.3012,420.2936,420.2861,420.2785,420.2709,420.2634,420.2558,420.2482,420.2407,420.2331,420.2255,420.218,420.2104,420.2028,420.1953,420.1877,420.1725,420.0967
640.0,424.9999,424.9291,424.8582,424.7872,424.716,424.6447,424.5733,424.5017,424.43,424.3582,424.2862,424.2141,424.1419,424.0696,423.9971,423.9245,423.8518,423.7789,423.706,423.6329,423.5596,423.4863,423.4128,423.3393,423.2656,423.1917,423.1326,423.1252,423.1178,423.1104,423.103,423.0956,423.0882,423.0808,423.0734,423.066,423.0586,423.0512,423.0438,423.0363,423.0289,423.0215,423.0141,423.0067,422.9993,422.9918,422.9844,422.977,422.9696,422.9622,422.9547,422.9473,422.9399,422.9325,422.925,422.9176,422.9102,422.9027,422.8953,422.8879,422.8804,422.873,422.8655,422.8581,422.8507,422.8432,422.8358,422.8283,422.8209,422.8134,422.806,422.7985,422.7911,422.7836,422.7762,422.7687,422.7613,422.7538,422.7464,422.7389,422.7315,422.724,422.7165,422.7091,422.7016,422.6941,422.6867,422.6792,422.6717,422.6643,422.6568,422.6493,422.6419,422.6344,422.6269,422.6194,422.612,422.6045,422.597,422.5895,422.582,422.5745,422.5671,422.5596,422.5521,422.5446,422.5371,422.5221,422.4472
650.0,427.3149,427.2452,427.1753,427.1052,427.035,426.9647,426.8943,426.8237,426.7529,426.6821,426.6111,426.5399,426.4687,426.3973,426.3258,426.2541,426.1823,426.1104,426.0384,425.9662,425.8939,425.8215,425.7489,425.6763,425.6035,425.5306,425.4721,425.4648,425.4575,425.4502,425.4429,425.4356,425.4283,425.421,425.4137,425.4063,425.399,425.3917,425.3844,425.3771,425.3697,425.3624,425.3551,425.3477,425.3404,425.3331,425.3258,425.3184,425.3111,425.3038,425.2964,425.2891,425.2818,425.2744,425.2671,425.2597,425.2524,425.245,425.2377,425.2304,425.223,425.2157,425.2083,425.201,425.1936,425.1862,425.1789,425.1715,425.1642,425.1568,425.1495,425.1421,425.1347,425.1274,425.12,425.1127,425.1053,425.0979,425.0905,425.0832,425.0758,425.0684,425.0611,425.0537,425.0463,425.0389,425.0316,425.0242,425.0168,425.0094,425.002,424.9946,424.9873,424.9799,424.9725,424.9651,424.9577,424.9503,424.9429,424.9355,424.9281,424.9207,424.9133,424.9059,424.8985,424.8911,424.8837,424.8689,424.7948
660.0,429.6265,429.5577,429.4889,429.4198,429.3507,429.2813,429.2119,429.1423,429.0725,429.0027,428.9327,428.8625,428.7922,428.7218,428.6512,428.5805,428.5097,428.4387,428.3676,428.2964,428.2251,428.1536,428.082,428.0102,427.9384,427.8664,427.8087,427.8015,427.7943,427.787,427.7798,427.7726,427.7654,427.7582,427.7509,427.7437,427.7365,427.7292,427.722,427.7148,427.7076,427.7003,427.6931,427.6858,427.6786,427.6714,427.6641,427.6569,427.6496,427.6424,427.6352,427.6279,427.6207,427.6134,427.6062,427.5989,427.5917,427.5844,427.5772,427.5699,427.5626,427.5554,427.5481,427.5409,427.5336,427.5263,427.5191,427.5118,427.5045,427.4973,427.49,427.4827,427.4755,427.4682,427.4609,427.4536,427.4464,427.4391,427.4318,427.4245,427.4172,427.41,427.4027,427.3954,427.3881,427.3808,427.3735,427.3662,427.359,427.3517,427.3444,427.3371,427.3298,427.3225,427.3152,427.3079,427.3006,427.2933,427.286,427.2787,427.2714,427.2641,427.2568,427.2494,427.2421,427.2348,427.2275,427.2129,427.1397
670.0,431.9345,431.8668,431.7989,431.7309,431.6628,431.5945,431.5261,431.4575,431.3888,431.3199,431.2509,431.1817,431.1124,431.043,430.9734,430.9037,430.8338,430.7638,430.6937,430.6235,430.5531,430.4825,430.4119,430.3411,430.2702,430.1991,430.1422,430.135,430.1279,430.1208,430.1137,430.1065,430.0994,430.0923,430.0851,430.078,430.0709,430.0637,430.0566,430.0495,430.0423,430.0352,430.028,430.0209,430.0138,430.0066,429.9995,429.9923,429.9852,429.978,429.9709,429.9637,429.9566,429.9494,429.9422,429.9351,429.9279,429.9208,429.9136,429.9064,429.8993,429.8921,429.8849,429.8778,429.8706,429.8634,429.8563,429.8491,429.8419,429.8347,429.8276,429.8204,429.8132,429.806,429.7988,429.7916,429.7845,429.7773,429.7701,429.7629,429.7557,429.7485,429.7413,429.7341,429.7269,429.7197,429.7125,429.7053,429.6981,429.6909,429.6837,429.6765,429.6693,429.6621,429.6549,429.6477,429.6405,429.6333,429.6261,429.6189,429.6116,429.6044,429.5972,429.59,429.5828,429.5755,429.5683,429.5539,429.4816
680.0,434.2388,434.1722,434.1054,434.0385,433.9714,433.9041,433.8367,433.7692,433.7015,433.6336,433.5656,433.4975,433.4292,433.3608,433.2922,433.2235,433.1546,433.0856,433.0165,432.9472,432.8778,432.8082,432.7385,432.6687,432.5988,432.5287,432.4725,432.4655,432.4584,432.4514,432.4444,432.4373,432.4303,432.4233,432.4162,432.4092,432.4021,432.3951,432.3881,432.381,432.374,432.3669,432.3599,432.3528,432.3458,432.3387,432.3317,432.3246,432.3176,432.3105,432.3034,432.2964,432.2893,432.2823,432.2752,432.2681,432.2611,432.254,432.2469,432.2399,432.2328,432.2257,432.2186,432.2116,432.2045,432.1974,432.1903,432.1833,432.1762,432.1691,432.162,432.1549,432.1478,432.1408,432.1337,432.1266,432.1195,432.1124,432.1053,432.0982,432.0911,432.084,432.0769,432.0698,432.0627,432.0556,432.0485,432.0414,432.0343,432.0272,432.0201,432.0129,432.0058,431.9987,431.9916,431.9845,431.9774,431.9703,431.9631,431.956,431.9489,431.9418,431.9346,431.9275,431.9204,431.9133,431.9061,431.8919,431.8205
690.0,436.5394,436.4739,436.4082,436.3423,436.2763,436.2101,436.1438,436.0773,436.0106,435.9438,435.8769,435.8098,435.7425,435.6751,435.6076,435.5399,435.472,435.404,435.3359,435.2676,435.1992,435.1306,435.0619,434.9931,434.9241,434.855,434.7996,434.7926,434.7857,434.7788,434.7718,434.7649,434.758,434.751,434.7441,434.7371,434.7302,434.7232,434.7163,434.7094,434.7024,434.6955,434.6885,434.6815,434.6746,434.6676,434.6607,434.6537,434.6468,434.6398,434.6328,434.6259,434.6189,434.6119,434.605,434.598,434.591,434.5841,434.5771,434.5701,434.5631,434.5562,434.5492,434.5422,434.5352,434.5282,434.5213,434.5143,434.5073,434.5003,434.4933,434.4863,434.4793,434.4723,434.4653,434.4583,434.4514,434.4444,434.4374,434.4304,434.4233,434.4163,434.4093,434.4023,434.3953,434.3883,434.3813,434.3743,434.3673,434.3603,434.3533,434.3462,434.3392,434.3322,434.3252,434.3182,434.3111,434.3041,434.2971,434.2901,434.283,434.276,434.269,434.2619,434.2549,434.2479,434.2408,434.2267,434.1563
700.0,438.8362,438.7717,438.7071,438.6424,438.5774,438.5123,438.4471,438.3817,438.3161,438.2504,438.1845,438.1184,438.0522,437.9859,437.9194,437.8527,437.7859,437.7189,437.6518,437.5845,437.5171,437.4496,437.3819,437.314,437.2461,437.1779,437.1233,437.1165,437.1097,437.1028,437.096,437.0891,437.0823,437.0755,437.0686,437.0618,437.0549,437.0481,437.0412,437.0344,437.0275,437.0207,437.0138,437.007,437.0001,436.9933,436.9864,436.9795,436.9727,436.9658,436.959,436.9521,436.9452,436.9384,436.9315,436.9246,436.9177,436.9109,436.904,436.8971,436.8902,436.8834,436.8765,436.8696,436.8627,436.8558,436.8489,436.842,436.8352,436.8283,436.8214,436.8145,436.8076,436.8007,436.7938,436.7869,436.78,436.7731,436.7662,436.7593,436.7524,436.7455,436.7386,436.7317,436.7247,436.7178,436.7109,436.704,436.6971,436.6902,436.6832,436.6763,436.6694,436.6625,436.6556,436.6486,436.6417,436.6348,436.6278,436.6209,436.614,436.607,436.6001,436.5932,436.5862,436.5793,436.5723,436.5585,436.4889
710.0,441.129,441.0657,441.0022,440.9385,440.8747,440.8107,440.7466,440.6823,440.6178,440.5531,440.4883,440.4234,440.3582,440.2929,440.2275,440.1619,440.0961,440.0302,439.9642,439.8979,439.8316,439.7651,439.6984,439.6316,439.5646,439.4975,439.4437,439.4369,439.4302,439.4235,439.4167,439.41,439.4033,439.3965,439.3898,439.383,439.3763,439.3695,439.3628,439.356,439.3493,439.3425,439.3358,439.329,439.3223,439.3155,439.3088,439.302,439.2952,439.2885,439.2817,439.2749,439.2682,439.2614,439.2546,439.2479,439.2411,439.2343,439.2275,439.2208,439.214,439.2072,439.2004,439.1936,439.1868,439.1801,439.1733,439.1665,439.1597,439.1529,439.1461,439.1393,439.1325,439.1257,439.1189,439.1121,439.1053,439.0985,439.0917,439.0849,439.0781,439.0713,439.0645,439.0577,439.0509,439.044,439.0372,439.0304,439.0236,439.0168,439.0099,439.0031,438.9963,438.9895,438.9826,438.9758,438.969,438.9622,438.9553,438.9485,438.9417,438.9348,438.928,438.9211,438.9143,438.9075,438.9006,438.8869,438.8184
720.0,443.4177,443.3555,443.2932,443.2307,443.168,443.1052,443.0422,442.979,442.9156,442.8521,442.7884,442.7245,442.6605,442.5963,442.5319,442.4674,442.4027,442.3379,442.2729,442.2077,442.1424,442.0769,442.0113,441.9455,441.8796,441.8135,441.7605,441.7539,441.7473,441.7406,441.734,441.7274,441.7207,441.7141,441.7074,441.7008,441.6942,441.6875,441.6809,441.6742,441.6676,441.6609,441.6543,441.6476,441.641,441.6343,441.6277,441.621,441.6143,441.6077,441.601,441.5943,441.5877,441.581,441.5743,441.5677,441.561,441.5543,441.5477,441.541,441.5343,441.5276,441.5209,441.5143,441.5076,441.5009,441.4942,441.4875,441.4808,441.4741,441.4674,441.4607,441.454,441.4473,441.4407,441.4339,441.4272,441.4205,441.4138,441.4071,441.4004,441.3937,441.387,441.3803,441.3736,441.3669,441.3602,441.3534,441.3467,441.34,441.3333,441.3266,441.3198,441.3131,441.3064,441.2996,441.2929,441.2862,441.2794,441.2727,441.266,441.2592,441.2525,441.2458,441.239,441.2323,441.2255,441.212,441.1445
730.0,445.7022,445.6413,445.5801,445.5188,445.4573,445.3956,445.3337,445.2717,445.2094,445.147,445.0845,445.0217,444.9588,444.8957,444.8325,444.7691,444.7055,444.6417,444.5778,444.5137,444.4495,444.3851,444.3206,444.2558,444.191,444.1259,444.0738,444.0673,444.0607,444.0542,444.0477,444.0411,444.0346,444.0281,444.0215,444.015,444.0085,444.0019,443.9954,443.9889,443.9823,443.9758,443.9692,443.9627,443.9561,443.9496,443.943,443.9365,443.9299,443.9233,443.9168,443.9102,443.9037,443.8971,443.8905,443.884,443.8774,443.8708,443.8642,443.8577,443.8511,443.8445,443.8379,443.8314,443.8248,443.8182,443.8116,443.805,443.7984,443.7919,443.7853,443.7787,443.7721,443.7655,443.7589,443.7523,443.7457,443.7391,443.7325,443.7259,443.7193,443.7127,443.7061,443.6995,443.6928,443.6862,443.6796,443.673,443.6664,443.6598,443.6531,443.6465,443.6399,443.6333,443.6267,443.62,443.6134,443.6068,443.6001,443.5935,443.5869,443.5802,443.5736,443.567,443.5603,443.5537,443.547,443.5337,443.4672
740.0,447.9825,447.9227,447.8628,447.8026,447.7423,447.6818,447.6211,447.5602,447.4992,447.4379,447.3765,447.3149,447.2532,447.1912,447.1291,447.0668,447.0044,446.9417,446.8789,446.816,446.7528,446.6895,446.626,446.5624,446.4986,446.4347,446.3834,446.377,446.3705,446.3641,446.3577,446.3513,446.3448,446.3384,446.332,446.3256,446.3191,446.3127,446.3063,446.2998,446.2934,446.2869,446.2805,446.2741,446.2676,446.2612,446.2547,446.2483,446.2418,446.2354,446.2289,446.2225,446.216,446.2095,446.2031,446.1966,446.1902,446.1837,446.1772,446.1708,446.1643,446.1578,446.1513,446.1449,446.1384,446.1319,446.1254,446.119,446.1125,446.106,446.0995,446.093,446.0865,446.08,446.0736,446.0671,446.0606,446.0541,446.0476,446.0411,446.0346,446.0281,446.0216,446.0151,446.0086,446.002,445.9955,445.989,445.9825,445.976,445.9695,445.963,445.9564,445.9499,445.9434,445.9369,445.9303,445.9238,445.9173,445.9108,445.9042,445.8977,445.8912,445.8846,445.8781,445.8715,445.865,445.8519,445.7864
750.0,450.2583,450.1998,450.1411,450.0822,450.0231,449.9638,449.9043,449.8446,449.7847,449.7247,449.6645,449.604,449.5434,449.4827,449.4217,449.3606,449.2992,449.2377,449.1761,449.1142,449.0522,448.99,448.9277,448.8652,448.8025,448.7396,448.6892,448.6829,448.6766,448.6703,448.664,448.6576,448.6513,448.645,448.6387,448.6324,448.626,448.6197,448.6134,448.6071,448.6007,448.5944,448.5881,448.5817,448.5754,448.5691,448.5627,448.5564,448.55,448.5437,448.5373,448.531,448.5246,448.5183,448.5119,448.5056,448.4992,448.4929,448.4865,448.4802,448.4738,448.4674,448.4611,448.4547,448.4483,448.442,448.4356,448.4292,448.4228,448.4165,448.4101,448.4037,448.3973,448.3909,448.3845,448.3782,448.3718,448.3654,448.359,448.3526,448.3462,448.3398,448.3334,448.327,448.3206,448.3142,448.3078,448.3014,448.295,448.2886,448.2822,448.2758,448.2693,448.2629,448.2565,448.2501,448.2437,448.2373,448.2308,448.2244,448.218,448.2116,448.2051,448.1987,448.1923,448.1858,448.1794,448.1665,448.102
760.0,452.5296,452.4724,452.4149,452.3573,452.2994,452.2413,452.1831,452.1246,452.066,452.0072,451.9481,451.8889,451.8295,451.7699,451.7101,451.6502,451.59,451.5297,451.4692,451.4085,451.3476,451.2866,451.2254,451.164,451.1024,451.0407,450.9911,450.985,450.9788,450.9726,450.9663,450.9601,450.9539,450.9477,450.9415,450.9353,450.9291,450.9229,450.9167,450.9105,450.9042,450.898,450.8918,450.8856,450.8793,450.8731,450.8669,450.8606,450.8544,450.8482,450.8419,450.8357,450.8295,450.8232,450.817,450.8107,450.8045,450.7982,450.792,450.7857,450.7795,450.7732,450.767,450.7607,450.7545,450.7482,450.7419,450.7357,450.7294,450.7231,450.7169,450.7106,450.7043,450.6981,450.6918,450.6855,450.6792,450.6729,450.6667,450.6604,450.6541,450.6478,450.6415,450.6352,450.6289,450.6226,450.6163,450.61,450.6037,450.5974,450.5911,450.5848,450.5785,450.5722,450.5659,450.5596,450.5533,450.547,450.5407,450.5343,450.528,450.5217,450.5154,450.5091,450.5027,450.4964,450.4901,450.4774,450.414
770.0,454.7963,454.7404,454.6842,454.6278,454.5712,454.5144,454.4574,454.4002,454.3428,454.2852,454.2274,454.1695,454.1113,454.0529,453.9943,453.9356,453.8766,453.8175,453.7581,453.6986,453.6389,453.5791,453.519,453.4588,453.3983,453.3377,453.2891,453.2831,453.277,453.2709,453.2648,453.2587,453.2526,453.2465,453.2404,453.2343,453.2282,453.2221,453.216,453.2099,453.2038,453.1977,453.1916,453.1855,453.1794,453.1732,453.1671,453.161,453.1549,453.1488,453.1426,453.1365,453.1304,453.1243,453.1181,453.112,453.1059,453.0997,453.0936,453.0875,453.0813,453.0752,453.069,453.0629,453.0567,453.0506,453.0444,453.0383,453.0321,453.026,453.0198,453.0136,453.0075,453.0013,452.9952,452.989,452.9828,452.9767,452.9705,452.9643,452.9581,452.952,452.9458,452.9396,452.9334,452.9272,452.921,452.9149,452.9087,452.9025,452.8963,452.8901,452.8839,452.8777,452.8715,452.8653,452.8591,452.8529,452.8467,452.8405,452.8343,452.8281,452.8218,452.8156,452.8094,452.8032,452.797,452.7845,452.7222
780.0,457.0583,457.0036,456.9488,456.8937,456.8384,456.7829,456.7272,456.6713,456.6151,456.5588,456.5023,456.4455,456.3886,456.3315,456.2741,456.2166,456.1589,456.1009,456.0428,455.9845,455.926,455.8673,455.8085,455.7494,455.6902,455.6307,455.5831,455.5771,455.5711,455.5651,455.5592,455.5532,455.5472,455.5412,455.5353,455.5293,455.5233,455.5173,455.5113,455.5053,455.4993,455.4934,455.4874,455.4814,455.4754,455.4694,455.4634,455.4574,455.4513,455.4453,455.4393,455.4333,455.4273,455.4213,455.4153,455.4093,455.4032,455.3972,455.3912,455.3852,455.3791,455.3731,455.3671,455.3611,455.355,455.349,455.3429,455.3369,455.3309,455.3248,455.3188,455.3127,455.3067,455.3006,455.2946,455.2885,455.2825,455.2764,455.2704,455.2643,455.2582,455.2522,455.2461,455.24,455.234,455.2279,455.2218,455.2157,455.2097,455.2036,455.1975,455.1914,455.1854,455.1793,455.1732,455.1671,455.161,455.1549,455.1488,455.1427,455.1366,455.1305,455.1244,455.1183,455.1122,455.1061,455.1,455.0878,455.0266
790.0,459.3153,459.262,459.2085,459.1548,459.1008,459.0466,458.9922,458.9376,458.8828,458.8278,458.7725,458.7171,458.6614,458.6055,458.5495,458.4932,458.4367,458.38,458.3232,458.2661,458.2088,458.1513,458.0937,458.0358,457.9778,457.9195,457.8728,457.867,457.8611,457.8553,457.8494,457.8435,457.8377,457.8318,457.826,457.8201,457.8142,457.8084,457.8025,457.7966,457.7907,457.7849,457.779,457.7731,457.7672,457.7614,457.7555,457.7496,457.7437,457.7378,457.7319,457.726,457.7201,457.7142,457.7083,457.7024,457.6965,457.6906,457.6847,457.6788,457.6729,457.667,457.6611,457.6551,457.6492,457.6433,457.6374,457.6315,457.6255,457.6196,457.6137,457.6078,457.6018,457.5959,457.59,457.584,457.5781,457.5721,457.5662,457.5602,457.5543,457.5484,457.5424,457.5364,457.5305,457.5245,457.5186,457.5126,457.5067,457.5007,457.4947,457.4888,457.4828,457.4768,457.4709,457.4649,457.4589,457.4529,457.447,457.441,457.435,457.429,457.423,457.417,457.411,457.405,457.3991,457.3871,457.327
800.0,461.5673,461.5154,461.4633,461.4109,461.3583,461.3055,461.2525,461.1992,461.1457,461.092,461.0381,460.9839,460.9296,460.875,460.8202,460.7652,460.71,460.6546,460.599,460.5432,460.4872,460.4309,460.3745,460.3179,460.2611,460.204,460.1583,460.1526,460.1468,460.1411,460.1354,460.1296,460.1239,460.1181,460.1124,460.1067,460.1009,460.0952,460.0894,460.0837,460.0779,460.0722,460.0664,460.0606,460.0549,460.0491,460.0434,460.0376,460.0318,460.0261,460.0203,460.0145,460.0087,460.003,459.9972,459.9914,459.9856,459.9798,459.974,459.9682,459.9625,459.9567,459.9509,459.9451,459.9393,459.9335,459.9277,459.9219,459.9161,459.9102,459.9044,459.8986,459.8928,459.887,459.8812,459.8754,459.8695,459.8637,459.8579,459.8521,459.8462,459.8404,459.8346,459.8287,459.8229,459.8171,459.8112,459.8054,459.7995,459.7937,459.7878,459.782,459.7761,459.7703,459.7644,459.7586,459.7527,459.7469,459.741,459.7351,459.7293,459.7234,459.7175,459.7117,459.7058,459.6999,459.694,459.6823,459.6234
810.0,463.8142,463.7637,463.713,463.662,463.6108,463.5594,463.5077,463.4558,463.4037,463.3514,463.2988,463.246,463.193,463.1397,463.0863,463.0326,462.9787,462.9246,462.8702,462.8157,462.761,462.706,462.6509,462.5955,462.5399,462.4841,462.4394,462.4338,462.4282,462.4226,462.417,462.4113,462.4057,462.4001,462.3945,462.3889,462.3833,462.3776,462.372,462.3664,462.3607,462.3551,462.3495,462.3438,462.3382,462.3326,462.3269,462.3213,462.3156,462.31,462.3043,462.2987,462.293,462.2874,462.2817,462.2761,462.2704,462.2647,462.2591,462.2534,462.2477,462.2421,462.2364,462.2307,462.225,462.2193,462.2137,462.208,462.2023,462.1966,462.1909,462.1852,462.1795,462.1738,462.1681,462.1624,462.1567,462.151,462.1453,462.1396,462.1339,462.1282,462.1225,462.1168,462.1111,462.1053,462.0996,462.0939,462.0882,462.0825,462.0767,462.071,462.0653,462.0595,462.0538,462.0481,462.0423,462.0366,462.0308,462.0251,462.0193,462.0136,462.0078,462.0021,461.9963,461.9906,461.9848,461.9733,461.9156
820.0,466.0558,466.0067,465.9575,465.9079,465.8582,465.8082,465.7579,465.7074,465.6567,465.6057,465.5545,465.5031,465.4515,465.3996,465.3475,465.2951,465.2426,465.1898,465.1368,465.0836,465.0301,464.9765,464.9226,464.8685,464.8142,464.7597,464.716,464.7105,464.705,464.6996,464.6941,464.6886,464.6831,464.6776,464.6721,464.6666,464.6611,464.6556,464.6501,464.6446,464.6391,464.6336,464.6281,464.6226,464.6171,464.6116,464.606,464.6005,464.595,464.5895,464.584,464.5784,464.5729,464.5674,464.5618,464.5563,464.5508,464.5452,464.5397,464.5341,464.5286,464.523,464.5175,464.5119,464.5064,464.5008,464.4953,464.4897,464.4842,464.4786,464.473,464.4675,464.4619,464.4563,464.4507,464.4452,464.4396,464.434,464.4284,464.4229,464.4173,464.4117,464.4061,464.4005,464.3949,464.3893,464.3837,464.3781,464.3725,464.3669,464.3613,464.3557,464.3501,464.3445,464.3389,464.3332,464.3276,464.322,464.3164,464.3108,464.3051,464.2995,464.2939,464.2883,464.2826,464.277,464.2713,464.2601,464.2036
830.0,468.2919,468.2444,468.1966,468.1485,468.1002,468.0517,468.0029,467.9538,467.9045,467.855,467.8052,467.7552,467.7049,467.6544,467.6037,467.5528,467.5016,467.4501,467.3985,467.3466,467.2945,467.2422,467.1897,467.1369,467.0839,467.0307,466.988,466.9827,466.9773,466.9719,466.9666,466.9612,466.9559,466.9505,466.9452,466.9398,466.9344,466.9291,466.9237,466.9183,466.9129,466.9075,466.9022,466.8968,466.8914,466.886,466.8806,466.8752,466.8698,466.8644,466.859,466.8536,466.8482,466.8428,466.8374,466.832,466.8266,466.8212,466.8158,466.8104,466.805,466.7995,466.7941,466.7887,466.7833,466.7778,466.7724,466.767,466.7615,466.7561,466.7507,466.7452,466.7398,466.7343,466.7289,466.7234,466.718,466.7125,466.7071,466.7016,466.6962,466.6907,466.6852,466.6798,466.6743,466.6688,466.6634,466.6579,466.6524,466.6469,466.6414,466.636,466.6305,466.625,466.6195,466.614,466.6085,466.603,466.5975,466.592,466.5865,466.581,466.5755,466.57,466.5645,466.559,466.5535,466.5425,466.4872
840.0,470.5225,470.4765,470.4302,470.3837,470.3369,470.2898,470.2425,470.1949,470.1471,470.099,470.0507,470.0021,469.9533,469.9042,469.8549,469.8053,469.7555,469.7055,469.6553,469.6048,469.554,469.5031,469.4519,469.4005,469.3488,469.2969,469.2553,469.2501,469.2449,469.2396,469.2344,469.2292,469.224,469.2187,469.2135,469.2083,469.203,469.1978,469.1926,469.1873,469.1821,469.1768,469.1716,469.1663,469.1611,469.1558,469.1505,469.1453,469.14,469.1348,469.1295,469.1242,469.119,469.1137,469.1084,469.1031,469.0978,469.0926,469.0873,469.082,469.0767,469.0714,469.0661,469.0608,469.0555,469.0502,469.0449,469.0396,469.0343,469.029,469.0237,469.0184,469.0131,469.0078,469.0024,468.9971,468.9918,468.9865,468.9811,468.9758,468.9705,468.9652,468.9598,468.9545,468.9491,468.9438,468.9385,468.9331,468.9278,468.9224,468.9171,468.9117,468.9063,468.901,468.8956,468.8903,468.8849,468.8795,468.8742,468.8688,468.8634,468.858,468.8527,468.8473,468.8419,468.8365,468.8311,468.8204,468.7663
850.0,472.7474,472.703,472.6582,472.6132,472.568,472.5224,472.4766,472.4306,472.3842,472.3377,472.2908,472.2437,472.1963,472.1487,472.1009,472.0528,472.0044,471.9558,471.9069,471.8578,471.8085,471.7589,471.7091,471.6591,471.6088,471.5583,471.5178,471.5127,471.5076,471.5025,471.4974,471.4923,471.4872,471.4821,471.477,471.4719,471.4668,471.4617,471.4566,471.4515,471.4464,471.4413,471.4362,471.4311,471.4259,471.4208,471.4157,471.4106,471.4054,471.4003,471.3952,471.39,471.3849,471.3798,471.3746,471.3695,471.3643,471.3592,471.354,471.3489,471.3437,471.3386,471.3334,471.3282,471.3231,471.3179,471.3127,471.3076,471.3024,471.2972,471.292,471.2869,471.2817,471.2765,471.2713,471.2661,471.2609,471.2557,471.2505,471.2453,471.2401,471.2349,471.2297,471.2245,471.2193,471.2141,471.2089,471.2037,471.1985,471.1932,471.188,471.1828,471.1776,471.1723,471.1671,471.1619,471.1566,471.1514,471.1462,471.1409,471.1357,471.1304,471.1252,471.1199,471.1147,471.1094,471.1042,471.0937,471.0409
860.0,474.9664,474.9236,474.8805,474.8371,474.7934,474.7494,474.7052,474.6606,474.6158,474.5708,474.5255,474.4799,474.434,474.3879,474.3415,474.2949,474.248,474.2008,474.1534,474.1058,474.0579,474.0097,473.9613,473.9127,473.8638,473.8147,473.7753,473.7703,473.7654,473.7604,473.7555,473.7505,473.7456,473.7406,473.7357,473.7307,473.7257,473.7208,473.7158,473.7108,473.7058,473.7009,473.6959,473.6909,473.6859,473.6809,473.676,473.671,473.666,473.661,473.656,473.651,473.646,473.641,473.636,473.631,473.626,473.6209,473.6159,473.6109,473.6059,473.6009,473.5958,473.5908,473.5858,473.5808,473.5757,473.5707,473.5657,473.5606,473.5556,473.5505,473.5455,473.5404,473.5354,473.5303,473.5253,473.5202,473.5151,473.5101,473.505,473.4999,473.4949,473.4898,473.4847,473.4797,473.4746,473.4695,473.4644,473.4593,473.4542,473.4491,473.4441,473.439,473.4339,473.4288,473.4237,473.4186,473.4134,473.4083,473.4032,473.3981,473.393,473.3879,473.3828,473.3776,473.3725,473.3623,473.3109
870.0,477.1794,477.1382,477.0968,477.055,477.0129,476.9705,476.9279,476.885,476.8417,476.7982,476.7545,476.7104,476.6661,476.6215,476.5767,476.5315,476.4861,476.4405,476.3946,476.3484,476.302,476.2553,476.2083,476.1611,476.1137,476.066,476.0277,476.0229,476.0181,476.0133,476.0085,476.0037,475.9989,475.994,475.9892,475.9844,475.9796,475.9748,475.9699,475.9651,475.9603,475.9554,475.9506,475.9457,475.9409,475.9361,475.9312,475.9264,475.9215,475.9167,475.9118,475.9069,475.9021,475.8972,475.8923,475.8875,475.8826,475.8777,475.8729,475.868,475.8631,475.8582,475.8533,475.8484,475.8435,475.8387,475.8338,475.8289,475.824,475.8191,475.8142,475.8092,475.8043,475.7994,475.7945,475.7896,475.7847,475.7798,475.7748,475.7699,475.765,475.76,475.7551,475.7502,475.7452,475.7403,475.7354,475.7304,475.7255,475.7205,475.7156,475.7106,475.7057,475.7007,475.6957,475.6908,475.6858,475.6808,475.6759,475.6709,475.6659,475.6609,475.656,475.651,475.646,475.641,475.636,475.626,475.576
880.0,479.3863,479.3468,479.307,479.2668,479.2264,479.1857,479.1447,479.1034,479.0618,479.0199,478.9777,478.9353,478.8925,478.8495,478.8062,478.7626,478.7188,478.6746,478.6302,478.5856,478.5407,478.4955,478.45,478.4043,478.3583,478.3121,478.2749,478.2703,478.2656,478.261,478.2563,478.2516,478.247,478.2423,478.2376,478.2329,478.2283,478.2236,478.2189,478.2142,478.2095,478.2048,478.2001,478.1954,478.1907,478.186,478.1813,478.1766,478.1719,478.1672,478.1625,478.1578,478.1531,478.1483,478.1436,478.1389,478.1342,478.1294,478.1247,478.12,478.1152,478.1105,478.1057,478.101,478.0962,478.0915,478.0867,478.082,478.0772,478.0725,478.0677,478.0629,478.0582,478.0534,478.0486,478.0438,478.0391,478.0343,478.0295,478.0247,478.0199,478.0151,478.0103,478.0055,478.0007,477.9959,477.9911,477.9863,477.9815,477.9767,477.9719,477.9671,477.9623,477.9575,477.9526,477.9478,477.943,477.9382,477.9333,477.9285,477.9237,477.9188,477.914,477.9091,477.9043,477.8994,477.8946,477.8849,477.8362
890.0,481.5868,481.549,481.5109,481.4725,481.4338,481.3948,481.3555,481.3158,481.2759,481.2356,481.1951,481.1543,481.1131,481.0717,481.03,480.988,480.9457,480.9032,480.8603,480.8172,480.7738,480.7302,480.6862,480.642,480.5976,480.5528,480.5169,480.5123,480.5078,480.5033,480.4988,480.4943,480.4898,480.4852,480.4807,480.4762,480.4717,480.4671,480.4626,480.458,480.4535,480.449,480.4444,480.4399,480.4353,480.4308,480.4262,480.4216,480.4171,480.4125,480.4079,480.4034,480.3988,480.3942,480.3896,480.3851,480.3805,480.3759,480.3713,480.3667,480.3621,480.3575,480.3529,480.3483,480.3437,480.3391,480.3345,480.3299,480.3253,480.3207,480.316,480.3114,480.3068,480.3022,480.2975,480.2929,480.2883,480.2836,480.279,480.2744,480.2697,480.2651,480.2604,480.2558,480.2511,480.2465,480.2418,480.2371,480.2325,480.2278,480.2231,480.2185,480.2138,480.2091,480.2044,480.1998,480.1951,480.1904,480.1857,480.181,480.1763,480.1716,480.1669,480.1622,480.1575,480.1528,480.1481,480.1387,480.0914
900.0,483.7808,483.7448,483.7085,483.6719,483.6349,483.5976,483.56,483.522,483.4838,483.4452,483.4064,483.3672,483.3277,483.288,483.2479,483.2075,483.1669,483.1259,483.0847,483.0431,483.0013,482.9592,482.9169,482.8742,482.8313,482.7881,482.7533,482.749,482.7446,482.7402,482.7359,482.7315,482.7271,482.7228,482.7184,482.714,482.7096,482.7052,482.7009,482.6965,482.6921,482.6877,482.6833,482.6789,482.6745,482.6701,482.6657,482.6613,482.6569,482.6524,482.648,482.6436,482.6392,482.6347,482.6303,482.6259,482.6215,482.617,482.6126,482.6081,482.6037,482.5992,482.5948,482.5903,482.5859,482.5814,482.577,482.5725,482.568,482.5636,482.5591,482.5546,482.5501,482.5457,482.5412,482.5367,482.5322,482.5277,482.5232,482.5187,482.5142,482.5097,482.5052,482.5007,482.4962,482.4917,482.4872,482.4827,482.4782,482.4737,482.4691,482.4646,482.4601,482.4556,482.451,482.4465,482.4419,482.4374,482.4329,482.4283,482.4238,482.4192,482.4147,482.4101,482.4056,482.401,482.3964,482.3873,482.3415
910.0,485.9682,485.934,485.8995,485.8647,485.8295,485.794,485.7581,485.7219,485.6854,485.6486,485.6115,485.574,485.5362,485.4982,485.4598,485.4211,485.3821,485.3427,485.3031,485.2632,485.223,485.1825,485.1418,485.1007,485.0593,485.0177,484.9842,484.98,484.9758,484.9716,484.9674,484.9632,484.9589,484.9547,484.9505,484.9463,484.9421,484.9378,484.9336,484.9294,484.9251,484.9209,484.9166,484.9124,484.9081,484.9039,484.8996,484.8954,484.8911,484.8869,484.8826,484.8783,484.8741,484.8698,484.8655,484.8612,484.8569,484.8527,484.8484,484.8441,484.8398,484.8355,484.8312,484.8269,484.8226,484.8183,484.814,484.8097,484.8054,484.801,484.7967,484.7924,484.7881,484.7837,484.7794,484.7751,484.7708,484.7664,484.7621,484.7577,484.7534,484.749,484.7447,484.7403,484.736,484.7316,484.7272,484.7229,484.7185,484.7141,484.7098,484.7054,484.701,484.6966,484.6923,484.6879,484.6835,484.6791,484.6747,484.6703,484.6659,484.6615,484.6571,484.6527,484.6483,484.6439,484.6394,484.6306,484.5863
920.0,488.1487,488.1164,488.0838,488.0508,488.0174,487.9837,487.9497,487.9153,487.8806,487.8456,487.8102,487.7745,487.7385,487.7021,487.6654,487.6284,487.5911,487.5535,487.5156,487.4773,487.4388,487.3999,487.3608,487.3214,487.2816,487.2416,487.2094,487.2053,487.2013,487.1972,487.1932,487.1891,487.1851,487.181,487.1769,487.1729,487.1688,487.1647,487.1607,487.1566,487.1525,487.1484,487.1443,487.1402,487.1361,487.1321,487.128,487.1239,487.1198,487.1157,487.1115,487.1074,487.1033,487.0992,487.0951,487.091,487.0868,487.0827,487.0786,487.0744,487.0703,487.0662,487.062,487.0579,487.0537,487.0496,487.0454,487.0413,487.0371,487.033,487.0288,487.0246,487.0205,487.0163,487.0121,487.0079,487.0037,486.9996,486.9954,486.9912,486.987,486.9828,486.9786,486.9744,486.9702,486.966,486.9618,486.9576,486.9534,486.9491,486.9449,486.9407,486.9365,486.9322,486.928,486.9238,486.9195,486.9153,486.9111,486.9068,486.9026,486.8983,486.8941,486.8898,486.8856,486.8813,486.877,486.8685,486.8257
930.0,490.3222,490.2919,490.2611,490.23,490.1986,490.1668,490.1346,490.1021,490.0692,490.036,490.0024,489.9685,489.9342,489.8997,489.8648,489.8295,489.7939,489.7581,489.7218,489.6853,489.6485,489.6113,489.5738,489.536,489.498,489.4596,489.4286,489.4248,489.4209,489.417,489.4131,489.4092,489.4053,489.4014,489.3975,489.3936,489.3897,489.3858,489.3819,489.378,489.3741,489.3701,489.3662,489.3623,489.3584,489.3544,489.3505,489.3466,489.3426,489.3387,489.3347,489.3308,489.3268,489.3229,489.3189,489.3149,489.311,489.307,489.303,489.2991,489.2951,489.2911,489.2871,489.2831,489.2792,489.2752,489.2712,489.2672,489.2632,489.2592,489.2552,489.2512,489.2471,489.2431,489.2391,489.2351,489.2311,489.227,489.223,489.219,489.215,489.2109,489.2069,489.2028,489.1988,489.1947,489.1907,489.1866,489.1826,489.1785,489.1745,489.1704,489.1663,489.1622,489.1582,489.1541,489.15,489.1459,489.1418,489.1378,489.1337,489.1296,489.1255,489.1214,489.1173,489.1132,489.1091,489.1008,489.0595
940.0,492.4886,492.4602,492.4314,492.4023,492.3728,492.3429,492.3126,492.282,492.251,492.2196,492.1879,492.1559,492.1234,492.0907,492.0576,492.0241,491.9903,491.9562,491.9218,491.887,491.8519,491.8165,491.7807,491.7446,491.7082,491.6715,491.6419,491.6382,491.6345,491.6308,491.6271,491.6234,491.6196,491.6159,491.6122,491.6084,491.6047,491.6009,491.5972,491.5934,491.5897,491.5859,491.5822,491.5784,491.5747,491.5709,491.5671,491.5633,491.5596,491.5558,491.552,491.5482,491.5444,491.5406,491.5368,491.533,491.5292,491.5254,491.5216,491.5178,491.514,491.5102,491.5064,491.5025,491.4987,491.4949,491.4911,491.4872,491.4834,491.4796,491.4757,491.4719,491.468,491.4642,491.4603,491.4565,491.4526,491.4487,491.4449,491.441,491.4371,491.4332,491.4294,491.4255,491.4216,491.4177,491.4138,491.4099,491.406,491.4021,491.3982,491.3943,491.3904,491.3865,491.3826,491.3787,491.3748,491.3708,491.3669,491.363,491.359,491.3551,491.3512,491.3472,491.3433,491.3393,491.3354,491.3275,491.2878
950.0,494.6475,494.6212,494.5944,494.5673,494.5398,494.5118,494.4835,494.4549,494.4258,494.3964,494.3666,494.3364,494.3059,494.275,494.2437,494.2121,494.1802,494.1479,494.1152,494.0823,494.0489,494.0153,493.9813,493.9469,493.9123,493.8773,493.8491,493.8456,493.842,493.8385,493.8349,493.8314,493.8278,493.8242,493.8207,493.8171,493.8135,493.81,493.8064,493.8028,493.7992,493.7956,493.7921,493.7885,493.7849,493.7813,493.7777,493.7741,493.7705,493.7668,493.7632,493.7596,493.756,493.7524,493.7487,493.7451,493.7415,493.7378,493.7342,493.7306,493.7269,493.7233,493.7196,493.716,493.7123,493.7086,493.705,493.7013,493.6976,493.694,493.6903,493.6866,493.6829,493.6792,493.6756,493.6719,493.6682,493.6645,493.6608,493.6571,493.6534,493.6496,493.6459,493.6422,493.6385,493.6348,493.6311,493.6273,493.6236,493.6199,493.6161,493.6124,493.6086,493.6049,493.6011,493.5974,493.5936,493.5899,493.5861,493.5823,493.5786,493.5748,493.571,493.5673,493.5635,493.5597,493.5559,493.5483,493.5102
960.0,496.7989,496.7747,496.75,496.7249,496.6994,496.6735,496.6473,496.6206,496.5935,496.566,496.5382,496.51,496.4814,496.4524,496.4231,496.3934,496.3633,496.3329,496.3021,496.2709,496.2394,496.2076,496.1754,496.1429,496.11,496.0768,496.05,496.0466,496.0432,496.0399,496.0365,496.0331,496.0297,496.0263,496.0229,496.0196,496.0162,496.0128,496.0094,496.006,496.0025,495.9991,495.9957,495.9923,495.9889,495.9854,495.982,495.9786,495.9752,495.9717,495.9683,495.9648,495.9614,495.9579,495.9545,495.951,495.9476,495.9441,495.9406,495.9372,495.9337,495.9302,495.9267,495.9232,495.9198,495.9163,495.9128,495.9093,495.9058,495.9023,495.8988,495.8953,495.8917,495.8882,495.8847,495.8812,495.8777,495.8741,495.8706,495.8671,495.8635,495.86,495.8564,495.8529,495.8494,495.8458,495.8422,495.8387,495.8351,495.8316,495.828,495.8244,495.8208,495.8173,495.8137,495.8101,495.8065,495.8029,495.7993,495.7957,495.7921,495.7885,495.7849,495.7813,495.7777,495.7741,495.7704,495.7632,495.7268
970.0,498.9426,498.9204,498.8979,498.8749,498.8516,498.8278,498.8036,498.7789,498.7539,498.7285,498.7026,498.6764,498.6498,498.6228,498.5954,498.5676,498.5395,498.511,498.4821,498.4528,498.4232,498.3932,498.3629,498.3322,498.3011,498.2698,498.2444,498.2412,498.238,498.2348,498.2316,498.2284,498.2252,498.222,498.2188,498.2156,498.2124,498.2092,498.2059,498.2027,498.1995,498.1962,498.193,498.1898,498.1865,498.1833,498.18,498.1768,498.1735,498.1702,498.167,498.1637,498.1604,498.1572,498.1539,498.1506,498.1473,498.144,498.1407,498.1375,498.1342,498.1309,498.1275,498.1242,498.1209,498.1176,498.1143,498.111,498.1077,498.1043,498.101,498.0977,498.0943,498.091,498.0876,498.0843,498.0809,498.0776,498.0742,498.0709,498.0675,498.0641,498.0608,498.0574,498.054,498.0506,498.0472,498.0439,498.0405,498.0371,498.0337,498.0303,498.0269,498.0235,498.0201,498.0167,498.0132,498.0098,498.0064,498.003,497.9995,497.9961,497.9927,497.9892,497.9858,497.9823,497.9789,497.972,497.9373
980.0,501.0782,501.0583,501.038,501.0172,500.996,500.9743,500.9522,500.9297,500.9068,500.8835,500.8597,500.8355,500.8109,500.786,500.7606,500.7348,500.7086,500.6821,500.6551,500.6278,500.6001,500.5721,500.5436,500.5148,500.4856,500.4561,500.4322,500.4292,500.4262,500.4232,500.4202,500.4172,500.4142,500.4111,500.4081,500.4051,500.402,500.399,500.396,500.3929,500.3899,500.3868,500.3838,500.3807,500.3776,500.3746,500.3715,500.3684,500.3654,500.3623,500.3592,500.3561,500.353,500.3499,500.3468,500.3437,500.3406,500.3375,500.3344,500.3313,500.3282,500.3251,500.3219,500.3188,500.3157,500.3125,500.3094,500.3063,500.3031,500.3,500.2968,500.2937,500.2905,500.2873,500.2842,500.281,500.2778,500.2747,500.2715,500.2683,500.2651,500.2619,500.2587,500.2555,500.2523,500.2491,500.2459,500.2427,500.2395,500.2363,500.2331,500.2298,500.2266,500.2234,500.2202,500.2169,500.2137,500.2104,500.2072,500.2039,500.2007,500.1974,500.1942,500.1909,500.1876,500.1844,500.1811,500.1745,500.1416
990.0,503.2057,503.1881,503.17,503.1515,503.1325,503.113,503.0931,503.0728,503.052,503.0308,503.0092,502.9871,502.9646,502.9417,502.9184,502.8947,502.8705,502.846,502.8211,502.7957,502.77,502.7439,502.7174,502.6906,502.6633,502.6357,502.6133,502.6105,502.6077,502.6049,502.602,502.5992,502.5964,502.5935,502.5907,502.5879,502.585,502.5822,502.5793,502.5765,502.5736,502.5707,502.5679,502.565,502.5621,502.5592,502.5564,502.5535,502.5506,502.5477,502.5448,502.5419,502.539,502.5361,502.5332,502.5303,502.5273,502.5244,502.5215,502.5186,502.5156,502.5127,502.5098,502.5068,502.5039,502.5009,502.498,502.495,502.492,502.4891,502.4861,502.4831,502.4802,502.4772,502.4742,502.4712,502.4682,502.4652,502.4622,502.4592,502.4562,502.4532,502.4502,502.4472,502.4442,502.4412,502.4381,502.4351,502.4321,502.429,502.426,502.423,502.4199,502.4169,502.4138,502.4108,502.4077,502.4046,502.4016,502.3985,502.3954,502.3923,502.3893,502.3862,502.3831,502.38,502.3769,502.3707,502.3395
1000.0,505.3248,505.3096,505.2938,505.2776,505.2609,505.2437,505.226,505.2079,505.1894,505.1704,505.1509,505.131,505.1107,505.0899,505.0687,505.0471,505.025,505.0026,504.9797,504.9564,504.9327,504.9086,504.8841,504.8592,504.834,504.8083,504.7875,504.7849,504.7822,504.7796,504.777,504.7744,504.7717,504.7691,504.7664,504.7638,504.7611,504.7585,504.7558,504.7531,504.7505,504.7478,504.7451,504.7424,504.7398,504.7371,504.7344,504.7317,504.729,504.7263,504.7236,504.7209,504.7182,504.7154,504.7127,504.71,504.7073,504.7045,504.7018,504.6991,504.6963,504.6936,504.6908,504.6881,504.6853,504.6826,504.6798,504.677,504.6742,504.6715,504.6687,504.6659,504.6631,504.6603,504.6575,504.6547,504.6519,504.6491,504.6463,504.6435,504.6407,504.6379,504.635,504.6322,504.6294,504.6266,504.6237,504.6209,504.618,504.6152,504.6123,504.6095,504.6066,504.6037,504.6009,504.598,504.5951,504.5923,504.5894,504.5865,504.5836,504.5807,504.5778,504.5749,504.572,504.5691,504.5662,504.5604,504.531
1010.0,507.4354,507.4225,507.4091,507.3953,507.3809,507.3661,507.3507,507.3349,507.3186,507.3019,507.2847,507.267,507.2489,507.2303,507.2113,507.1918,507.1719,507.1516,507.1308,507.1097,507.088,507.066,507.0436,507.0207,506.9975,506.9738,506.9546,506.9522,506.9497,506.9473,506.9449,506.9424,506.94,506.9376,506.9351,506.9327,506.9302,506.9278,506.9253,506.9228,506.9204,506.9179,506.9154,506.9129,506.9104,506.9079,506.9054,506.9029,506.9004,506.8979,506.8954,506.8929,506.8904,506.8879,506.8853,506.8828,506.8803,506.8777,506.8752,506.8727,506.8701,506.8676,506.865,506.8624,506.8599,506.8573,506.8547,506.8522,506.8496,506.847,506.8444,506.8418,506.8392,506.8366,506.834,506.8314,506.8288,506.8262,506.8236,506.821,506.8183,506.8157,506.8131,506.8104,506.8078,506.8052,506.8025,506.7999,506.7972,506.7945,506.7919,506.7892,506.7866,506.7839,506.7812,506.7785,506.7758,506.7731,506.7705,506.7678,506.7651,506.7624,506.7596,506.7569,506.7542,506.7515,506.7488,506.7433,506.7158
1020.0,509.5371,509.5267,509.5158,509.5043,509.4924,509.48,509.467,509.4536,509.4397,509.4252,509.4103,509.3949,509.3791,509.3628,509.346,509.3288,509.3111,509.2929,509.2743,509.2553,509.2358,509.2159,509.1956,509.1748,509.1536,509.132,509.1145,509.1122,509.11,509.1078,509.1056,509.1033,509.1011,509.0989,509.0966,509.0944,509.0921,509.0899,509.0876,509.0853,509.0831,509.0808,509.0785,509.0762,509.0739,509.0717,509.0694,509.0671,509.0648,509.0625,509.0602,509.0578,509.0555,509.0532,509.0509,509.0485,509.0462,509.0439,509.0415,509.0392,509.0368,509.0345,509.0321,509.0298,509.0274,509.025,509.0227,509.0203,509.0179,509.0155,509.0131,509.0107,509.0083,509.0059,509.0035,509.0011,508.9987,508.9963,508.9939,508.9915,508.989,508.9866,508.9842,508.9817,508.9793,508.9768,508.9744,508.9719,508.9695,508.967,508.9645,508.9621,508.9596,508.9571,508.9546,508.9521,508.9497,508.9472,508.9447,508.9422,508.9397,508.9371,508.9346,508.9321,508.9296,508.9271,508.9245,508.9195,508.8939
1030.0,511.6297,511.6219,511.6135,511.6046,511.5952,511.5852,511.5747,511.5637,511.5522,511.5401,511.5276,511.5146,511.5011,511.4871,511.4726,511.4576,511.4422,511.4263,511.4099,511.3931,511.3758,511.3581,511.34,511.3213,511.3023,511.2828,511.2669,511.2649,511.2629,511.2609,511.2589,511.2568,511.2548,511.2528,511.2507,511.2487,511.2467,511.2446,511.2426,511.2405,511.2384,511.2364,511.2343,511.2322,511.2302,511.2281,511.226,511.2239,511.2218,511.2197,511.2176,511.2155,511.2134,511.2113,511.2091,511.207,511.2049,511.2028,511.2006,511.1985,511.1963,511.1942,511.192,511.1899,511.1877,511.1856,511.1834,511.1812,511.179,511.1769,511.1747,511.1725,511.1703,511.1681,511.1659,511.1637,511.1615,511.1593,511.157,511.1548,511.1526,511.1504,511.1481,511.1459,511.1436,511.1414,511.1391,511.1369,511.1346,511.1324,511.1301,511.1278,511.1256,511.1233,511.121,511.1187,511.1164,511.1141,511.1118,511.1095,511.1072,511.1049,511.1026,511.1003,511.098,511.0956,511.0933,511.0886,511.065
1040.0,513.713,513.7079,513.7021,513.6958,513.6889,513.6815,513.6735,513.665,513.656,513.6464,513.6364,513.6258,513.6146,513.603,513.5909,513.5783,513.5652,513.5516,513.5375,513.523,513.508,513.4925,513.4765,513.4601,513.4433,513.426,513.4118,513.41,513.4082,513.4064,513.4046,513.4028,513.401,513.3992,513.3973,513.3955,513.3937,513.3919,513.39,513.3882,513.3863,513.3845,513.3826,513.3807,513.3789,513.377,513.3751,513.3733,513.3714,513.3695,513.3676,513.3657,513.3638,513.3619,513.36,513.3581,513.3562,513.3542,513.3523,513.3504,513.3484,513.3465,513.3446,513.3426,513.3407,513.3387,513.3368,513.3348,513.3328,513.3308,513.3289,513.3269,513.3249,513.3229,513.3209,513.3189,513.3169,513.3149,513.3129,513.3109,513.3089,513.3068,513.3048,513.3028,513.3007,513.2987,513.2967,513.2946,513.2926,513.2905,513.2884,513.2864,513.2843,513.2822,513.2802,513.2781,513.276,513.2739,513.2718,513.2697,513.2676,513.2655,513.2634,513.2613,513.2591,513.257,513.2549,513.2506,513.229
1050.0,515.7868,515.7844,515.7813,515.7777,515.7735,515.7687,515.7633,515.7574,515.7509,515.7439,515.7363,515.7282,515.7196,515.7104,515.7007,515.6905,515.6798,515.6686,515.6569,515.6447,515.632,515.6188,515.6051,515.591,515.5764,515.5613,515.5489,515.5473,515.5458,515.5442,515.5426,515.541,515.5394,515.5378,515.5362,515.5346,515.533,515.5314,515.5298,515.5281,515.5265,515.5249,515.5232,515.5216,515.52,515.5183,515.5166,515.515,515.5133,515.5117,515.51,515.5083,515.5066,515.5049,515.5032,515.5015,515.4998,515.4981,515.4964,515.4947,515.493,515.4913,515.4895,515.4878,515.4861,515.4843,515.4826,515.4808,515.4791,515.4773,515.4756,515.4738,515.472,515.4702,515.4685,515.4667,515.4649,515.4631,515.4613,515.4595,515.4577,515.4559,515.4541,515.4522,515.4504,515.4486,515.4467,515.4449,515.4431,515.4412,515.4394,515.4375,515.4357,515.4338,515.4319,515.4301,515.4282,515.4263,515.4244,515.4225,515.4206,515.4187,515.4168,515.4149,515.413,515.4111,515.4092,515.4053,515.3858
1060.0,517.8509,517.8512,517.8509,517.85,517.8485,517.8464,517.8438,517.8405,517.8367,517.8323,517.8273,517.8217,517.8156,517.809,517.8018,517.7941,517.7859,517.7771,517.7678,517.758,517.7477,517.7369,517.7256,517.7138,517.7015,517.6887,517.6781,517.6768,517.6754,517.6741,517.6727,517.6713,517.67,517.6686,517.6672,517.6658,517.6645,517.6631,517.6617,517.6603,517.6589,517.6575,517.656,517.6546,517.6532,517.6518,517.6503,517.6489,517.6475,517.646,517.6446,517.6431,517.6416,517.6402,517.6387,517.6372,517.6358,517.6343,517.6328,517.6313,517.6298,517.6283,517.6268,517.6253,517.6238,517.6222,517.6207,517.6192,517.6176,517.6161,517.6146,517.613,517.6115,517.6099,517.6083,517.6068,517.6052,517.6036,517.602,517.6005,517.5989,517.5973,517.5957,517.5941,517.5925,517.5909,517.5892,517.5876,517.586,517.5844,517.5827,517.5811,517.5795,517.5778,517.5762,517.5745,517.5728,517.5712,517.5695,517.5678,517.5661,517.5645,517.5628,517.5611,517.5594,517.5577,517.556,517.5526,517.5352
1070.0,519.9048,519.908,519.9106,519.9126,519.9139,519.9146,519.9147,519.9142,519.913,519.9113,519.909,519.9061,519.9027,519.8986,519.894,519.8889,519.8832,519.8769,519.8701,519.8628,519.8549,519.8465,519.8376,519.8282,519.8183,519.8079,519.7992,519.798,519.7969,519.7958,519.7947,519.7936,519.7924,519.7913,519.7901,519.789,519.7878,519.7867,519.7855,519.7843,519.7832,519.782,519.7808,519.7796,519.7784,519.7772,519.776,519.7748,519.7736,519.7724,519.7712,519.7699,519.7687,519.7675,519.7662,519.765,519.7637,519.7625,519.7612,519.7599,519.7587,519.7574,519.7561,519.7548,519.7535,519.7522,519.7509,519.7496,519.7483,519.747,519.7457,519.7444,519.7431,519.7417,519.7404,519.739,519.7377,519.7363,519.735,519.7336,519.7323,519.7309,519.7295,519.7281,519.7268,519.7254,519.724,519.7226,519.7212,519.7198,519.7184,519.7169,519.7155,519.7141,519.7127,519.7112,519.7098,519.7083,519.7069,519.7054,519.704,519.7025,519.701,519.6996,519.6981,519.6966,519.6951,519.6921,519.6769
1080.0,521.9484,521.9547,521.9602,521.9651,521.9693,521.9729,521.9758,521.9781,521.9798,521.9809,521.9813,521.9811,521.9804,521.979,521.9771,521.9745,521.9714,521.9678,521.9635,521.9588,521.9534,521.9475,521.9411,521.9342,521.9267,521.9187,521.9119,521.911,521.9101,521.9093,521.9084,521.9075,521.9066,521.9057,521.9048,521.9039,521.903,521.902,521.9011,521.9002,521.8992,521.8983,521.8974,521.8964,521.8954,521.8945,521.8935,521.8925,521.8916,521.8906,521.8896,521.8886,521.8876,521.8866,521.8856,521.8846,521.8836,521.8825,521.8815,521.8805,521.8794,521.8784,521.8774,521.8763,521.8752,521.8742,521.8731,521.872,521.871,521.8699,521.8688,521.8677,521.8666,521.8655,521.8644,521.8633,521.8622,521.8611,521.8599,521.8588,521.8577,521.8565,521.8554,521.8542,521.8531,521.8519,521.8508,521.8496,521.8484,521.8472,521.846,521.8449,521.8437,521.8425,521.8413,521.8401,521.8388,521.8376,521.8364,521.8352,521.8339,521.8327,521.8315,521.8302,521.829,521.8277,521.8265,521.8239,521.811
1090.0,523.9814,523.9908,523.9994,524.0073,524.0145,524.0211,524.0269,524.0322,524.0367,524.0406,524.0439,524.0465,524.0486,524.05,524.0508,524.0509,524.0505,524.0495,524.0479,524.0458,524.043,524.0397,524.0358,524.0314,524.0264,524.0209,524.0161,524.0155,524.0149,524.0142,524.0136,524.0129,524.0123,524.0116,524.011,524.0103,524.0096,524.009,524.0083,524.0076,524.0069,524.0062,524.0055,524.0048,524.0041,524.0034,524.0026,524.0019,524.0012,524.0004,523.9997,523.9989,523.9982,523.9974,523.9966,523.9959,523.9951,523.9943,523.9935,523.9927,523.9919,523.9911,523.9903,523.9895,523.9887,523.9879,523.987,523.9862,523.9854,523.9845,523.9837,523.9828,523.982,523.9811,523.9802,523.9794,523.9785,523.9776,523.9767,523.9758,523.9749,523.974,523.9731,523.9722,523.9713,523.9703,523.9694,523.9685,523.9675,523.9666,523.9656,523.9647,523.9637,523.9628,523.9618,523.9608,523.9598,523.9589,523.9579,523.9569,523.9559,523.9549,523.9539,523.9528,523.9518,523.9508,523.9498,523.9477,523.937
1100.0,526.0036,526.0161,526.0278,526.0389,526.0492,526.0588,526.0677,526.076,526.0835,526.0904,526.0966,526.1021,526.107,526.1112,526.1148,526.1178,526.1202,526.1219,526.123,526.1236,526.1235,526.1228,526.1216,526.1198,526.1174,526.1144,526.1116,526.1113,526.1109,526.1105,526.1101,526.1097,526.1093,526.1089,526.1085,526.1081,526.1077,526.1073,526.1068,526.1064,526.1059,526.1055,526.105,526.1046,526.1041,526.1036,526.1032,526.1027,526.1022,526.1017,526.1012,526.1007,526.1002,526.0997,526.0992,526.0987,526.0981,526.0976,526.097,526.0965,526.096,526.0954,526.0948,526.0943,526.0937,526.0931,526.0925,526.0919,526.0914,526.0908,526.0901,526.0895,526.0889,526.0883,526.0877,526.087,526.0864,526.0858,526.0851,526.0845,526.0838,526.0832,526.0825,526.0818,526.0811,526.0805,526.0798,526.0791,526.0784,526.0777,526.077,526.0762,526.0755,526.0748,526.0741,526.0733,526.0726,526.0718,526.0711,526.0703,526.0696,526.0688,526.068,526.0673,526.0665,526.0657,526.0649,526.0633,526.055
1110.0,528.0145,528.0303,528.0453,528.0596,528.0731,528.0859,528.0979,528.1093,528.1199,528.1298,528.139,528.1475,528.1554,528.1626,528.1691,528.1749,528.1801,528.1847,528.1886,528.1919,528.1946,528.1967,528.1981,528.199,528.1993,528.1989,528.1982,528.1981,528.198,528.1979,528.1978,528.1976,528.1975,528.1974,528.1972,528.197,528.1969,528.1967,528.1965,528.1964,528.1962,528.196,528.1958,528.1956,528.1954,528.1952,528.1949,528.1947,528.1945,528.1943,528.194,528.1938,528.1935,528.1933,528.193,528.1927,528.1924,528.1922,528.1919,528.1916,528.1913,528.191,528.1907,528.1904,528.19,528.1897,528.1894,528.1891,528.1887,528.1884,528.188,528.1876,528.1873,528.1869,528.1865,528.1862,528.1858,528.1854,528.185,528.1846,528.1842,528.1838,528.1833,528.1829,528.1825,528.1821,528.1816,528.1812,528.1807,528.1803,528.1798,528.1793,528.1789,528.1784,528.1779,528.1774,528.1769,528.1764,528.1759,528.1754,528.1749,528.1744,528.1738,528.1733,528.1728,528.1722,528.1717,528.1706,528.1647
1120.0,530.0139,530.0331,530.0515,530.0691,530.0859,530.102,530.1173,530.1318,530.1456,530.1587,530.171,530.1826,530.1935,530.2037,530.2132,530.222,530.2302,530.2377,530.2445,530.2506,530.2561,530.261,530.2653,530.2689,530.2719,530.2743,530.2757,530.2759,530.276,530.2762,530.2763,530.2765,530.2766,530.2767,530.2768,530.2769,530.277,530.2771,530.2772,530.2773,530.2774,530.2775,530.2775,530.2776,530.2777,530.2777,530.2777,530.2778,530.2778,530.2778,530.2779,530.2779,530.2779,530.2779,530.2779,530.2779,530.2779,530.2778,530.2778,530.2778,530.2778,530.2777,530.2777,530.2776,530.2775,530.2775,530.2774,530.2773,530.2772,530.2772,530.2771,530.277,530.2769,530.2767,530.2766,530.2765,530.2764,530.2762,530.2761,530.276,530.2758,530.2756,530.2755,530.2753,530.2751,530.275,530.2748,530.2746,530.2744,530.2742,530.274,530.2738,530.2735,530.2733,530.2731,530.2729,530.2726,530.2724,530.2721,530.2719,530.2716,530.2713,530.271,530.2708,530.2705,530.2702,530.2699,530.2693,530.2659
1130.0,532.0014,532.0242,532.0461,532.0671,532.0874,532.1068,532.1255,532.1433,532.1604,532.1767,532.1923,532.2071,532.2211,532.2344,532.247,532.2589,532.2701,532.2806,532.2903,532.2994,532.3079,532.3156,532.3228,532.3292,532.335,532.3402,532.3439,532.3443,532.3447,532.3452,532.3456,532.346,532.3464,532.3468,532.3472,532.3476,532.3479,532.3483,532.3487,532.349,532.3494,532.3497,532.3501,532.3504,532.3507,532.351,532.3514,532.3517,532.352,532.3523,532.3526,532.3528,532.3531,532.3534,532.3537,532.3539,532.3542,532.3544,532.3547,532.3549,532.3551,532.3554,532.3556,532.3558,532.356,532.3562,532.3564,532.3566,532.3568,532.3569,532.3571,532.3573,532.3574,532.3576,532.3577,532.3579,532.358,532.3581,532.3583,532.3584,532.3585,532.3586,532.3587,532.3588,532.3589,532.359,532.359,532.3591,532.3592,532.3592,532.3593,532.3593,532.3594,532.3594,532.3594,532.3595,532.3595,532.3595,532.3595,532.3595,532.3595,532.3595,532.3595,532.3595,532.3594,532.3594,532.3594,532.3593,532.3584
1140.0,533.9768,534.0032,534.0287,534.0534,534.0772,534.1001,534.1222,534.1435,534.164,534.1836,534.2025,534.2206,534.2379,534.2544,534.2702,534.2853,534.2996,534.3131,534.326,534.3381,534.3496,534.3603,534.3704,534.3798,534.3885,534.3965,534.4025,534.4032,534.4039,534.4046,534.4053,534.406,534.4067,534.4074,534.408,534.4087,534.4094,534.41,534.4106,534.4113,534.4119,534.4125,534.4132,534.4138,534.4144,534.415,534.4156,534.4162,534.4168,534.4173,534.4179,534.4185,534.419,534.4196,534.4201,534.4206,534.4212,534.4217,534.4222,534.4227,534.4232,534.4237,534.4242,534.4247,534.4252,534.4257,534.4261,534.4266,534.4271,534.4275,534.428,534.4284,534.4288,534.4293,534.4297,534.4301,534.4305,534.4309,534.4313,534.4317,534.4321,534.4324,534.4328,534.4332,534.4335,534.4339,534.4342,534.4346,534.4349,534.4352,534.4355,534.4359,534.4362,534.4365,534.4368,534.4371,534.4373,534.4376,534.4379,534.4382,534.4384,534.4387,534.4389,534.4392,534.4394,534.4396,534.4399,534.4403,534.4421
1150.0,535.9396,535.9698,535.9991,536.0275,536.0549,536.0815,536.1072,536.132,536.156,536.1791,536.2014,536.2229,536.2436,536.2634,536.2825,536.3008,536.3183,536.3351,536.3511,536.3664,536.381,536.3948,536.4079,536.4203,536.432,536.443,536.4513,536.4523,536.4533,536.4543,536.4553,536.4563,536.4572,536.4582,536.4592,536.4601,536.4611,536.462,536.4629,536.4639,536.4648,536.4657,536.4666,536.4675,536.4684,536.4693,536.4702,536.4711,536.4719,536.4728,536.4736,536.4745,536.4753,536.4762,536.477,536.4778,536.4786,536.4794,536.4803,536.481,536.4818,536.4826,536.4834,536.4842,536.4849,536.4857,536.4864,536.4872,536.4879,536.4887,536.4894,536.4901,536.4908,536.4915,536.4922,536.4929,536.4936,536.4943,536.4949,536.4956,536.4963,536.4969,536.4976,536.4982,536.4989,536.4995,536.5001,536.5007,536.5013,536.5019,536.5025,536.5031,536.5037,536.5043,536.5049,536.5054,536.506,536.5065,536.5071,536.5076,536.5082,536.5087,536.5092,536.5097,536.5102,536.5107,536.5112,536.5122,536.5167
1160.0,537.8896,537.9237,537.9569,537.9891,538.0203,538.0507,538.0801,538.1086,538.1362,538.1629,538.1887,538.2137,538.2379,538.2612,538.2837,538.3053,538.3262,538.3463,538.3655,538.3841,538.4018,538.4188,538.435,538.4505,538.4653,538.4794,538.4901,538.4914,538.4927,538.494,538.4953,538.4966,538.4978,538.4991,538.5004,538.5016,538.5029,538.5041,538.5053,538.5066,538.5078,538.509,538.5102,538.5114,538.5126,538.5138,538.5149,538.5161,538.5173,538.5184,538.5196,538.5207,538.5219,538.523,538.5241,538.5252,538.5263,538.5274,538.5285,538.5296,538.5307,538.5318,538.5329,538.5339,538.535,538.536,538.5371,538.5381,538.5391,538.5401,538.5412,538.5422,538.5432,538.5442,538.5451,538.5461,538.5471,538.5481,538.549,538.55,538.5509,538.5519,538.5528,538.5537,538.5547,538.5556,538.5565,538.5574,538.5583,538.5592,538.56,538.5609,538.5618,538.5626,538.5635,538.5644,538.5652,538.566,538.5669,538.5677,538.5685,538.5693,538.5701,538.5709,538.5717,538.5725,538.5733,538.5748,538.5821
1170.0,539.8262,539.8644,539.9016,539.9378,539.973,540.0073,540.0405,540.0728,540.1042,540.1346,540.1641,540.1928,540.2205,540.2474,540.2734,540.2985,540.3228,540.3463,540.3689,540.3908,540.4118,540.4321,540.4516,540.4703,540.4882,540.5054,540.5186,540.5203,540.5219,540.5235,540.5251,540.5267,540.5282,540.5298,540.5314,540.5329,540.5345,540.536,540.5376,540.5391,540.5406,540.5422,540.5437,540.5452,540.5467,540.5482,540.5496,540.5511,540.5526,540.554,540.5555,540.5569,540.5584,540.5598,540.5612,540.5627,540.5641,540.5655,540.5669,540.5683,540.5696,540.571,540.5724,540.5737,540.5751,540.5764,540.5778,540.5791,540.5804,540.5818,540.5831,540.5844,540.5857,540.587,540.5882,540.5895,540.5908,540.5921,540.5933,540.5946,540.5958,540.597,540.5983,540.5995,540.6007,540.6019,540.6031,540.6043,540.6055,540.6067,540.6079,540.609,540.6102,540.6113,540.6125,540.6136,540.6148,540.6159,540.617,540.6181,540.6192,540.6203,540.6214,540.6225,540.6236,540.6246,540.6257,540.6278,540.638
1180.0,541.7492,541.7916,541.833,541.8734,541.9127,541.9509,541.9882,542.0244,542.0597,542.0939,542.1273,542.1597,542.1911,542.2217,542.2513,542.28,542.3079,542.3349,542.361,542.3863,542.4108,542.4344,542.4572,542.4792,542.5004,542.5209,542.5367,542.5386,542.5405,542.5425,542.5444,542.5463,542.5482,542.5501,542.552,542.5539,542.5557,542.5576,542.5594,542.5613,542.5631,542.565,542.5668,542.5686,542.5704,542.5722,542.574,542.5758,542.5776,542.5794,542.5811,542.5829,542.5846,542.5864,542.5881,542.5898,542.5916,542.5933,542.595,542.5967,542.5984,542.6001,542.6017,542.6034,542.6051,542.6067,542.6084,542.61,542.6116,542.6133,542.6149,542.6165,542.6181,542.6197,542.6213,542.6229,542.6245,542.626,542.6276,542.6291,542.6307,542.6322,542.6338,542.6353,542.6368,542.6383,542.6398,542.6413,542.6428,542.6443,542.6457,542.6472,542.6487,542.6501,542.6516,542.653,542.6545,542.6559,542.6573,542.6587,542.6601,542.6615,542.6629,542.6643,542.6657,542.667,542.6684,542.6711,542.6842
1190.0,543.658,543.7049,543.7507,543.7953,543.8388,543.8813,543.9226,543.963,544.0023,544.0405,544.0778,544.1141,544.1494,544.1838,544.2172,544.2496,544.2812,544.3118,544.3415,544.3704,544.3983,544.4255,544.4517,544.4772,544.5018,544.5255,544.544,544.5462,544.5485,544.5508,544.553,544.5552,544.5575,544.5597,544.5619,544.5641,544.5663,544.5685,544.5707,544.5729,544.575,544.5772,544.5793,544.5815,544.5836,544.5857,544.5878,544.59,544.5921,544.5942,544.5962,544.5983,544.6004,544.6025,544.6045,544.6066,544.6086,544.6106,544.6127,544.6147,544.6167,544.6187,544.6207,544.6227,544.6247,544.6266,544.6286,544.6306,544.6325,544.6345,544.6364,544.6383,544.6402,544.6421,544.6441,544.6459,544.6478,544.6497,544.6516,544.6535,544.6553,544.6572,544.659,544.6609,544.6627,544.6645,544.6663,544.6681,544.6699,544.6717,544.6735,544.6753,544.677,544.6788,544.6806,544.6823,544.6841,544.6858,544.6875,544.6892,544.6909,544.6926,544.6943,544.696,544.6977,544.6994,544.7011,544.7044,544.7205
1200.0,545.5523,545.6038,545.6541,545.7032,545.7511,545.7979,545.8436,545.8882,545.9317,545.9741,546.0154,546.0557,546.095,546.1333,546.1706,546.2069,546.2423,546.2767,546.3101,546.3427,546.3743,546.405,546.4348,546.4638,546.4919,546.5191,546.5403,546.5429,546.5455,546.5481,546.5506,546.5532,546.5558,546.5583,546.5609,546.5634,546.566,546.5685,546.571,546.5735,546.576,546.5785,546.581,546.5835,546.586,546.5884,546.5909,546.5933,546.5958,546.5982,546.6006,546.603,546.6054,546.6078,546.6102,546.6126,546.615,546.6173,546.6197,546.622,546.6244,546.6267,546.629,546.6313,546.6336,546.6359,546.6382,546.6405,546.6428,546.6451,546.6473,546.6496,546.6518,546.6541,546.6563,546.6585,546.6607,546.6629,546.6651,546.6673,546.6695,546.6717,546.6738,546.676,546.6781,546.6803,546.6824,546.6845,546.6867,546.6888,546.6909,546.693,546.6951,546.6971,546.6992,546.7013,546.7033,546.7054,546.7074,546.7095,546.7115,546.7135,546.7155,546.7175,546.7195,546.7215,546.7235,546.7274,546.7467
1210.0,547.4316,547.4879,547.5429,547.5966,547.6491,547.7005,547.7506,547.7996,547.8474,547.8941,547.9397,547.9842,548.0277,548.07,548.1114,548.1517,548.191,548.2292,548.2665,548.3029,548.3383,548.3727,548.4062,548.4388,548.4705,548.5013,548.5253,548.5282,548.5312,548.5341,548.5371,548.54,548.5429,548.5458,548.5487,548.5516,548.5545,548.5574,548.5602,548.5631,548.5659,548.5688,548.5716,548.5744,548.5772,548.58,548.5828,548.5856,548.5884,548.5912,548.5939,548.5967,548.5994,548.6022,548.6049,548.6076,548.6103,548.613,548.6157,548.6184,548.6211,548.6238,548.6264,548.6291,548.6317,548.6344,548.637,548.6396,548.6422,548.6448,548.6474,548.65,548.6526,548.6552,548.6577,548.6603,548.6628,548.6654,548.6679,548.6704,548.6729,548.6754,548.6779,548.6804,548.6829,548.6854,548.6878,548.6903,548.6928,548.6952,548.6976,548.7001,548.7025,548.7049,548.7073,548.7097,548.7121,548.7144,548.7168,548.7192,548.7215,548.7239,548.7262,548.7285,548.7309,548.7332,548.7355,548.7401,548.7625
1220.0,549.2954,549.3567,549.4165,549.4751,549.5324,549.5885,549.6432,549.6968,549.7491,549.8003,549.8503,549.8992,549.9469,549.9935,550.039,550.0835,550.1268,550.1691,550.2104,550.2507,550.29,550.3283,550.3656,550.4019,550.4373,550.4718,550.4987,550.502,550.5053,550.5087,550.5119,550.5152,550.5185,550.5218,550.525,550.5283,550.5315,550.5348,550.538,550.5412,550.5444,550.5476,550.5508,550.554,550.5571,550.5603,550.5635,550.5666,550.5697,550.5729,550.576,550.5791,550.5822,550.5853,550.5884,550.5914,550.5945,550.5975,550.6006,550.6036,550.6067,550.6097,550.6127,550.6157,550.6187,550.6217,550.6246,550.6276,550.6306,550.6335,550.6365,550.6394,550.6423,550.6452,550.6481,550.651,550.6539,550.6568,550.6597,550.6626,550.6654,550.6683,550.6711,550.6739,550.6768,550.6796,550.6824,550.6852,550.688,550.6907,550.6935,550.6963,550.699,550.7018,550.7045,550.7073,550.71,550.7127,550.7154,550.7181,550.7208,550.7235,550.7261,550.7288,550.7315,550.7341,550.7367,550.742,550.7678
1230.0,551.1433,551.2097,551.2747,551.3383,551.4005,551.4615,551.5211,551.5794,551.6365,551.6923,551.7468,551.8002,551.8524,551.9034,551.9532,552.0019,552.0495,552.0961,552.1415,552.1858,552.2291,552.2714,552.3126,552.3529,552.3921,552.4304,552.4603,552.464,552.4677,552.4714,552.4751,552.4787,552.4824,552.486,552.4896,552.4933,552.4969,552.5005,552.5041,552.5076,552.5112,552.5148,552.5183,552.5219,552.5254,552.529,552.5325,552.536,552.5395,552.543,552.5465,552.5499,552.5534,552.5568,552.5603,552.5637,552.5671,552.5706,552.574,552.5774,552.5808,552.5841,552.5875,552.5909,552.5942,552.5976,552.6009,552.6042,552.6076,552.6109,552.6142,552.6175,552.6207,552.624,552.6273,552.6305,552.6338,552.637,552.6402,552.6435,552.6467,552.6499,552.6531,552.6562,552.6594,552.6626,552.6657,552.6689,552.672,552.6752,552.6783,552.6814,552.6845,552.6876,552.6907,552.6938,552.6968,552.6999,552.7029,552.706,552.709,552.7121,552.7151,552.7181,552.7211,552.7241,552.7271,552.733,552.7622
1240.0,552.9746,553.0464,553.1167,553.1856,553.253,553.319,553.3837,553.4469,553.5089,553.5695,553.6288,553.6869,553.7437,553.7993,553.8536,553.9068,553.9588,554.0096,554.0593,554.1079,554.1554,554.2017,554.2471,554.2913,554.3345,554.3768,554.4098,554.4139,554.4179,554.422,554.4261,554.4301,554.4341,554.4382,554.4422,554.4462,554.4502,554.4542,554.4581,554.4621,554.4661,554.47,554.4739,554.4779,554.4818,554.4857,554.4896,554.4935,554.4974,554.5012,554.5051,554.5089,554.5128,554.5166,554.5204,554.5242,554.528,554.5318,554.5356,554.5394,554.5431,554.5469,554.5506,554.5544,554.5581,554.5618,554.5655,554.5692,554.5729,554.5766,554.5803,554.5839,554.5876,554.5912,554.5948,554.5985,554.6021,554.6057,554.6093,554.6129,554.6164,554.62,554.6235,554.6271,554.6306,554.6342,554.6377,554.6412,554.6447,554.6482,554.6517,554.6551,554.6586,554.6621,554.6655,554.6689,554.6724,554.6758,554.6792,554.6826,554.686,554.6894,554.6928,554.6961,554.6995,554.7028,554.7062,554.7128,554.7455
1250.0,554.7888,554.8662,554.9421,555.0164,555.0893,555.1606,555.2305,555.2989,555.366,555.4316,555.4959,555.5588,555.6204,555.6807,555.7398,555.7976,555.8541,555.9094,555.9636,556.0165,556.0683,556.119,556.1685,556.2169,556.2643,556.3106,556.3468,556.3513,556.3558,556.3602,556.3647,556.3691,556.3736,556.378,556.3824,556.3868,556.3912,556.3956,556.3999,556.4043,556.4086,556.413,556.4173,556.4216,556.4259,556.4302,556.4345,556.4388,556.4431,556.4473,556.4516,556.4558,556.4601,556.4643,556.4685,556.4727,556.4769,556.481,556.4852,556.4894,556.4935,556.4977,556.5018,556.5059,556.51,556.5141,556.5182,556.5223,556.5263,556.5304,556.5345,556.5385,556.5425,556.5465,556.5506,556.5546,556.5585,556.5625,556.5665,556.5705,556.5744,556.5784,556.5823,556.5862,556.5901,556.594,556.5979,556.6018,556.6057,556.6095,556.6134,556.6172,556.6211,556.6249,556.6287,556.6325,556.6363,556.6401,556.6439,556.6477,556.6514,556.6552,556.6589,556.6627,556.6664,556.6701,556.6738,556.6812,556.7175
1260.0,556.5853,556.6687,556.7504,556.8304,556.9089,556.9858,557.0611,557.1349,557.2072,557.2781,557.3475,557.4155,557.4822,557.5474,557.6113,557.6739,557.7351,557.7951,557.8539,557.9114,557.9677,558.0227,558.0767,558.1294,558.181,558.2315,558.2711,558.276,558.2809,558.2857,558.2906,558.2955,558.3003,558.3051,558.31,558.3148,558.3196,558.3244,558.3291,558.3339,558.3387,558.3434,558.3481,558.3529,558.3576,558.3623,558.367,558.3717,558.3763,558.381,558.3857,558.3903,558.3949,558.3995,558.4042,558.4087,558.4133,558.4179,558.4225,558.427,558.4316,558.4361,558.4406,558.4452,558.4497,558.4542,558.4586,558.4631,558.4676,558.472,558.4765,558.4809,558.4853,558.4897,558.4941,558.4985,558.5029,558.5073,558.5117,558.516,558.5203,558.5247,558.529,558.5333,558.5376,558.5419,558.5462,558.5505,558.5547,558.559,558.5632,558.5674,558.5717,558.5759,558.5801,558.5843,558.5884,558.5926,558.5968,558.6009,558.6051,558.6092,558.6133,558.6174,558.6215,558.6256,558.6297,558.6378,558.6779
1270.0,558.3636,558.4531,558.5409,558.6269,558.7112,558.7939,558.8749,558.9544,559.0322,559.1085,559.1833,559.2566,559.3284,559.3988,559.4677,559.5353,559.6015,559.6663,559.7299,559.7921,559.853,559.9127,559.9711,560.0284,560.0844,560.1392,560.1822,560.1876,560.1929,560.1982,560.2035,560.2088,560.214,560.2193,560.2245,560.2298,560.235,560.2402,560.2454,560.2506,560.2558,560.261,560.2661,560.2713,560.2764,560.2815,560.2866,560.2917,560.2968,560.3019,560.307,560.312,560.3171,560.3221,560.3271,560.3321,560.3371,560.3421,560.3471,560.3521,560.357,560.362,560.3669,560.3718,560.3768,560.3817,560.3866,560.3914,560.3963,560.4012,560.406,560.4109,560.4157,560.4205,560.4253,560.4301,560.4349,560.4397,560.4444,560.4492,560.4539,560.4587,560.4634,560.4681,560.4728,560.4775,560.4822,560.4868,560.4915,560.4961,560.5008,560.5054,560.51,560.5146,560.5192,560.5238,560.5284,560.533,560.5375,560.5421,560.5466,560.5511,560.5556,560.5601,560.5646,560.5691,560.5736,560.5825,560.6265
1280.0,560.123,560.219,560.313,560.4053,560.4958,560.5845,560.6714,560.7567,560.8404,560.9223,561.0027,561.0815,561.1587,561.2345,561.3087,561.3814,561.4527,561.5226,561.5911,561.6582,561.724,561.7884,561.8516,561.9134,561.974,562.0334,562.08,562.0858,562.0915,562.0973,562.103,562.1087,562.1144,562.1201,562.1258,562.1315,562.1372,562.1428,562.1484,562.1541,562.1597,562.1653,562.1709,562.1765,562.182,562.1876,562.1931,562.1987,562.2042,562.2097,562.2152,562.2207,562.2262,562.2316,562.2371,562.2425,562.248,562.2534,562.2588,562.2642,562.2696,562.2749,562.2803,562.2856,562.291,562.2963,562.3016,562.3069,562.3122,562.3175,562.3228,562.328,562.3333,562.3385,562.3437,562.349,562.3542,562.3594,562.3645,562.3697,562.3749,562.38,562.3852,562.3903,562.3954,562.4005,562.4056,562.4107,562.4157,562.4208,562.4259,562.4309,562.4359,562.4409,562.4459,562.4509,562.4559,562.4609,562.4658,562.4708,562.4757,562.4807,562.4856,562.4905,562.4954,562.5003,562.5052,562.5149,562.5628
1290.0,561.8628,561.9655,562.0662,562.165,562.2619,562.3569,562.4501,562.5415,562.6311,562.719,562.8052,562.8897,562.9726,563.0539,563.1336,563.2118,563.2884,563.3635,563.4372,563.5094,563.5802,563.6496,563.7176,563.7842,563.8496,563.9136,563.9639,563.9702,563.9764,563.9826,563.9888,563.995,564.0011,564.0073,564.0134,564.0196,564.0257,564.0318,564.0379,564.044,564.05,564.0561,564.0621,564.0682,564.0742,564.0802,564.0862,564.0922,564.0981,564.1041,564.11,564.116,564.1219,564.1278,564.1337,564.1396,564.1455,564.1513,564.1572,564.163,564.1688,564.1746,564.1804,564.1862,564.192,564.1978,564.2035,564.2093,564.215,564.2207,564.2264,564.2321,564.2378,564.2435,564.2491,564.2548,564.2604,564.266,564.2717,564.2773,564.2828,564.2884,564.294,564.2995,564.3051,564.3106,564.3161,564.3216,564.3271,564.3326,564.3381,564.3436,564.349,564.3544,564.3599,564.3653,564.3707,564.3761,564.3815,564.3868,564.3922,564.3976,564.4029,564.4082,564.4135,564.4188,564.4241,564.4347,564.4868
1300.0,563.5823,563.6921,563.7997,563.9053,564.0089,564.1105,564.2102,564.308,564.4039,564.498,564.5903,564.6808,564.7696,564.8567,564.9421,565.0259,565.108,565.1886,565.2676,565.3451,565.4211,565.4957,565.5688,565.6404,565.7107,565.7796,565.8337,565.8405,565.8471,565.8538,565.8605,565.8672,565.8738,565.8804,565.887,565.8936,565.9002,565.9068,565.9134,565.9199,565.9265,565.933,565.9395,565.946,565.9525,565.959,565.9654,565.9719,565.9783,565.9847,565.9911,565.9975,566.0039,566.0103,566.0166,566.023,566.0293,566.0356,566.0419,566.0482,566.0545,566.0608,566.067,566.0733,566.0795,566.0857,566.0919,566.0981,566.1043,566.1105,566.1166,566.1228,566.1289,566.135,566.1411,566.1472,566.1533,566.1594,566.1654,566.1715,566.1775,566.1835,566.1896,566.1956,566.2015,566.2075,566.2135,566.2194,566.2254,566.2313,566.2372,566.2431,566.249,566.2549,566.2607,566.2666,566.2724,566.2783,566.2841,566.2899,566.2957,566.3015,566.3072,566.313,566.3187,566.3245,566.3302,566.3416,566.398
1310.0,565.2808,565.3979,565.5128,565.6256,565.7362,565.8447,565.9512,566.0556,566.1581,566.2587,566.3573,566.4541,566.549,566.6422,566.7336,566.8232,566.9111,566.9974,567.082,567.165,567.2465,567.3263,567.4047,567.4816,567.5569,567.6309,567.689,567.6962,567.7034,567.7106,567.7177,567.7249,567.732,567.7391,567.7463,567.7533,567.7604,567.7675,567.7745,567.7816,567.7886,567.7956,567.8026,567.8096,567.8166,567.8235,567.8305,567.8374,567.8443,567.8512,567.8581,567.865,567.8718,567.8787,567.8855,567.8923,567.8991,567.9059,567.9127,567.9195,567.9262,567.933,567.9397,567.9464,567.9531,567.9598,567.9665,567.9732,567.9798,567.9864,567.9931,567.9997,568.0063,568.0129,568.0194,568.026,568.0325,568.0391,568.0456,568.0521,568.0586,568.0651,568.0715,568.078,568.0844,568.0909,568.0973,568.1037,568.1101,568.1165,568.1228,568.1292,568.1355,568.1419,568.1482,568.1545,568.1608,568.1671,568.1733,568.1796,568.1858,568.1921,568.1983,568.2045,568.2107,568.2169,568.223,568.2353,568.2961
1320.0,566.9574,567.0823,567.2048,567.3251,567.4431,567.5588,567.6724,567.7838,567.8932,568.0005,568.1058,568.2091,568.3104,568.4099,568.5075,568.6032,568.6972,568.7894,568.8798,568.9686,569.0557,569.1411,569.2249,569.3072,569.3879,569.4671,569.5294,569.5371,569.5448,569.5525,569.5601,569.5678,569.5754,569.5831,569.5907,569.5983,569.6059,569.6134,569.621,569.6285,569.6361,569.6436,569.6511,569.6586,569.666,569.6735,569.6809,569.6884,569.6958,569.7032,569.7106,569.7179,569.7253,569.7326,569.74,569.7473,569.7546,569.7619,569.7691,569.7764,569.7837,569.7909,569.7981,569.8053,569.8125,569.8197,569.8268,569.834,569.8411,569.8482,569.8553,569.8624,569.8695,569.8766,569.8836,569.8907,569.8977,569.9047,569.9117,569.9187,569.9257,569.9326,569.9396,569.9465,569.9534,569.9603,569.9672,569.9741,569.981,569.9878,569.9947,570.0015,570.0083,570.0151,570.0219,570.0287,570.0354,570.0422,570.0489,570.0556,570.0623,570.069,570.0757,570.0824,570.089,570.0957,570.1023,570.1155,570.1809
1330.0,568.6112,568.7443,568.8749,569.003,569.1287,569.2521,569.3731,569.4918,569.6084,569.7227,569.835,569.9451,570.0532,570.1592,570.2633,570.3654,570.4657,570.564,570.6606,570.7553,570.8483,570.9395,571.0291,571.1169,571.2032,571.2878,571.3544,571.3626,571.3709,571.3791,571.3873,571.3955,571.4036,571.4118,571.4199,571.4281,571.4362,571.4443,571.4524,571.4604,571.4685,571.4765,571.4845,571.4925,571.5005,571.5085,571.5165,571.5244,571.5324,571.5403,571.5482,571.5561,571.5639,571.5718,571.5796,571.5875,571.5953,571.6031,571.6109,571.6186,571.6264,571.6341,571.6418,571.6496,571.6572,571.6649,571.6726,571.6802,571.6879,571.6955,571.7031,571.7107,571.7183,571.7259,571.7334,571.741,571.7485,571.756,571.7635,571.771,571.7784,571.7859,571.7933,571.8007,571.8082,571.8156,571.8229,571.8303,571.8377,571.845,571.8523,571.8596,571.8669,571.8742,571.8815,571.8888,571.896,571.9032,571.9104,571.9177,571.9248,571.932,571.9392,571.9463,571.9535,571.9606,571.9677,571.9819,572.0519
1340.0,570.2412,570.3831,570.5222,570.6586,570.7924,570.9237,571.0526,571.179,571.303,571.4248,571.5443,571.6616,571.7766,571.8896,572.0005,572.1093,572.216,572.3209,572.4237,572.5247,572.6238,572.7211,572.8166,572.9103,573.0023,573.0926,573.1636,573.1724,573.1812,573.19,573.1987,573.2075,573.2162,573.2249,573.2336,573.2423,573.2509,573.2596,573.2682,573.2768,573.2854,573.294,573.3026,573.3111,573.3196,573.3281,573.3366,573.3451,573.3536,573.3621,573.3705,573.3789,573.3873,573.3957,573.4041,573.4124,573.4208,573.4291,573.4374,573.4457,573.454,573.4623,573.4705,573.4788,573.487,573.4952,573.5034,573.5116,573.5197,573.5279,573.536,573.5441,573.5522,573.5603,573.5684,573.5764,573.5845,573.5925,573.6005,573.6085,573.6165,573.6244,573.6324,573.6403,573.6482,573.6562,573.664,573.6719,573.6798,573.6876,573.6955,573.7033,573.7111,573.7189,573.7267,573.7344,573.7422,573.7499,573.7576,573.7653,573.773,573.7807,573.7883,573.796,573.8036,573.8112,573.8188,573.834,573.909
1350.0,571.8464,571.9975,572.1456,572.2908,572.4332,572.5729,572.71,572.8445,572.9764,573.1059,573.233,573.3578,573.4802,573.6004,573.7183,573.8341,573.9477,574.0592,574.1687,574.2762,574.3817,574.4853,574.5869,574.6867,574.7847,574.8809,574.9566,574.966,574.9754,574.9847,574.994,575.0034,575.0127,575.0219,575.0312,575.0404,575.0497,575.0589,575.0681,575.0773,575.0864,575.0956,575.1047,575.1138,575.1229,575.132,575.141,575.1501,575.1591,575.1681,575.1771,575.1861,575.1951,575.204,575.2129,575.2218,575.2307,575.2396,575.2485,575.2573,575.2662,575.275,575.2838,575.2926,575.3013,575.3101,575.3188,575.3275,575.3362,575.3449,575.3536,575.3622,575.3709,575.3795,575.3881,575.3967,575.4053,575.4138,575.4224,575.4309,575.4394,575.4479,575.4564,575.4649,575.4733,575.4818,575.4902,575.4986,575.507,575.5153,575.5237,575.532,575.5404,575.5487,575.557,575.5653,575.5735,575.5818,575.59,575.5982,575.6064,575.6146,575.6228,575.631,575.6391,575.6473,575.6554,575.6716,575.7516
1360.0,573.4255,573.5865,573.7442,573.8988,574.0503,574.1988,574.3445,574.4875,574.6277,574.7654,574.9005,575.033,575.1631,575.2908,575.4162,575.5392,575.66,575.7786,575.895,576.0093,576.1214,576.2316,576.3397,576.4458,576.5501,576.6524,576.7329,576.7429,576.7529,576.7628,576.7728,576.7827,576.7926,576.8024,576.8123,576.8221,576.832,576.8418,576.8516,576.8613,576.8711,576.8808,576.8905,576.9002,576.9099,576.9196,576.9292,576.9388,576.9484,576.958,576.9676,576.9772,576.9867,576.9962,577.0057,577.0152,577.0247,577.0341,577.0436,577.053,577.0624,577.0718,577.0811,577.0905,577.0998,577.1091,577.1184,577.1277,577.137,577.1462,577.1555,577.1647,577.1739,577.1831,577.1922,577.2014,577.2105,577.2196,577.2287,577.2378,577.2469,577.2559,577.265,577.274,577.283,577.292,577.3009,577.3099,577.3188,577.3277,577.3366,577.3455,577.3544,577.3633,577.3721,577.3809,577.3897,577.3985,577.4073,577.416,577.4248,577.4335,577.4422,577.4509,577.4596,577.4683,577.4769,577.4942,577.5795
1370.0,574.977,575.1487,575.3167,575.4812,575.6424,575.8004,575.9553,576.1072,576.2562,576.4024,576.5458,576.6866,576.8248,576.9604,577.0935,577.2241,577.3524,577.4783,577.6019,577.7233,577.8424,577.9594,578.0743,578.1871,578.2978,578.4065,578.4921,578.5027,578.5133,578.5239,578.5344,578.5449,578.5555,578.566,578.5764,578.5869,578.5973,578.6077,578.6181,578.6285,578.6389,578.6492,578.6596,578.6699,578.6802,578.6904,578.7007,578.7109,578.7211,578.7313,578.7415,578.7516,578.7618,578.7719,578.782,578.7921,578.8022,578.8122,578.8222,578.8323,578.8423,578.8522,578.8622,578.8721,578.882,578.892,578.9018,578.9117,578.9216,578.9314,578.9412,578.951,578.9608,578.9706,578.9803,578.99,578.9997,579.0094,579.0191,579.0288,579.0384,579.048,579.0576,579.0672,579.0768,579.0864,579.0959,579.1054,579.1149,579.1244,579.1339,579.1433,579.1528,579.1622,579.1716,579.181,579.1903,579.1997,579.209,579.2183,579.2276,579.2369,579.2462,579.2554,579.2647,579.2739,579.2831,579.3014,579.3922
1380.0,576.4992,576.6825,576.8617,577.037,577.2085,577.3765,577.5412,577.7025,577.8608,578.016,578.1683,578.3177,578.4643,578.6082,578.7494,578.8881,579.0242,579.1578,579.2889,579.4177,579.5441,579.6683,579.7901,579.9098,580.0273,580.1427,580.2336,580.2448,580.2561,580.2673,580.2785,580.2897,580.3008,580.312,580.3231,580.3342,580.3453,580.3563,580.3674,580.3784,580.3894,580.4004,580.4113,580.4223,580.4332,580.4441,580.455,580.4658,580.4767,580.4875,580.4983,580.5091,580.5199,580.5306,580.5413,580.552,580.5627,580.5734,580.584,580.5947,580.6053,580.6159,580.6265,580.637,580.6475,580.6581,580.6686,580.679,580.6895,580.6999,580.7104,580.7208,580.7312,580.7415,580.7519,580.7622,580.7725,580.7828,580.7931,580.8033,580.8136,580.8238,580.834,580.8442,580.8543,580.8645,580.8746,580.8847,580.8948,580.9049,580.915,580.925,580.935,580.945,580.955,580.965,580.9749,580.9849,580.9948,581.0047,581.0146,581.0244,581.0343,581.0441,581.0539,581.0637,581.0735,581.093,581.1894
1390.0,577.9902,578.1862,578.3776,578.5645,578.7472,578.926,579.101,579.2725,579.4406,579.6053,579.7669,579.9254,580.0809,580.2335,580.3833,580.5303,580.6746,580.8162,580.9553,581.0918,581.2259,581.3575,581.4867,581.6136,581.7382,581.8605,581.9568,581.9688,581.9807,581.9926,582.0045,582.0163,582.0282,582.04,582.0518,582.0635,582.0753,582.087,582.0987,582.1104,582.1221,582.1337,582.1453,582.1569,582.1685,582.1801,582.1916,582.2031,582.2146,582.2261,582.2376,582.249,582.2604,582.2718,582.2832,582.2946,582.3059,582.3172,582.3285,582.3398,582.351,582.3623,582.3735,582.3847,582.3958,582.407,582.4181,582.4292,582.4403,582.4514,582.4625,582.4735,582.4845,582.4955,582.5065,582.5175,582.5284,582.5393,582.5502,582.5611,582.5719,582.5828,582.5936,582.6044,582.6152,582.626,582.6367,582.6474,582.6581,582.6688,582.6795,582.6901,582.7008,582.7114,582.722,582.7325,582.7431,582.7536,582.7642,582.7747,582.7851,582.7956,582.806,582.8165,582.8269,582.8373,582.8476,582.8683,582.9707
1400.0,579.4476,579.6577,579.8624,580.062,580.2569,580.4473,580.6336,580.8159,580.9944,581.1693,581.3408,581.5089,581.6738,581.8356,581.9943,582.1501,582.303,582.4531,582.6004,582.745,582.887,583.0264,583.1633,583.2977,583.4297,583.5593,583.6614,583.674,583.6866,583.6992,583.7118,583.7244,583.7369,583.7494,583.7619,583.7744,583.7868,583.7993,583.8117,583.824,583.8364,583.8487,583.8611,583.8733,583.8856,583.8979,583.9101,583.9223,583.9345,583.9466,583.9588,583.9709,583.983,583.9951,584.0071,584.0191,584.0311,584.0431,584.0551,584.067,584.079,584.0909,584.1027,584.1146,584.1264,584.1383,584.1501,584.1618,584.1736,584.1853,584.197,584.2087,584.2204,584.232,584.2437,584.2553,584.2669,584.2784,584.29,584.3015,584.313,584.3245,584.336,584.3474,584.3588,584.3703,584.3816,584.393,584.4043,584.4157,584.427,584.4383,584.4495,584.4608,584.472,584.4832,584.4944,584.5056,584.5167,584.5278,584.5389,584.55,584.5611,584.5721,584.5832,584.5942,584.6052,584.6271,584.7355
1410.0,580.8687,581.0945,581.3139,581.5276,581.7358,581.9389,582.1373,582.3313,582.5211,582.7069,582.8888,583.0672,583.242,583.4134,583.5816,583.7466,583.9085,584.0674,584.2234,584.3765,584.5269,584.6744,584.8193,584.9616,585.1013,585.2386,585.3466,585.3599,585.3733,585.3866,585.4,585.4133,585.4265,585.4398,585.453,585.4662,585.4794,585.4925,585.5056,585.5188,585.5318,585.5449,585.5579,585.5709,585.5839,585.5969,585.6098,585.6227,585.6356,585.6485,585.6614,585.6742,585.687,585.6998,585.7125,585.7253,585.738,585.7507,585.7633,585.776,585.7886,585.8012,585.8138,585.8263,585.8388,585.8513,585.8638,585.8763,585.8887,585.9012,585.9136,585.9259,585.9383,585.9506,585.9629,585.9752,585.9875,585.9997,586.012,586.0242,586.0363,586.0485,586.0606,586.0727,586.0848,586.0969,586.109,586.121,586.133,586.145,586.157,586.1689,586.1808,586.1927,586.2046,586.2165,586.2283,586.2401,586.2519,586.2637,586.2755,586.2872,586.2989,586.3106,586.3223,586.334,586.3456,586.3688,586.4836
1420.0,582.2505,582.4937,582.7297,582.9588,583.1817,583.3988,583.6105,583.8172,584.0191,584.2165,584.4098,584.599,584.7844,584.9661,585.1442,585.319,585.4904,585.6586,585.8237,585.9857,586.1447,586.3009,586.4542,586.6047,586.7525,586.8976,587.0118,587.026,587.0401,587.0542,587.0683,587.0824,587.0964,587.1104,587.1244,587.1384,587.1523,587.1662,587.1801,587.194,587.2078,587.2216,587.2354,587.2491,587.2629,587.2766,587.2903,587.3039,587.3176,587.3312,587.3448,587.3583,587.3719,587.3854,587.3989,587.4124,587.4258,587.4392,587.4526,587.466,587.4793,587.4927,587.506,587.5192,587.5325,587.5457,587.5589,587.5721,587.5853,587.5984,587.6115,587.6246,587.6377,587.6507,587.6637,587.6767,587.6897,587.7027,587.7156,587.7285,587.7414,587.7542,587.7671,587.7799,587.7927,587.8054,587.8182,587.8309,587.8436,587.8563,587.8689,587.8816,587.8942,587.9068,587.9193,587.9319,587.9444,587.9569,587.9694,587.9818,587.9943,588.0067,588.0191,588.0315,588.0438,588.0561,588.0684,588.093,588.2144
1430.0,583.5895,583.8523,584.1066,584.3531,584.5923,584.8248,585.0511,585.2716,585.4868,585.6969,585.9022,586.1031,586.2998,586.4924,586.6812,586.8662,587.0477,587.2257,587.4003,587.5717,587.7399,587.905,588.067,588.2262,588.3824,588.5358,588.6566,588.6715,588.6865,588.7014,588.7163,588.7311,588.746,588.7608,588.7756,588.7903,588.805,588.8197,588.8344,588.8491,588.8637,588.8783,588.8928,588.9074,588.9219,588.9364,588.9509,588.9653,588.9797,588.9941,589.0085,589.0228,589.0371,589.0514,589.0657,589.0799,589.0941,589.1083,589.1224,589.1366,589.1507,589.1648,589.1788,589.1928,589.2068,589.2208,589.2348,589.2487,589.2626,589.2765,589.2904,589.3042,589.318,589.3318,589.3455,589.3593,589.373,589.3867,589.4003,589.414,589.4276,589.4412,589.4547,589.4683,589.4818,589.4953,589.5088,589.5222,589.5356,589.549,589.5624,589.5758,589.5891,589.6024,589.6157,589.6289,589.6422,589.6554,589.6686,589.6817,589.6949,589.708,589.7211,589.7341,589.7472,589.7602,589.7732,589.7992,589.9275
1440.0,584.8821,585.1667,585.4416,585.7073,585.9647,586.2143,586.4568,586.6926,586.9222,587.1461,587.3646,587.5782,587.787,587.9913,588.1913,588.3873,588.5794,588.7677,588.9525,589.1337,589.3115,589.486,589.6573,589.8254,589.9905,590.1525,590.2801,590.2959,590.3117,590.3274,590.3432,590.3589,590.3745,590.3902,590.4058,590.4214,590.4369,590.4525,590.468,590.4834,590.4989,590.5143,590.5297,590.5451,590.5604,590.5757,590.591,590.6062,590.6214,590.6366,590.6518,590.667,590.6821,590.6972,590.7122,590.7272,590.7422,590.7572,590.7722,590.7871,590.802,590.8169,590.8317,590.8465,590.8613,590.8761,590.8908,590.9056,590.9202,590.9349,590.9495,590.9641,590.9787,590.9933,591.0078,591.0223,591.0368,591.0512,591.0657,591.0801,591.0945,591.1088,591.1231,591.1374,591.1517,591.166,591.1802,591.1944,591.2085,591.2227,591.2368,591.2509,591.265,591.279,591.2931,591.3071,591.321,591.335,591.3489,591.3628,591.3767,591.3905,591.4044,591.4182,591.432,591.4457,591.4594,591.4868,591.6223
1450.0,586.1247,586.4334,586.731,587.0183,587.2959,587.5645,587.8249,588.0776,588.3232,588.5622,588.7952,589.0224,589.2443,589.4612,589.6734,589.8811,590.0845,590.2838,590.4792,590.6708,590.8587,591.0431,591.2241,591.4016,591.576,591.7471,591.8818,591.8985,591.9151,591.9318,591.9484,591.9649,591.9815,591.998,592.0145,592.0309,592.0474,592.0638,592.0801,592.0965,592.1128,592.129,592.1453,592.1615,592.1777,592.1938,592.21,592.2261,592.2421,592.2582,592.2742,592.2902,592.3061,592.322,592.3379,592.3538,592.3697,592.3855,592.4012,592.417,592.4327,592.4484,592.4641,592.4797,592.4953,592.5109,592.5265,592.542,592.5575,592.573,592.5884,592.6039,592.6192,592.6346,592.6499,592.6652,592.6805,592.6958,592.711,592.7262,592.7414,592.7565,592.7716,592.7867,592.8018,592.8168,592.8318,592.8468,592.8618,592.8767,592.8916,592.9065,592.9214,592.9362,592.951,592.9658,592.9805,592.9952,593.0099,593.0246,593.0392,593.0538,593.0684,593.083,593.0975,593.1121,593.1265,593.1554,593.2984
1460.0,587.3136,587.6488,587.9715,588.2824,588.5824,588.8722,589.1525,589.4239,589.6872,589.943,590.1917,590.434,590.6702,590.9007,591.126,591.3462,591.5617,591.7727,591.9794,592.182,592.3806,592.5755,592.7666,592.9541,593.1381,593.3188,593.4609,593.4785,593.4961,593.5136,593.5312,593.5487,593.5661,593.5835,593.6009,593.6183,593.6356,593.6529,593.6702,593.6874,593.7046,593.7218,593.7389,593.756,593.7731,593.7902,593.8072,593.8242,593.8411,593.8581,593.8749,593.8918,593.9086,593.9254,593.9422,593.959,593.9757,593.9923,594.009,594.0256,594.0422,594.0588,594.0753,594.0918,594.1083,594.1247,594.1411,594.1575,594.1738,594.1902,594.2065,594.2227,594.239,594.2552,594.2713,594.2875,594.3036,594.3197,594.3358,594.3518,594.3678,594.3838,594.3997,594.4156,594.4315,594.4474,594.4632,594.479,594.4948,594.5105,594.5263,594.5419,594.5576,594.5732,594.5889,594.6044,594.62,594.6355,594.651,594.6665,594.6819,594.6973,594.7127,594.7281,594.7434,594.7587,594.774,594.8045,594.9553
1470.0,588.4459,588.8095,589.1594,589.4964,589.821,590.1341,590.4364,590.7286,591.0115,591.2857,591.5519,591.8107,592.0625,592.3079,592.5474,592.7812,593.0097,593.2332,593.452,593.6663,593.8763,594.0821,594.2839,594.4819,594.6761,594.8667,595.0167,595.0353,595.0538,595.0723,595.0908,595.1093,595.1277,595.1461,595.1644,595.1827,595.201,595.2192,595.2375,595.2556,595.2738,595.2919,595.31,595.328,595.346,595.364,595.3819,595.3999,595.4177,595.4356,595.4534,595.4712,595.4889,595.5067,595.5243,595.542,595.5596,595.5772,595.5948,595.6123,595.6298,595.6472,595.6647,595.6821,595.6994,595.7168,595.7341,595.7513,595.7686,595.7858,595.803,595.8201,595.8372,595.8543,595.8714,595.8884,595.9054,595.9223,595.9393,595.9562,595.973,595.9899,596.0067,596.0235,596.0402,596.0569,596.0736,596.0903,596.1069,596.1235,596.1401,596.1566,596.1731,596.1896,596.2061,596.2225,596.2389,596.2553,596.2716,596.2879,596.3042,596.3204,596.3366,596.3528,596.369,596.3851,596.4012,596.4334,596.5923
1480.0,589.5191,589.9129,590.2919,590.6569,591.0083,591.3469,591.6734,591.9886,592.2931,592.5877,592.8732,593.1501,593.4192,593.6809,593.9357,594.1843,594.4269,594.6639,594.8956,595.1224,595.3444,595.562,595.7751,595.9841,596.1891,596.3902,596.5484,596.568,596.5875,596.6071,596.6266,596.646,596.6654,596.6848,596.7042,596.7235,596.7427,596.762,596.7812,596.8003,596.8195,596.8386,596.8576,596.8767,596.8956,596.9146,596.9335,596.9524,596.9713,596.9901,597.0088,597.0276,597.0463,597.065,597.0836,597.1022,597.1208,597.1393,597.1578,597.1763,597.1948,597.2132,597.2315,597.2499,597.2682,597.2864,597.3047,597.3229,597.341,597.3592,597.3773,597.3954,597.4134,597.4314,597.4494,597.4673,597.4852,597.5031,597.5209,597.5387,597.5565,597.5743,597.592,597.6097,597.6273,597.6449,597.6625,597.6801,597.6976,597.7151,597.7325,597.75,597.7674,597.7847,597.8021,597.8194,597.8366,597.8539,597.8711,597.8883,597.9054,597.9225,597.9396,597.9567,597.9737,597.9907,598.0077,598.0415,598.2089
1490.0,590.532,590.957,591.3666,591.7612,592.1413,592.5075,592.8603,593.2005,593.5288,593.8459,594.1526,594.4496,594.7375,595.0172,595.289,595.5536,595.8115,596.0631,596.3089,596.549,596.784,597.0139,597.2392,597.4599,597.6762,597.8883,598.0551,598.0758,598.0964,598.117,598.1376,598.1581,598.1785,598.199,598.2194,598.2397,598.2601,598.2803,598.3006,598.3208,598.3409,598.3611,598.3812,598.4012,598.4212,598.4412,598.4611,598.481,598.5009,598.5207,598.5405,598.5603,598.58,598.5997,598.6193,598.6389,598.6585,598.678,598.6975,598.717,598.7364,598.7558,598.7752,598.7945,598.8138,598.833,598.8522,598.8714,598.8906,598.9097,598.9287,598.9478,598.9668,598.9857,599.0047,599.0236,599.0424,599.0613,599.0801,599.0988,599.1175,599.1362,599.1549,599.1735,599.1921,599.2107,599.2292,599.2477,599.2661,599.2845,599.3029,599.3213,599.3396,599.3579,599.3761,599.3944,599.4126,599.4307,599.4488,599.4669,599.485,599.503,599.521,599.539,599.5569,599.5748,599.5926,599.6283,599.8045
1500.0,591.4841,591.9409,592.3819,592.8075,593.2177,593.6131,593.9941,594.3614,594.7155,595.0572,595.3871,595.7062,596.015,596.3143,596.6048,596.887,597.1616,597.4291,597.69,597.9447,598.1935,598.4368,598.6748,598.908,599.1363,599.3601,599.536,599.5578,599.5796,599.6013,599.6229,599.6446,599.6662,599.6877,599.7092,599.7307,599.7521,599.7734,599.7948,599.8161,599.8373,599.8585,599.8797,599.9008,599.9219,599.943,599.964,599.985,600.0059,600.0268,600.0476,600.0685,600.0892,600.11,600.1307,600.1513,600.1719,600.1925,600.2131,600.2336,600.254,600.2745,600.2948,600.3152,600.3355,600.3558,600.376,600.3962,600.4164,600.4365,600.4566,600.4766,600.4966,600.5166,600.5365,600.5565,600.5763,600.5961,600.6159,600.6357,600.6554,600.6751,600.6947,600.7143,600.7339,600.7534,600.7729,600.7924,600.8118,600.8312,600.8506,600.8699,600.8892,600.9085,600.9277,600.9469,600.966,600.9851,601.0042,601.0232,601.0422,601.0612,601.0802,601.0991,601.1179,601.1368,601.1556,601.1931,601.3786
1510.0,592.3762,592.8647,593.3375,593.7945,594.2359,594.6618,595.0725,595.4686,595.8504,596.2186,596.5739,596.917,597.2487,597.5696,597.8805,598.1821,598.475,598.7598,599.0372,599.3075,599.5713,599.829,600.0808,600.3272,600.5684,600.8046,600.9901,601.0131,601.036,601.0589,601.0818,601.1046,601.1273,601.15,601.1727,601.1953,601.2179,601.2404,601.2629,601.2853,601.3077,601.3301,601.3524,601.3747,601.3969,601.4191,601.4412,601.4633,601.4854,601.5074,601.5294,601.5513,601.5732,601.595,601.6168,601.6386,601.6603,601.682,601.7036,601.7252,601.7468,601.7683,601.7897,601.8112,601.8326,601.8539,601.8752,601.8965,601.9177,601.9389,601.96,601.9812,602.0022,602.0233,602.0442,602.0652,602.0861,602.107,602.1278,602.1486,602.1694,602.1901,602.2108,602.2314,602.252,602.2726,602.2931,602.3136,602.334,602.3544,602.3748,602.3952,602.4155,602.4357,602.4559,602.4761,602.4963,602.5164,602.5365,602.5565,602.5765,602.5965,602.6164,602.6363,602.6562,602.676,602.6958,602.7352,602.9304
1520.0,593.2099,593.7295,594.2337,594.7224,595.1953,595.6524,596.0939,596.52,596.9311,597.3276,597.7101,598.0793,598.4357,598.7802,599.1135,599.4362,599.7492,600.053,600.3484,600.6358,600.9158,601.189,601.4557,601.7163,601.9711,602.2205,602.4163,602.4405,602.4647,602.4888,602.5129,602.537,602.561,602.5849,602.6088,602.6327,602.6565,602.6802,602.7039,602.7276,602.7512,602.7748,602.7983,602.8217,602.8452,602.8685,602.8919,602.9152,602.9384,602.9616,602.9847,603.0078,603.0309,603.0539,603.0769,603.0998,603.1227,603.1455,603.1683,603.191,603.2137,603.2364,603.259,603.2816,603.3041,603.3266,603.349,603.3714,603.3937,603.4161,603.4383,603.4605,603.4827,603.5049,603.527,603.549,603.571,603.593,603.6149,603.6368,603.6587,603.6805,603.7022,603.724,603.7456,603.7673,603.7889,603.8104,603.832,603.8534,603.8749,603.8963,603.9176,603.939,603.9602,603.9815,604.0027,604.0238,604.045,604.066,604.0871,604.1081,604.129,604.15,604.1709,604.1917,604.2125,604.254,604.4593
1530.0,593.9879,594.5375,595.0723,595.592,596.0962,596.5847,597.0574,597.5144,597.9559,598.3821,598.7934,599.1903,599.5734,599.9434,600.301,600.6468,600.9817,601.3063,601.6212,601.9273,602.225,602.515,602.7977,603.0736,603.3432,603.6066,603.8133,603.8389,603.8644,603.8899,603.9153,603.9407,603.966,603.9913,604.0165,604.0416,604.0667,604.0918,604.1168,604.1417,604.1666,604.1915,604.2163,604.241,604.2657,604.2903,604.3149,604.3395,604.364,604.3884,604.4128,604.4371,604.4614,604.4857,604.5099,604.534,604.5581,604.5822,604.6062,604.6301,604.654,604.6779,604.7017,604.7255,604.7492,604.7729,604.7965,604.8201,604.8436,604.8671,604.8905,604.9139,604.9373,604.9606,604.9838,605.0071,605.0302,605.0533,605.0764,605.0995,605.1225,605.1454,605.1683,605.1912,605.214,605.2368,605.2595,605.2822,605.3048,605.3274,605.35,605.3725,605.3949,605.4174,605.4398,605.4621,605.4844,605.5067,605.5289,605.5511,605.5732,605.5953,605.6173,605.6393,605.6613,605.6832,605.7051,605.7488,605.9646
1540.0,594.7132,595.2913,595.8554,596.4051,596.9399,597.4594,597.9633,598.4515,598.9239,599.3807,599.8219,600.2481,600.6595,601.0567,601.4404,601.8112,602.1698,602.517,602.8534,603.1798,603.4968,603.805,604.1051,604.3976,604.683,604.9616,605.18,605.207,605.2339,605.2608,605.2877,605.3144,605.3412,605.3678,605.3944,605.421,605.4475,605.4739,605.5003,605.5266,605.5529,605.5791,605.6052,605.6313,605.6573,605.6833,605.7093,605.7351,605.7609,605.7867,605.8124,605.8381,605.8637,605.8892,605.9147,605.9402,605.9656,605.9909,606.0162,606.0414,606.0666,606.0918,606.1169,606.1419,606.1669,606.1918,606.2167,606.2415,606.2663,606.291,606.3157,606.3403,606.3649,606.3895,606.4139,606.4384,606.4628,606.4871,606.5114,606.5357,606.5599,606.584,606.6081,606.6322,606.6562,606.6801,606.704,606.7279,606.7517,606.7755,606.7992,606.8229,606.8466,606.8702,606.8937,606.9172,606.9407,606.9641,606.9874,607.0108,607.034,607.0573,607.0805,607.1036,607.1267,607.1498,607.1728,607.2187,607.4456
1550.0,595.3891,595.9941,596.586,597.1644,597.7286,598.2782,598.8127,599.3318,599.8352,600.3229,600.7948,601.2511,601.692,602.118,602.5294,602.9269,603.3111,603.6827,604.0424,604.3908,604.7288,605.0569,605.3759,605.6864,605.9888,606.2838,606.5147,606.5433,606.5717,606.6002,606.6285,606.6568,606.685,606.7132,606.7413,606.7693,606.7973,606.8252,606.8531,606.8809,606.9086,606.9362,606.9638,606.9914,607.0188,607.0463,607.0736,607.1009,607.1281,607.1553,607.1824,607.2095,607.2365,607.2634,607.2903,607.3172,607.3439,607.3706,607.3973,607.4239,607.4504,607.4769,607.5034,607.5297,607.5561,607.5823,607.6085,607.6347,607.6608,607.6868,607.7128,607.7388,607.7647,607.7905,607.8163,607.842,607.8677,607.8933,607.9189,607.9444,607.9699,607.9953,608.0207,608.046,608.0713,608.0965,608.1216,608.1468,608.1718,608.1968,608.2218,608.2467,608.2716,608.2964,608.3212,608.3459,608.3706,608.3952,608.4198,608.4443,608.4688,608.4932,608.5176,608.542,608.5662,608.5905,608.6147,608.6629,608.9015
1560.0,596.0194,596.6493,597.2674,597.8728,598.465,599.0434,599.6074,600.1566,600.6906,601.209,601.7117,602.1987,602.6699,603.1256,603.5661,603.9918,604.4032,604.801,605.1857,605.558,605.9187,606.2684,606.608,606.9379,607.2589,607.5715,607.8159,607.8461,607.8763,607.9063,607.9363,607.9663,607.9961,608.0259,608.0556,608.0852,608.1148,608.1443,608.1737,608.2031,608.2323,608.2616,608.2907,608.3198,608.3488,608.3777,608.4066,608.4354,608.4642,608.4929,608.5215,608.5501,608.5785,608.607,608.6353,608.6636,608.6919,608.72,608.7482,608.7762,608.8042,608.8321,608.86,608.8878,608.9156,608.9432,608.9709,608.9984,609.0259,609.0534,609.0808,609.1081,609.1354,609.1626,609.1898,609.2169,609.2439,609.2709,609.2978,609.3247,609.3515,609.3783,609.405,609.4316,609.4582,609.4848,609.5113,609.5377,609.5641,609.5904,609.6167,609.6429,609.6691,609.6952,609.7213,609.7473,609.7732,609.7991,609.825,609.8508,609.8765,609.9022,609.9279,609.9535,609.979,610.0045,610.03,610.0807,610.3314
1570.0,596.6076,597.2607,597.903,598.5337,599.1522,599.7579,600.3501,600.9282,601.4918,602.0403,602.5735,603.0911,603.5929,604.0789,604.5493,605.0044,605.4443,605.8697,606.2811,606.679,607.0642,607.4372,607.799,608.15,608.4911,608.8228,609.0818,609.1138,609.1458,609.1776,609.2094,609.241,609.2726,609.3041,609.3356,609.3669,609.3982,609.4294,609.4605,609.4916,609.5225,609.5534,609.5843,609.615,609.6457,609.6763,609.7068,609.7372,609.7676,609.7979,609.8281,609.8583,609.8884,609.9184,609.9483,609.9782,610.008,610.0378,610.0674,610.097,610.1266,610.156,610.1854,610.2148,610.244,610.2733,610.3024,610.3315,610.3605,610.3894,610.4183,610.4471,610.4758,610.5045,610.5332,610.5617,610.5902,610.6186,610.647,610.6753,610.7036,610.7318,610.7599,610.788,610.816,610.8439,610.8718,610.8997,610.9274,610.9552,610.9828,611.0104,611.038,611.0654,611.0929,611.1202,611.1476,611.1748,611.202,611.2292,611.2562,611.2833,611.3103,611.3372,611.364,611.3909,611.4176,611.471,611.7346
1580.0,597.1572,597.8317,598.4964,599.1506,599.7936,600.4249,601.0437,601.6493,602.2412,602.8188,603.3816,603.9292,604.4614,604.9779,605.4786,605.9636,606.4331,606.8873,607.3267,607.7517,608.163,608.5611,608.9467,609.3206,609.6833,610.0357,610.3105,610.3445,610.3783,610.4121,610.4457,610.4793,610.5128,610.5462,610.5795,610.6127,610.6458,610.6788,610.7118,610.7447,610.7774,610.8101,610.8428,610.8753,610.9077,610.9401,610.9724,611.0046,611.0367,611.0688,611.1007,611.1326,611.1644,611.1961,611.2278,611.2594,611.2909,611.3223,611.3536,611.3849,611.4161,611.4472,611.4782,611.5092,611.5401,611.5709,611.6017,611.6324,611.663,611.6935,611.724,611.7544,611.7847,611.8149,611.8451,611.8753,611.9053,611.9353,611.9652,611.995,612.0248,612.0545,612.0842,612.1138,612.1433,612.1727,612.2021,612.2314,612.2607,612.2899,612.319,612.3481,612.3771,612.406,612.4349,612.4637,612.4925,612.5212,612.5498,612.5784,612.6069,612.6353,612.6637,612.692,612.7203,612.7485,612.7767,612.8328,613.11
1590.0,597.6715,598.3656,599.0509,599.7268,600.3927,601.0477,601.6913,602.3228,602.9415,603.5468,604.1381,604.7149,605.2767,605.8232,606.3541,606.8694,607.3689,607.8527,608.3212,608.7746,609.2133,609.6379,610.0491,610.4474,610.8335,611.2081,611.5,611.536,611.5719,611.6078,611.6435,611.6791,611.7146,611.75,611.7853,611.8205,611.8557,611.8907,611.9256,611.9605,611.9952,612.0298,612.0644,612.0989,612.1332,612.1675,612.2017,612.2358,612.2698,612.3037,612.3375,612.3713,612.4049,612.4385,612.472,612.5054,612.5387,612.5719,612.605,612.6381,612.6711,612.704,612.7368,612.7695,612.8021,612.8347,612.8672,612.8996,612.9319,612.9642,612.9963,613.0284,613.0605,613.0924,613.1242,613.156,613.1877,613.2194,613.2509,613.2824,613.3138,613.3452,613.3764,613.4076,613.4388,613.4698,613.5008,613.5317,613.5625,613.5933,613.624,613.6546,613.6852,613.7157,613.7461,613.7764,613.8067,613.8369,613.8671,613.8972,613.9272,613.9572,613.987,614.0169,614.0466,614.0763,614.1059,614.165,614.4566
1600.0,598.1537,598.8658,599.57,600.2659,600.9527,601.6298,602.2964,602.952,603.5959,604.2273,604.8456,605.4503,606.0408,606.6165,607.1771,607.7222,608.2518,608.7656,609.2637,609.7463,610.2136,610.6661,611.1042,611.5284,611.9395,612.338,612.6482,612.6865,612.7246,612.7626,612.8006,612.8384,612.8761,612.9137,612.9512,612.9885,613.0258,613.063,613.1,613.137,613.1738,613.2106,613.2472,613.2838,613.3202,613.3565,613.3928,613.4289,613.4649,613.5009,613.5367,613.5724,613.6081,613.6436,613.6791,613.7144,613.7497,613.7849,613.8199,613.8549,613.8898,613.9246,613.9593,613.9939,614.0285,614.0629,614.0972,614.1315,614.1657,614.1998,614.2338,614.2677,614.3015,614.3352,614.3689,614.4025,614.436,614.4694,614.5027,614.5359,614.5691,614.6022,614.6352,614.6681,614.7009,614.7337,614.7664,614.799,614.8315,614.864,614.8963,614.9286,614.9609,614.993,615.0251,615.0571,615.089,615.1208,615.1526,615.1843,615.216,615.2475,615.279,615.3104,615.3417,615.373,615.4042,615.4664,615.7733
