h(kJ/kg) \ P(MPa),0.1,0.6,1.1,1.6,2.1,2.6,3.1,3.6,4.1,4.6,5.1,5.6,6.1,6.6,7.1,7.6,8.1,8.6,9.1,9.6,10.1,10.6,11.1,11.6,12.1,12.6,13.0,13.05,13.1,13.15,13.2,13.25,13.3,13.35,13.4,13.45,13.5,13.55,13.6,13.65,13.7,13.75,13.8,13.85,13.9,13.95,14.0,14.05,14.1,14.15,14.2,14.25,14.3,14.35,14.4,14.45,14.5,14.55,14.6,14.65,14.7,14.75,14.8,14.85,14.9,14.95,15.0,15.05,15.1,15.15,15.2,15.25,15.3,15.35,15.4,15.45,15.5,15.55,15.6,15.65,15.7,15.75,15.8,15.85,15.9,15.95,16.0,16.05,16.1,16.15,16.2,16.25,16.3,16.35,16.4,16.45,16.5,16.55,16.6,16.65,16.7,16.75,16.8,16.85,16.9,16.95,17.0,17.1,17.6
50.0,0.9995121134324452,0.9997616624304174,1.000011065576098,1.000260323449184,1.0005094368451033,1.0007584064824728,1.0010072330041329,1.0012559171942494,1.0015044596172356,1.0017528611222608,1.0020011222677399,1.0022492438954829,1.002497226558112,1.0027450709483985,1.0029927778267826,1.003240347808708,1.0034877815777414,1.0037350798144935,1.0039822431966754,1.0042292723291806,1.004476168024213,1.0047229307416607,1.0049695612881697,1.0052160602584514,1.0054624283837021,1.005708666184804,1.0059055631141969,1.0059301693765652,1.0059547743881594,1.005979378080686,1.0060039805237257,1.0060285816490127,1.006053181526098,1.0060777800867442,1.0061023774004751,1.0061269733990794,1.006151568083225,1.0061761615223963,1.006200753648421,1.0062253445307552,1.006249934101253,1.0062745223605831,1.0062991093781593,1.006323695085877,1.0063482795531218,1.0063728627118156,1.0063974446313166,1.0064220252435747,1.0064466046179201,1.0064711826863284,1.006495759449465,1.00652033497662,1.006544909199809,1.0065694821882945,1.0065940538741165,1.0066186242579425,1.0066431934089919,1.0066677612593473,1.0066923278782014,1.0067168931976633,1.0067414572868993,1.006766020078043,1.0067905815717586,1.0068151418371716,1.0068397008064558,1.0068642585487106,1.0068888149961353,1.0069133702178028,1.0069379240775393,1.0069624767812002,1.006987028192626,1.007011578312477,1.0070361272097608,1.0070606748167656,1.0070852211341514,1.0071097662308872,1.0071343101075922,1.0071588526966078,1.007183393998592,1.007207934014206,1.0072324728123507,1.0072570103936462,1.0072815466904959,1.007306081703558,1.0073306155016828,1.0073551480173109,1.0073796792510998,1.007404209271861,1.0074287380802132,1.007453265608648,1.007477791857821,1.007502316896494,1.0075268406571931,1.0075513631405748,1.007575884415362,1.0076004044821714,1.0076249232735814,1.0076494407902463,1.007673957032821,1.007698472069965,1.0077229859022954,1.0077474984624504,1.0077720097510843,1.0077965198368053,1.0078210286522875,1.0078455361981857,1.0078700425430702,1.007919051564371,1.0081640221771198
60.0,0.9992080320870295,0.9994582215400556,0.9997082565078514,0.999958137637886,1.000207865574568,1.0004574411423595,1.0007068650697786,1.0009561379904648,1.0012052606261108,1.00145423369477,1.0017030579109105,1.0019517339854696,1.002200262535715,1.0024486442662315,1.002696879968055,1.0029449701592166,1.0031929157138042,1.0034407171440654,1.0036883752278607,1.0039358905613203,1.0041832639157773,1.0044304957929804,1.00467758704692,1.0049245382624397,1.0051713500221688,1.005418023170566,1.005615262163695,1.005639910841907,1.005664558108849,1.0056892040530387,1.0057138485872867,1.0057384918000827,1.0057631336042667,1.0057877740882963,1.0058124131650426,1.0058370508351837,1.005861687099398,1.005886322133801,1.00591095567587,1.005935587901704,1.0059602188119368,1.005984848231881,1.0060094764251934,1.0060341031295685,1.0060587285209601,1.006083352599999,1.0061079751921433,1.0061325965608283,1.0061572164439683,1.0061818350173681,1.0062064522816583,1.006231068149955,1.0062556826229316,1.0062802957887476,1.0063049075605608,1.006329517939045,1.0063541270123135,1.0063787347809963,1.006403341070896,1.0064279461449237,1.0064525497415115,1.006477152036113,1.0065017530293576,1.006526352634531,1.0065509508523034,1.0065755476833451,1.0066001432156246,1.0066247374497685,1.0066493302991348,1.00667392176439,1.0066985119334468,1.0067231007197033,1.0067476881238269,1.0067722742336858,1.0067968589627196,1.0068214423987678,1.0068460244552975,1.0068706052201204,1.00689518460673,1.0069197626157929,1.0069443393350774,1.0069689146781202,1.0069934887326601,1.007018061412261,1.0070426327175876,1.0070672026493046,1.0070917713821161,1.0071163386555853,1.007140904644403,1.0071654693491916,1.0071900325966419,1.0072145946483144,1.007239155243976,1.0072637146451027,1.0072882725915437,1.0073128292577957,1.0073373845575966,1.0073619385784784,1.0073864912342048,1.0074110425254377,1.0074355925396679,1.007460141190698,1.0074846885659934,1.0075092345793826,1.0075337792315262,1.0075583226098466,1.0075828646282141,1.0076319447611726,1.0078772660426352
70.0,0.9988355402641323,0.9990863885243373,0.9993370736050823,0.9995875964819909,0.9998379575758451,1.000088157744319,1.0003381978402248,1.0005880782749303,1.000837800112158,1.0010873638655369,1.001336770263642,1.0015860200313005,1.0018351137814832,1.00208405244818,1.0023328365291586,1.002581466735334,1.0028299437741206,1.0030782683494768,1.0033264411619616,1.0035744629087837,1.003822334070522,1.004070055658364,1.004317628040293,1.0045650521139418,1.0048123283485644,1.005059457529136,1.0052570553938625,1.0052817485074508,1.005306440225663,1.0053311305491417,1.0053558193729133,1.00538050659207,1.0054051925240994,1.0054298769584615,1.0054545598958455,1.005479241442475,1.005503921493474,1.0055286001550314,1.005553277216817,1.0055779529959767,1.0056026271767404,1.005627300076158,1.0056519713785537,1.005676641295476,1.0057013097221728,1.005725976764705,1.005750642318352,1.0057753063838002,1.0057999690670614,1.0058246303687741,1.0058492901842786,1.0058739484089814,1.0058986053594055,1.0059232608256437,1.0059479148083788,1.0059725674135125,1.0059972185364783,1.0060218682831454,1.006046516548979,1.0060711633346597,1.0060958086408716,1.0061204526785419,1.0061450951329345,1.0061697362149618,1.0061943758201817,1.0062190140543348,1.0062436508130095,1.006268286201916,1.0062929200116562,1.0063175525579555,1.0063421836314328,1.0063668131277939,1.0063914413626285,1.006416068126643,1.0064406934205155,1.0064653173498324,1.0064899398103302,1.0065145609075659,1.006539180432442,1.0065637987002256,1.0065884153970017,1.0066130307331285,1.0066376447092347,1.006662257221162,1.0066868682695864,1.0067114779599393,1.0067360860833627,1.0067606929547621,1.006785298365293,1.0068099023156292,1.0068345049111267,1.006859106047745,1.0068837057261573,1.0069083040516729,1.0069329009202956,1.0069574964373078,1.0069820903941447,1.0070066831052629,1.0070312743621135,1.007055864165367,1.0070804525156931,1.0071050396228058,1.007129625173764,1.0071542092737737,1.0071787920279829,1.007203373437016,1.0072279533970485,1.0072771090772035,1.0075228032665724
80.0,0.998398324730497,0.9986498577884244,0.9989012191286989,0.9991524099051563,0.9994034303763472,0.9996542818135468,0.9999049644687137,1.0001554793505587,1.0004058270839342,1.0006560084163159,1.000906024091189,1.0011558747227494,1.0014055611724328,1.0016550840471252,1.0019044440754812,1.0021536421069326,1.0024026784891107,1.0026515541890322,1.0029002699206593,1.00314882627067,1.0033972239465576,1.0036454635289966,1.0038935459655152,1.0041414715838497,1.0043892413246538,1.0046368557559722,1.0048348359406347,1.004859576608967,1.004884315565796,1.0049090530567455,1.0049337890824661,1.0049585233988143,1.0049832563736865,1.005007987762955,1.005032717567323,1.0050574457874926,1.0050821725464771,1.0051068977226318,1.0051316214389356,1.0051563435737771,1.005181064127859,1.0052057832241041,1.005230500740955,1.0052552168013003,1.0052799312836154,1.0053046441885995,1.0053293557612277,1.0053540656357323,1.0053787739349678,1.0054034807817172,1.0054281861766268,1.0054528899982902,1.0054775922474053,1.0055022929246675,1.0055269921527739,1.005551689810385,1.0055763861421316,1.0056010806608058,1.0056257738549368,1.0056504654812852,1.0056751555405454,1.0056998441552931,1.0057245312043068,1.0057492168101272,1.0057739008515656,1.005798583329314,1.0058232643658638,1.0058479438400745,1.0058726217526377,1.0058972982259928,1.0059219731390494,1.0059466466142135,1.0059713185304264,1.005995988888378,1.006020657810424,1.0060453251755548,1.0060699911060917,1.0060946554810581,1.0061193184227422,1.0061439796886167,1.0061686395225513,1.006193297925184,1.0062179547756194,1.0062426100745439,1.0062672639441461,1.0062919162635777,1.0063165670335243,1.0063412163761243,1.0063658641705775,1.0063905105389896,1.0064151553605911,1.0064397987574558,1.0064644406088468,1.0064890809154483,1.0065137196779437,1.006538357018338,1.0065629928159605,1.0065876273140735,1.006612260028165,1.0066368914440476,1.0066615213198218,1.0066861496561677,1.0067107765749783,1.006735401955691,1.0067600259201641,1.0067846482267062,1.0068092692394843,1.0068585065382778,1.0071046042415253
90.0,0.9978996933930644,0.9981519428400656,0.9984040123884353,0.998655902827358,0.9989076149415443,0.9991591495112869,0.9994105073125135,0.9996616889744369,0.9999126952651163,1.00016352694839,1.0004141847839298,1.0006646693858088,1.0009149817887135,1.001165122175298,1.0014150918543363,1.001664891002354,1.001914520637796,1.0021639814932055,1.0024132741573841,1.0026623993559973,1.002911357811022,1.0031601501014433,1.003408777081758,1.0036572393242074,1.0039055375370776,1.004153672425195,1.0043520631302834,1.0043768546785894,1.0044016446899726,1.0044264330267416,1.0044512195512791,1.0044760046793104,1.004500788134845,1.0045255699186006,1.0045503501695545,1.0045751287501274,1.004599905799256,1.0046246811793993,1.004649454891273,1.0046742269355928,1.004698997589366,1.004723766438814,1.0047485337609237,1.0047732994182645,1.0047980635496214,1.0048228260175995,1.0048475868229116,1.0048723461042872,1.004897103724385,1.0049218598218965,1.0049466142595178,1.0049713670379603,1.0049961182958587,1.0050208678959631,1.0050456159768708,1.0050703624013686,1.0050951071701666,1.0051198504218055,1.0051445920191258,1.0051693319628372,1.0051940703914235,1.0052188073055384,1.0052435424303559,1.0052682760420797,1.0052930081413627,1.005317738591173,1.0053424673922162,1.0053671945451979,1.0053919201884554,1.0054166443226384,1.0054413668108044,1.0054660876536574,1.0054908068519024,1.0055155245437826,1.0055402407299485,1.0055649552735448,1.0055896680377892,1.0056143794358414,1.0056390891933964,1.0056637973111566,1.0056885039272372,1.0057132089048895,1.005737912244815,1.005762614085075,1.005787314288973,1.005812012994535,1.005836710065099,1.0058614055013646,1.0058860994413035,1.005910791748306,1.0059354824230704,1.0059601717407343,1.0059848592902834,1.006009545209652,1.0060342296367046,1.0060589125720842,1.0060835938793038,1.0061082735590583,1.0061329516120445,1.0061576281760367,1.0061823032516772,1.0062069767025643,1.0062316483923652,1.006256318732855,1.0062809874506389,1.0063056545464106,1.0063303201578204,1.0063796465193475,1.0066261846997335
100.0,0.9973426248013346,0.9975956263563447,0.9978484399638632,0.9981010664308578,0.9983535062425156,0.9986057606730454,0.9988578298826402,0.9991097149779011,0.9993614167438559,0.9996129358038356,0.9998642729348878,1.000115428909774,1.0003664043404215,1.000617199991878,1.0008678167811764,1.0011182553085325,1.0013685161710482,1.001618600273622,1.0018685082058636,1.002118240864368,1.0023677986766617,1.0026171825318966,1.002866393005897,1.0031154309798933,1.0033642970227497,1.0036129917005485,1.0038118246830412,1.0038366713168312,1.0038615160371367,1.0038863589982405,1.0039112003543478,1.0039360401061304,1.0039608781008356,1.0039857143391975,1.004010548975336,1.0040353818565573,1.0040602131369398,1.0040850425105066,1.0041098704379625,1.0041346966133518,1.0041595210374041,1.0041843437108515,1.0042091647876483,1.0042339841152612,1.0042588018476022,1.0042836178321797,1.0043084320697215,1.0043332447140798,1.0043580556128204,1.004382864919754,1.004407672482486,1.0044324783017442,1.0044572825312774,1.0044820850187506,1.0045068859178734,1.0045316850763482,1.004556482494901,1.004581278174257,1.004606072420949,1.0046308647769302,1.0046556555487134,1.0046804445841178,1.0047052320366927,1.0047300177542964,1.004754801737651,1.004779584140246,1.0048043648099974,1.0048291439003536,1.0048539212592704,1.0048786968874688,1.004903470938337,1.0049282432598885,1.0049530140054719,1.0049777830231392,1.0050025503136093,1.0050273160301713,1.0050520800209353,1.0050768422866183,1.005101602980451,1.0051263619505997,1.0051511193502545,1.0051758750276203,1.0052006289834143,1.0052253813707663,1.0052501320379392,1.0052748811380252,1.0052996285193243,1.0053243741825493,1.0053491182807357,1.005373860662239,1.0053986014800536,1.0054233404303126,1.005448077970513,1.005472813644583,1.0054975477577013,1.0055222801583357,1.0055470109993652,1.0055717401292967,1.0055964677009692,1.0056211935629267,1.0056459177158792,1.0056706403126086,1.0056953612017143,1.0057200805359399,1.0057447980119063,1.0057695140863696,1.0057942283039905,1.0058436519314617,1.0060906718110842
110.0,0.9967298111993346,0.9969836038056125,0.9972372003648894,0.9974906017037872,0.9977438088174212,0.9979968220028532,0.9982496424195743,0.9985022707027105,0.9987547076560994,0.9990069539070184,0.9992590104227566,0.9995108778221446,0.9997625568918653,1.0000140484142461,1.0002653529965735,1.000516471583852,1.0007674047754027,1.001018153167368,1.001268717692269,1.0015190991080778,1.0017692978301662,1.0020193149480607,1.0022691510390076,1.002518806677305,1.002768282771088,1.003017579887492,1.0032168892090827,1.00324179490545,1.0032666987587424,1.0032916007697152,1.0033165011070135,1.0033413996034528,1.003366296427634,1.0033911914124163,1.0034160847263567,1.0034409762023562,1.0034658658411655,1.0034907538112752,1.0035156399456506,1.0035405244127389,1.0035654070455486,1.0035902878448273,1.003615166978955,1.0036400442810052,1.0036649197517251,1.0036897935594289,1.0037146657047977,1.0037395358534662,1.0037644043412486,1.0037892711688265,1.0038141361694217,1.0038389993437777,1.0038638608600552,1.0038887205515405,1.0039135784189757,1.0039384346304565,1.0039632890193313,1.0039881417536518,1.0040129926668073,1.0040378419268068,1.0040626891998368,1.0040875349883747,1.0041123787914248,1.0041372209441544,1.0041620614472389,1.0041868999670767,1.0042117368387062,1.0042365720628024,1.0042614054729648,1.0042862370699306,1.004311067021472,1.0043358951612502,1.0043607214900014,1.004385546175433,1.0044103690512687,1.0044351902851727,1.0044600097109095,1.0044848274961018,1.0045096434745544,1.0045344576470026,1.004559270014179,1.0045840807436213,1.0046088898360006,1.0046336969584624,1.0046585024452848,1.004683306297137,1.0047081083479883,1.0047329087652503,1.0047577072162734,1.0047825040351273,1.0048072992224795,1.0048320924458047,1.0048568842056227,1.004881674002872,1.0049064621714137,1.0049312487119137,1.0049560332920517,1.0049808164120362,1.0050055975731131,1.0050303771089366,1.0050551550201707,1.0050799309746972,1.005104705306046,1.0051294780148816,1.0051542487692071,1.005179018068738,1.005203785415209,1.0052533152496017,1.0055008606148275
120.0,0.9960636954701826,0.9963183198422854,0.9965727403413949,0.9968269578140353,0.9970809731017205,0.9973347868538638,0.9975883997161126,0.9978418128901759,0.9980950268254744,0.9983480421549529,0.9986008602510551,0.9988534811798208,0.9991059063036785,0.9993581360524761,0.9996101712231318,0.9998620124236951,1.0001136608114503,1.0003651166176357,1.0006163809906876,1.0008674545225071,1.001118337985011,1.0013690319630664,1.0016195374038188,1.0018698548845228,1.002119984979422,1.0023699286237087,1.0025697499215072,1.0025947192061624,1.002619686566002,1.0026446521835053,1.0026696158776902,1.0026945778309877,1.002719537862461,1.002744495972881,1.0027694523446078,1.002794406796774,1.0028193595116917,1.00284431030854,1.0028692593695838,1.0028942065140471,1.002919151742699,1.0029440952377322,1.0029690368184403,1.002993976666971,1.0030189144213046,1.0030438506262795,1.003068784738589,1.003093717302931,1.003118647776136,1.0031435765215213,1.003168503358562,1.0031934284692179,1.0032183516730089,1.0032432729706984,1.003268192544174,1.0032931102130256,1.0033180261590948,1.0033429402020158,1.0033678525235843,1.0033927629434787,1.003417671462459,1.0034425780812841,1.003467482981657,1.0034923861642688,1.0035172874489093,1.0035421868363366,1.0035670845081617,1.003591980284242,1.0036168741653342,1.0036417663329793,1.0036666566071037,1.003691545169202,1.0037164318392438,1.0037413166179827,1.0037661996868474,1.0037910808658732,1.0038159603364405,1.0038408379186297,1.0038657136131939,1.0038905876014463,1.0039154597035316,1.0039403299202028,1.0039651984327043,1.0039900650612479,1.0040149299870338,1.0040397930303169,1.0040646543722527,1.0040895138331407,1.004114371413729,1.0041392272951055,1.004164081297635,1.004188933422064,1.0042137838494132,1.0042386324001127,1.0042634792551366,1.0042883242349594,1.0043131673403267,1.0043380087521456,1.0043628482909548,1.0043876859575,1.004412522112717,1.0044373562169953,1.004462188451196,1.0044870191761242,1.0045118478523645,1.0045366748406996,1.0045614999618402,1.0046111449653472,1.0048592619741794
130.0,0.9953465018339004,0.9956020004031249,0.9958572871732161,0.9961123632138247,0.9963672291862198,0.9966218859484132,0.9968763343533289,0.9971305750487703,0.9973846088785442,0.9976384368810542,0.997892059491014,0.998145477737456,0.9983986922462086,0.9986517040362948,0.9989045135266768,0.999157121529604,0.9994095290503403,0.999661736694008,0.9999137454564172,1.0001655555409326,1.0004171683286924,1.0006685840160472,1.000919803582113,1.0011708280007796,1.0014216574589794,1.001672293313801,1.0018726627353656,1.001897700145657,1.0019227357455822,1.001947769340936,1.0019728011274065,1.0019978309108377,1.0020228588868674,1.0020478848613883,1.0020729088351896,1.0020979308090607,1.0021229511732865,1.0021479693443365,1.0021729857124697,1.0021980002784,1.0022230126535412,1.0022480234226274,1.0022730320024975,1.0022980387831624,1.0023230435707822,1.0023480465606671,1.0023730475590276,1.0023980467611235,1.0024230439732136,1.0024480393905078,1.0024730326249114,1.0024980242604136,1.0025230137145882,1.00254800137695,1.0025729872482063,1.002597970940504,1.0026229530374644,1.002647932957027,1.0026729110884582,1.0026978874324644,1.0027228616014345,1.002747834178623,1.002772804776442,1.0027977733956681,1.0028227400370802,1.0028477048954914,1.0028726677775919,1.0028976288781473,1.0029225880038963,1.002947545155613,1.0029725005279901,1.0029974539278355,1.0030224055497934,1.0030473552007193,1.0030723028813873,1.0030972487863656,1.0031221927225835,1.0031471348845604,1.003172075079272,1.00319701350119,1.0032219499573365,1.0032468844484825,1.003271816975397,1.0032967477324557,1.0033216767203557,1.0033466037462373,1.0033715288108682,1.0033964519150171,1.003421373446424,1.0034462928253263,1.0034712104394392,1.0034961260960427,1.0035210399892958,1.0035459519265235,1.0035708619084922,1.0035957701292872,1.0036206763963054,1.0036455807103097,1.0036704832653152,1.003695384062015,1.0037202829078975,1.0037451798037251,1.00377007475026,1.0037949679413976,1.0038198593778285,1.0038447488671578,1.003869636217082,1.0039194058531533,1.0041681413639971
140.0,0.9945802643695176,0.9948366797184606,0.9950928758360122,0.9953488533972744,0.9956046132872048,0.9958601565990973,0.996115483779592,0.99637059591179,0.996625493434113,0.9968801776321544,0.997134649147563,0.9973889084063599,0.9976429566782641,0.9978967945919468,0.9981504229834232,0.9984038426839497,0.998657054099292,0.9989100584733024,0.9991628562036445,0.9994154483143435,0.999667835405272,0.9999200184909626,1.0001719979543058,1.0004237745929399,1.000675349408377,1.0009267229810026,1.001127677588184,1.0011527879881632,1.0011778963033637,1.0012030025345984,1.001228106890266,1.0012532091635373,1.001278309562758,1.0013034078811516,1.0013285041195286,1.0013535984861524,1.0013786907743265,1.0014037811922605,1.0014288695333085,1.001453956005628,1.0014790404026241,1.0015041229324018,1.001529203181146,1.0015542817714778,1.001579358082388,1.0016044325291467,1.001629504905313,1.0016545754188326,1.0016796440704314,1.001704710653746,1.0017297749625182,1.0017548376187368,1.001779898209028,1.0018049567341942,1.001830013401994,1.0018550680062197,1.0018801207545778,1.0019051714409106,1.001930220066017,1.0019552668375267,1.001980311549357,1.0020053544090841,1.002030395210678,1.0020554339549357,1.0020804708493545,1.00210550568798,1.0021305386782573,1.002155569614282,1.0021805987034482,1.0022056257399008,1.0022306507244365,1.0022556738643695,1.002280694953921,1.0023057142003555,1.0023307311915006,1.0023557465474817,1.0023807598561518,1.002405771118303,1.0024307803347263,1.0024557877125309,1.0024807930461377,1.0025057965426045,1.0025307979964038,1.0025557976145405,1.0025807951915378,1.0026057909343493,1.002630784431408,1.0026557763019202,1.0026807659282542,1.0027057537234016,1.0027307394820328,1.0027557234109499,1.0027807053048734,1.0028056853705518,1.0028306634027568,1.0028556396081867,1.0028806137816608,1.002905585923964,1.0029305560358797,1.0029555243240031,1.0029804907890434,1.0030054550201788,1.0030304176354836,1.00305537822416,1.0030803365813021,1.0031052933247564,1.0031302480438749,1.0031801516178143,1.0034295530134778
150.0,0.9937668473538391,0.9940242229556602,0.9942813715410711,0.9945382944772294,0.9947949919903486,0.9950514652098609,0.9953077152583896,0.9955637423495958,0.9958195478218411,0.9960751325557724,0.9963304967529921,0.9965856419594558,0.9968405683683544,0.9970952770662398,0.9973497689100569,0.9976040447518099,0.9978581052158664,0.9981119511454339,0.9983655833789484,0.9986190025282666,0.998872209644907,0.9991252051107717,0.9993779901894966,0.9996305652550964,0.999882931120272,1.0001350885933225,1.0003366652105745,1.0003618529259917,1.0003870386980518,1.0004122223076797,1.0004374037557073,1.0004625832627392,1.0004877606097804,1.0005129360173792,1.000538109266595,1.0005632803582596,1.0005884495128352,1.0006136167310684,1.00063878179413,1.0006639447028494,1.0006891054580547,1.000714264280068,1.0007394211696337,1.0007645759080586,1.0007897284961702,1.0008148791541776,1.0008400276634695,1.0008651742441983,1.0008903186778073,1.0009154609651214,1.0009406013262094,1.0009657395425964,1.0009908758342942,1.001016009982883,1.0010411422083187,1.0010662722922352,1.0010914002354534,1.0011165262578479,1.0011416501411319,1.0011667721051234,1.0011918919315912,1.0012170096213535,1.0012421253941466,1.001267239031818,1.0012923507540477,1.001317460342738,1.0013425680175132,1.001367673560328,1.0013927771907534,1.0014178784720715,1.0014429780612761,1.0014680753030043,1.0014931706354422,1.0015182640593225,1.0015433553567876,1.0015684445286515,1.0015935317942637,1.0016186169358459,1.0016436999542109,1.0016687810686264,1.0016938602798227,1.0017189373701283,1.001744012340354,1.0017690851913095,1.0017941563604489,1.0018192251935347,1.001844292127993,1.0018693569463109,1.00189441986751,1.0019194806741312,1.001944539585142,1.0019695961650001,1.0019946510689164,1.002019703861374,1.0020447545431774,1.002069803115133,1.002094850014048,1.0021198945866425,1.0021449372696971,1.002169977846013,1.0021950165342894,1.00222005311738,1.0022450875960875,1.0022701201890285,1.0022951506791373,1.0023201792849772,1.0023452057895326,1.0023952529333586,1.002645367409745
160.0,0.9929079677576427,0.9931663467894645,0.9934244915380357,0.9936824029398922,0.9939400816870853,0.9941975289438233,0.9944547451533919,0.994711731468965,0.9949684887995093,0.9952250175745898,0.9954813191674312,0.995737393998086,0.995993243191791,0.9962488673959474,0.9965042672540549,0.996759444110744,0.9970143981296264,0.9972691306449221,0.9975236422812215,0.9977779336594705,0.9980320058638833,0.9982858592732751,0.9985394951954727,0.9987929140011166,0.9990461167553131,0.9992991040535594,0.999501339345426,0.9995266091529803,0.9995518767196658,0.9995771420463393,0.999602405597,0.999627666677699,0.9996529257524059,0.9996781828218874,0.9997034376554537,0.9997286902539596,0.9997539406182567,0.9997791892119321,0.9998044353416491,0.9998296797022721,0.9998549216006398,0.9998801615001895,0.9999053991704637,0.9999306348435042,0.9999558682889093,0.9999810997386623,1.0000063289624195,1.0000315559610284,1.000056780966383,1.0000820039792429,1.0001072245383917,1.0001324433376406,1.0001576596848682,1.0001828742737138,1.0002080864122285,1.0002332965630314,1.0002585044960652,1.000283710442959,1.000308914173712,1.0003341159198942,1.0003593154515629,1.00038451300023,1.000409708336008,1.000434901459737,1.0004600926028424,1.0004852815355216,1.0005104684891424,1.0005356532339578,1.0005608357708058,1.0005860163309666,1.0006111949151917,1.0006363710634631,1.0006615454677725,1.000686717668128,1.0007118874350664,1.0007370554603217,1.0007622212840726,1.0007873849071527,1.0008125465605828,1.0008377060149531,1.0008628635012262,1.0008880187900484,1.0009131718822515,1.000938323238757,1.0009634721701772,1.0009886189074155,1.0010137639112227,1.0010389064924634,1.0010640471118595,1.0010891857701554,1.0011143222382475,1.0011394565169647,1.0011645888369256,1.0011897189691097,1.001214846914345,1.0012399729031634,1.0012650969363086,1.0012902185552182,1.0013153384496714,1.0013404561611354,1.0013655716904344,1.001390685038391,1.0014157964353414,1.0014409056525402,1.0014660129202668,1.001491118009831,1.0015162211514552,1.0015664209058,1.0018172954973958
170.0,0.9920052098421196,0.9922646355914003,0.9925238196130768,0.9927827628689202,0.9930414663145913,0.9932999306497604,0.9935581568191637,0.9938161460109014,0.9940738986591411,0.9943314159407739,0.9945886985291992,0.9948457470935868,0.9951025630415289,0.9953591465364493,0.9956154989747187,0.9958716210050963,0.9961275132724055,0.9963831769093072,0.9966386123053752,0.9968938208285671,0.9971488028596431,0.997403559266121,0.997658091154857,0.9979123988947743,0.9981664835834011,0.9984203458256476,0.998623276074311,0.998648632307542,0.9986739864659933,0.9986993383074796,0.998724688075822,0.9987500355288949,0.998775380910457,0.9988007239784424,0.9988260649765499,0.9988514036627727,0.9988767400379879,0.9989020743457981,0.9989274063442906,0.9989527362770056,0.9989780639020885,0.9990033894630205,0.9990287127180065,0.9990540339104641,0.9990793525561464,0.9991046693834662,0.9991299839082065,0.9991552961312378,0.9991806062958222,0.9992059141603776,0.9992312199681037,0.9992565234774777,0.9992818246893675,0.9993071240891223,0.9993324209507969,0.9993577157597099,0.9993830082744861,0.9994082987381118,0.999433586909272,0.9994588727888324,0.999484156861714,0.9995094384026065,0.9995347178963986,0.9995599953438635,0.999585270261959,0.99961054337727,0.9996358139649351,0.9996610827513585,0.9996863490118585,0.9997116132309005,0.9997368754092544,0.9997621350642955,0.9997873929219742,0.999812648499695,0.9998379017983163,0.9998631528186951,0.9998884020447848,0.9999136487527088,0.999938893426389,0.9999641358251351,0.9999893761912285,1.0000146145254367,1.000039850345786,1.0000650841358985,1.0000903158965389,1.0001155453871908,1.0001407726087073,1.0001659978031607,1.0001912207301233,1.000216441631608,1.0002416602672441,1.0002668768789855,1.0002920912265203,1.0003173033106976,1.000342513614394,1.0003677214153288,1.000392926955393,1.000418130717285,1.000443331978988,1.0004685312231698,1.0004937284505893,1.0005189234211957,1.0005441161358346,1.0005693068361003,1.0005944952820294,1.0006196817151567,1.0006448658955773,1.0006952279828751,1.000946908826542
180.0,0.9910600412430334,0.991320556433678,0.9915808224895574,0.9918408406608497,0.9921006116666112,0.9923601364823487,0.9926194158164645,0.9928784508937325,0.993137242150921,0.9933957910609076,0.9936540980500036,0.9939121640597173,0.9941699902845134,0.994427577136603,0.9946849255414403,0.9949420366765942,0.9951989109407365,0.9954555495008569,0.9957119532605535,0.9959681228618185,0.9962240589427677,0.9964797626489784,0.9967352348642697,0.9969904759574556,0.9972454873136254,0.9975002692930062,0.9977039302260224,0.9977293776909115,0.9977548227615806,0.9977802656929081,0.9978057062317579,0.9978311443790326,0.9978565803895126,0.9978820142640024,0.9979074454956791,0.9979328748468841,0.9979583018108268,0.997983726388406,0.9980091485805209,0.9980345688953766,0.9980599868264363,0.9980854023745976,0.9981108155407576,0.9981362265793385,0.9981616352376467,0.9981870417700391,0.9982124461773153,0.9982378482068762,0.9982632478596162,0.9982886451364293,0.998314040544812,0.9983394335789257,0.9983648239864241,0.9983902125279154,0.998415598697748,0.9984409824968143,0.9984663644322268,0.998491743745446,0.9985171206905035,0.9985424957743221,0.9985678684916302,0.9985932388433146,0.9986186068302637,0.9986439727062529,0.9986693364720762,0.9986946978756958,0.9987200571707933,0.9987454138526303,0.9987707686803845,0.9987961208966467,0.9988214712604045,0.9988468192670751,0.9988721649175408,0.9988975082126842,0.9989228494059302,0.9989481884980675,0.9989735252373994,0.9989988596248063,0.9990241919135877,0.99904952185214,0.9990748496936985,0.9991001751867236,0.9991254985843863,0.9991508196352068,0.9991761383400624,0.9992014549520304,0.9992267694718935,0.9992520816482946,0.9992773914821076,0.9993026989742072,0.9993280046295617,0.9993533079448265,0.9993786086688893,0.9994039075585768,0.9994292041107306,0.9994544983262211,0.9994797904577821,0.9995050805061897,0.9995303679686245,0.999555653601354,0.9995809366498483,0.9996062176184831,0.9996314965080346,0.9996567730676331,0.9996820472981447,0.9997073194520222,0.9997325892784857,0.9997831224556187,1.0000356555176058
190.0,0.9900738243593218,0.9903354709586975,0.9905968618613367,0.9908579969876555,0.9911188781657427,0.9913795061236595,0.9916398810408708,0.9919000047236667,0.9921598778831823,0.9924195012258161,0.9926788754532906,0.9929380018026169,0.9931968812337174,0.9934555144313556,0.993713902344742,0.9939720456487922,0.9942299455504089,0.9944876024460647,0.9947450175317704,0.9950021917295262,0.9952591256891643,0.9955158203229103,0.9957722765376753,0.9960284949694356,0.9962844765156997,0.9965402223338528,0.9967446495210448,0.9967701922536882,0.9967957325162076,0.9968212708387942,0.9968468066929789,0.9968723400796883,0.9968978709998494,0.9969233999833843,0.9969489265020898,0.9969744502924595,0.9969999721487112,0.997025491542841,0.9970510087401028,0.9970765234770221,0.9971020360187862,0.997127546101987,0.9971530537275456,0.9971785591605475,0.997204062137683,0.9972295629239695,0.9972550612561624,0.9972805573992116,0.9973060510899393,0.9973315425932275,0.9973570316459637,0.997382518512962,0.9974080029311757,0.9974334851653521,0.9974589649525091,0.9974844422935629,0.9975099174531582,0.9975353904321114,0.9975608609675705,0.9975863290604486,0.9976117949752585,0.9976372584492464,0.9976627197468582,0.9976881786054043,0.9977136352892639,0.9977390895358133,0.9977645416093637,0.9977899912473569,0.997815438714038,0.9978408837469126,0.9978663263468889,0.9978917667781114,0.9979172050413888,0.9979426408743566,0.9979680742779198,0.9979935055160908,0.9980189343266024,0.9980443609734,0.9980697851942798,0.9980952072531227,0.9981206268877884,0.9981460443620906,0.998171459151076,0.9981968720442826,0.9982222825167876,0.9982476905694913,0.9982730964660431,0.998298500207244,0.9983239012685275,0.9983493004388445,0.9983746971936595,0.9984000915338699,0.998425483460372,0.9984508732365844,0.9984762608633073,0.9985016460788795,0.9985270291466231,0.9985524098049411,0.9985777880547281,0.9986031641592061,0.9986285378568747,0.998653909410891,0.9986792785598183,0.9987046455667489,0.9987300101703073,0.9987553726335219,0.9987807326950828,0.9988314458788373,0.9990848755882897
200.0,0.9890478269657077,0.9893106474533162,0.9895732046195025,0.9898354992229835,0.9900975323003474,0.9903593051641353,0.990620818271209,0.9908820726389769,0.9911430695598821,0.9914038094744768,0.9916642933817303,0.9919245225547333,0.9921844976985256,0.992444219513469,0.9927036892540275,0.9929629073301494,0.9932218749846383,0.9934805934529047,0.9937390628515628,0.9939972841284148,0.9942552587798581,0.9945129871866423,0.9947704705561428,0.9950277092606353,0.9952847044969784,0.9955414569045618,0.9957466846389874,0.9957723271518316,0.9957979673939231,0.9958236050911409,0.995849240519374,0.9958748734045706,0.9959005040225497,0.9959261320993267,0.9959517579106508,0.9959773811826064,0.996003002190871,0.996028620661599,0.9960542368703957,0.9960798505434842,0.9961054619564008,0.9961310708354361,0.9961566771815376,0.9961822812701356,0.996207883102072,0.9962334824037763,0.99625907945057,0.9962846739689524,0.9963102659598652,0.9963358556985296,0.9963614431857841,0.9963870281482615,0.9964126105869037,0.9964381907767905,0.9964637687187582,0.9964893441395761,0.9965149170401844,0.9965404876955221,0.9965660558324594,0.9965916217258658,0.996617185102679,0.9966427462376998,0.9966683048579337,0.9966938612381098,0.9967194151053024,0.9967449667341727,0.9967705158518604,0.9967960627329571,0.9968216071046709,0.9968471489679357,0.9968726888707926,0.9968982259934083,0.9969237608837882,0.9969492935427626,0.9969748236977414,0.9970003513496544,0.9970258767727808,0.9970513996946325,0.9970769206627013,0.9971024388579677,0.9971279548278894,0.9971534683001112,0.9971789795487063,0.997204488301386,0.9972299948321545,0.9972554988687908,0.9972810006852305,0.9973065000093181,0.9973319968419778,0.9973574917299518,0.9973829838553323,0.9974084737648263,0.9974339614592543,0.9974594466666614,0.9974849293879693,0.9975104098968032,0.9975358881939833,0.9975613637350463,0.9975868373388319,0.9976123084609101,0.997637777102199,0.9976632435361203,0.9976887074910187,0.9977141692402485,0.997739628512219,0.9977650853078458,0.9977905401727198,0.9978414422071624,0.998095812587929
210.0,0.9879832326331011,0.9882472683154407,0.9885110330286833,0.9887745287285943,0.9890377553036939,0.9893007144008578,0.9895634070710693,0.98982583377362,0.990087995839945,0.9903498940099535,0.9906115296006933,0.9908729027579901,0.991134015367942,0.9913948678556435,0.9916554609324967,0.9919157958834857,0.9921758736970088,0.9924356947784907,0.9926952603944152,0.9929545715160835,0.9932136288216017,0.9934724332716259,0.993730985534509,0.993989286846686,0.9942473378659121,0.9945051395312727,0.9947112018080703,0.9947369483177564,0.9947626924913094,0.9947884343296031,0.9948141735485304,0.9948399101490718,0.9948656444171127,0.9948913760686537,0.9949171053895067,0.9949428320957439,0.9949685567578636,0.9949942785224534,0.9950199979599738,0.99504571478664,0.9950714292880432,0.9950971414650496,0.9951228507494376,0.9951485579958125,0.9951742626359864,0.9951999646709329,0.9952256643860228,0.995251361497756,0.9952770562914307,0.99530274876791,0.9953284383595429,0.995354125920067,0.9953798108818662,0.9954054932459103,0.9954311732972775,0.9954568510368278,0.995482525897338,0.9955081987318972,0.9955338689733172,0.9955595366225618,0.9955852019644942,0.9956108647161079,0.9956365251621936,0.9956621830198144,0.9956878385736876,0.9957134915409497,0.9957391422062442,0.9957647905704258,0.9957904363507334,0.9958160795481261,0.9958417201635643,0.995867358765018,0.9958929947862905,0.9959186282283375,0.995944259092117,0.9959698879453144,0.9959955142220138,0.9960211379231696,0.9960467590497365,0.9960723781691168,0.9960979947156737,0.9961236084072065,0.9961492200941289,0.9961748292110144,0.996200436041862,0.9962260403045049,0.9962516422828697,0.996277241694859,0.9963028385414212,0.9963284333892505,0.9963540253905715,0.9963796151120415,0.9964052025545035,0.9964307874360653,0.9964563697576736,0.9964819498029356,0.9965075275726919,0.9965331027851885,0.9965586754413706,0.9965842458247036,0.9966098139360254,0.9966353792112679,0.9966609424987323,0.9966865032343835,0.9967120614191626,0.9967376173363236,0.9967631707044232,0.9968142703616119,0.9970696244743892
220.0,0.98688114840562,0.9871464395738632,0.9874114530056457,0.987676189803911,0.9879406510639638,0.9882048375703743,0.9884687504047499,0.9887323903389903,0.988995758743317,0.9892588560745318,0.9895216839901707,0.9897842426339579,0.9900465336491657,0.9903085577693249,0.9905703157228943,0.9908318085324207,0.9910930372139187,0.9913540027769584,0.9916147059268512,0.9918751476617188,0.9921353289734814,0.9923952508479463,0.9926549136722006,0.9929143190142896,0.9931734672509989,0.9934323596419542,0.9936392898832818,0.9936651445674374,0.9936909968498924,0.993716846436761,0.9937426936237961,0.993768538411893,0.9937943805072773,0.993820219910956,0.9938460569185296,0.9938718912363342,0.993897723159894,0.9939235526901015,0.9939493795334039,0.9939752039852106,0.994001025752044,0.9940268448349053,0.9940526618233858,0.9940784761297474,0.9941042877549918,0.9941300967001176,0.994155903554415,0.9941817074363354,0.9942075092292002,0.9942333080516839,0.994259104492887,0.9942848985536946,0.9943106902349911,0.9943364789498911,0.9943622655810423,0.9943880492477863,0.9944138308325466,0.9944396094548855,0.994465385997005,0.9944911598723487,0.9945169310819092,0.9945426999202652,0.994568466094744,0.9945942298998501,0.9946199910429842,0.9946457501120156,0.9946715062275003,0.9946972599772688,0.9947230110688683,0.9947487597965778,0.9947745061612724,0.9948002498706074,0.9948259909255674,0.994851729620282,0.9948774656625151,0.9949031993463231,0.994928930672577,0.9949546593491497,0.9949803853770223,0.9950061090501017,0.9950318303692567,0.9950575490425063,0.9950832650708287,0.9951089787479809,0.9951346900748331,0.9951603987595445,0.995186104803093,0.9952118084990875,0.9952375098483957,0.9952632085593217,0.9952889046328398,0.9953145983624129,0.9953402897489043,0.9953659785007629,0.9953916649113406,0.9954173486891575,0.9954430298351841,0.9954687086426612,0.9954943851124519,0.9955200589532183,0.9955457301659287,0.9955713990436785,0.9955970655873263,0.9956227295056791,0.9956483907997017,0.995674049762344,0.9956997063944618,0.9957510120868093,0.9960073913924671
230.0,0.9857426097959029,0.986009197217951,0.9862754995191261,0.9865415181493824,0.9868072539220417,0.9870727079572688,0.9873378813674283,0.9876027749450681,0.9878673897885609,0.9881317269887809,0.988395787318368,0.9886595718547776,0.9889230816682586,0.9891863178219517,0.9894492807536628,0.9897119721325858,0.9899743923844329,0.990236542855243,0.9904984239602138,0.9907600370325645,0.9910213830907009,0.9912824628403332,0.9915432769824646,0.9918038268244775,0.9920641133609021,0.9923241369707665,0.9925319677127753,0.9925579344095815,0.9925838989432381,0.9926098607059638,0.9926358200030496,0.9926617768354171,0.992687730595633,0.9927136821972613,0.9927396310329081,0.9927655771036067,0.9927915207144122,0.9928174618662415,0.9928434002560683,0.9928693358849243,0.9928952690577072,0.9929211997753307,0.9929471277349212,0.9929730532412582,0.9929989759915433,0.9930248962904787,0.9930508138353403,0.9930767289307526,0.9931026412740694,0.9931285511698339,0.9931544586189575,0.993180363015466,0.9932062652707078,0.993232164778747,0.9932580618439322,0.9932839561638835,0.9933098477396225,0.9933357368753819,0.9933616235720668,0.9933875075274474,0.9934133890456402,0.9934392678244915,0.9934651441680378,0.9934910177742023,0.9935168889469443,0.9935427573842609,0.9935686233900345,0.9935944866623373,0.9936203475049755,0.9936462059188469,0.993672061299425,0.9936979145558632,0.9937237650836704,0.9937496128838581,0.9937754582599997,0.9938013012129915,0.9938271414412444,0.9938529789457671,0.9938788143323881,0.9939046466947739,0.9939304766387119,0.9939563041650971,0.9939821289725633,0.9940079513643382,0.9940337710391305,0.9940595879979448,0.994085402846,0.9941112149799336,0.9941370244007502,0.9941628311094513,0.9941886357109522,0.9942144376021897,0.9942402367841666,0.9942660335597255,0.994291827627947,0.9943176192915993,0.9943434085515681,0.9943691951070452,0.9943949789590282,0.994420760410133,0.994446539159662,0.994472315510154,0.9944980894624922,0.9945238607160906,0.9945496295733742,0.9945753957338307,0.9946011591984533,0.9946526789480096,0.9949101247013414
240.0,0.9845685903974367,0.9848365131690539,0.9851041443701033,0.9853714845204339,0.9856385347810963,0.9859052959823125,0.9861717695920873,0.9864379564252777,0.9867038579329523,0.9869694742735289,0.9872348068842227,0.9874998571928316,0.9877646256595218,0.9880291133785122,0.9882933214366648,0.9885572509135837,0.988820902563984,0.9890842774545309,0.9893473766449137,0.9896102011879486,0.9898727514975629,0.9901350289312337,0.9903970345229435,0.9906587689853399,0.9909202333406903,0.9911814282909076,0.9913901914607927,0.9914162745774932,0.9914423551604652,0.9914684332106551,0.9914945084154883,0.9915205810895138,0.9915466512336778,0.9915727182221211,0.9915987829961148,0.9916248449298398,0.9916509040243598,0.9916769609072206,0.9917030146396403,0.9917290661622848,0.9917551145366116,0.9917811607030452,0.9918072037232821,0.9918332445375053,0.9918592825206107,0.9918853176736574,0.9919113503105841,0.9919373804323276,0.9919634077270231,0.9919894325084883,0.9920154544649358,0.9920414739101033,0.9920674905322824,0.992093504645129,0.9921195159370123,0.9921455247215094,0.9921715309995518,0.9921975344596254,0.992223535102782,0.9922495332424353,0.992275528879516,0.9923015217026661,0.9923275120251805,0.9923534995357803,0.9923794845476791,0.9924054667496761,0.9924314464549057,0.9924574236642933,0.9924833980667539,0.9925093696633311,0.9925353387669993,0.9925613053786823,0.9925872691874497,0.9926132305061568,0.992639189023951,0.9926651450536074,0.9926910982843506,0.9927170490288761,0.9927429969764857,0.9927689424397965,0.9927948851081863,0.992820825605692,0.9928467629987315,0.9928726979112997,0.9928986303443144,0.9929245599873472,0.9929504868414318,0.992976411218866,0.9930023331205637,0.9930282522362525,0.9930541688781108,0.9930800830470514,0.9931059944329168,0.993131903036735,0.9931578091705279,0.9931837125242512,0.9932096134098484,0.9932355118282288,0.9932614074694637,0.9932873003345786,0.993313191046119,0.9933390786727101,0.9933649638368595,0.9933908465394726,0.9934167264708501,0.9934426039425804,0.9934684786450408,0.993520220677586,0.9937787733953231
250.0,0.9833600037551194,0.9836293018355465,0.9838983005662546,0.9841670014844583,0.9844354054520552,0.9847035133240993,0.9849713266116753,0.9852388458227629,0.98550607245206,0.9857730076541681,0.9860396519164193,0.9863060067090775,0.9865720731640132,0.9868378517488312,0.9871033439103304,0.9873685507585853,0.9876334730692622,0.9878981116123774,0.9881624681304891,0.9884265427274567,0.9886903368059136,0.9889538511102546,0.989217087028309,0.9894800452915775,0.9897427269500019,0.9900051327238161,0.9902148593262454,0.9902410629501912,0.9902672636510185,0.9902934614298278,0.9903196569328502,0.9903458495158858,0.9903720391800318,0.9903982262488278,0.990424410723245,0.9904505922818961,0.9904767712481934,0.9905029473008309,0.9905291207631379,0.9905552913138891,0.990581459276329,0.9906076246514262,0.9906337871180769,0.9906599466773717,0.9906861036523879,0.9907122580440916,0.990738409853447,0.9907645584376894,0.9907907047634993,0.990816848188152,0.9908429890344745,0.9908691269817277,0.9908952620309958,0.9909213948266016,0.9909475247262242,0.9909736517309476,0.9909997761633486,0.9910258977029319,0.9910520166721906,0.9910781330720817,0.9911042465822298,0.9911303575250057,0.9911564655801138,0.9911825713910503,0.9912086739951396,0.9912347740358377,0.991260871193009,0.991286965788776,0.9913130578240896,0.9913391469789367,0.9913652335753141,0.9913913172932874,0.9914173984547727,0.9914434770607184,0.9914695527913098,0.9914956256476178,0.991521695951392,0.9915477637035791,0.9915738285845244,0.9915998909158562,0.9916259503779984,0.9916520072924968,0.9916780616602949,0.9917041131619381,0.9917301617984895,0.9917562078913298,0.9917822514414028,0.9918082921294101,0.9918343302766102,0.9918603655637878,0.9918863983121178,0.9919124282024637,0.99193845555592,0.9919644803734251,0.9919905023359598,0.9920165214445801,0.9920425380202195,0.9920685520638132,0.9920945632564997,0.9921205719190902,0.9921465777328021,0.9921725810183648,0.9921985817767116,0.9922245793695805,0.9922505747568137,0.9922765673001886,0.9923025570007554,0.9923545288358542,0.9926142279999296
260.0,0.982117710492854,0.9823884224754943,0.9826588279333807,0.9829289281076321,0.983198724571515,0.9834682178643898,0.9837374092013534,0.9840062997885916,0.9842748904839709,0.9845431828167008,0.9848111772897654,0.9850788754158575,0.985346278022134,0.9856133866038399,0.9858802016359901,0.9861467242618912,0.9864129556169731,0.9866788964934725,0.9869445483476996,0.9872099119575662,0.9874749884293919,0.9877397785284967,0.9880042833479122,0.988268503973514,0.9885324411517732,0.9887960962877564,0.9890068177104377,0.9890331452465203,0.9890594697834879,0.9890857916539159,0.989112110858808,0.989138427067809,0.9891647406133633,0.9891910514964731,0.9892173593869088,0.9892436642857992,0.9892699668565589,0.9892962664378572,0.9893225630308181,0.9893488569675845,0.9893751479181792,0.9894014365455879,0.9894277221889023,0.989454004849244,0.9894802848585382,0.9895065618870184,0.9895328362665228,0.9895591079980441,0.9895853767519401,0.989611642859921,0.9896379059924281,0.989664166481084,0.9896904243268801,0.9897166792003813,0.9897429314330823,0.9897691806956342,0.9897954273194448,0.9898216709752468,0.9898479119943648,0.9898741503777829,0.989900385796359,0.9899266185812875,0.9899528484035083,0.989979075594133,0.9900052998241813,0.9900315214246805,0.9900577403966103,0.9900839564111179,0.9901101697990995,0.9901363802317844,0.9901625880399849,0.9901887932246788,0.9902149954572182,0.9902411950682882,0.990267391729324,0.9902935854414248,0.9903197768646074,0.9903459653408883,0.9903721508713659,0.9903983337864711,0.9904245140871765,0.9904506914452036,0.9904768661908567,0.9905030379959401,0.9905292071906732,0.9905553737760256,0.990581537423924,0.9906076981354606,0.990633856240687,0.9906600117405705,0.9906861646360764,0.9907123142705019,0.9907384616314409,0.9907646060622297,0.9907907475639559,0.9908168867950462,0.9908430227704558,0.9908691564771541,0.9908952869303428,0.9909214151167441,0.9909475403802678,0.990973662721998,0.9909997824713987,0.9910258996294283,0.9910520138687463,0.9910781255186923,0.9911042345802223,0.9911564439574575,0.9914173280053635
270.0,0.9808425214629521,0.9811146855490132,0.9813865358793471,0.9816580744352097,0.9819293010821275,0.9822002177829682,0.9824708257884652,0.9827411256422399,0.9830111189277493,0.9832808065215773,0.9835501896406871,0.9838192691462158,0.9840880462389511,0.9843565224570885,0.984624698291774,0.9848925749196985,0.9851601535092823,0.9854274348766178,0.9856944201753055,0.9859611108942636,0.9862275074843665,0.9864936110771025,0.9867594227963443,0.9870249437584581,0.987290174731403,0.9875551168181816,0.9877668632533997,0.9877933183816279,0.987819770774472,0.9878462207730461,0.9878726673581449,0.9878991112110485,0.9879255523327886,0.9879519903844926,0.9879784257071828,0.9880048583018894,0.9880312878298694,0.9880577142922832,0.9880841383696595,0.9881105593836118,0.9881369773352987,0.9881633925654308,0.9881898050750333,0.9882162145256649,0.988242621257903,0.9882690252727718,0.9882954262319571,0.9883218241366128,0.9883482196663876,0.9883746121437614,0.988401001569886,0.9884273882850279,0.9884537722902065,0.9884801532474097,0.9885065314967714,0.9885329070393097,0.9885592795371388,0.9885856489914062,0.9886120160808828,0.9886383801289131,0.9886647411366399,0.9886910994438897,0.9887174550516763,0.988743807622412,0.9887701574957923,0.9887965043343182,0.9888228484775942,0.9888491899266315,0.9888755283440563,0.9889018640693441,0.9889281967652066,0.9889545267710316,0.9889808540878261,0.9890071783784286,0.9890334999820957,0.9890598185617514,0.9890861344565653,0.9891124473295467,0.989138757519776,0.9891650650282564,0.9891913695181219,0.9892176713283253,0.9892439704598656,0.9892702665760043,0.9892965600155634,0.9893228504418885,0.9893491378561049,0.9893754229344696,0.9894017050028042,0.9894279840622315,0.9894542607887501,0.9894805345084358,0.9895068052224093,0.9895330729317909,0.989559338312237,0.9895856006901608,0.9896118604038638,0.9896381171171954,0.9896643711683705,0.9896906222213241,0.9897168706141839,0.9897431163479379,0.9897693590866461,0.9897955991683075,0.9898218362570649,0.9898480706908315,0.9898743021338346,0.9899267570620135,0.9901888637229088
280.0,0.9795352006185868,0.9798088550117452,0.9800821887091853,0.980355202669777,0.9806278982032275,0.9809002766091262,0.9811723384609528,0.9814440857566114,0.9817155194091015,0.9819866399672519,0.9822574493987545,0.9825279478800406,0.9827981373598101,0.9830680187099045,0.9833375927951711,0.9836068608272456,0.9838758243622817,0.9841444835350395,0.9844128402388133,0.9846808952994187,0.9849486495363361,0.9852161041136678,0.9854832601875244,0.9857501185561959,0.9860166807110063,0.9862829474357354,0.9864957485284852,0.9865223355947504,0.9865489195084336,0.9865755006192676,0.9866020785798306,0.9866286540882034,0.9866552261001279,0.9866817956619891,0.9867083620781038,0.9867349253496671,0.9867614858260914,0.9867880435084362,0.9868145983977601,0.9868411497989625,0.9868676987574768,0.9868942445782438,0.9869207876104005,0.986947327855003,0.9869738649652513,0.9870003992901436,0.9870269304829694,0.9870534588926364,0.9870799845201976,0.9871065070190715,0.9871330267380328,0.9871595433305875,0.9871860571454171,0.9872125681835713,0.9872390760986892,0.9872655812393168,0.9872920836064998,0.9873185828540111,0.9873450793302594,0.987371572689104,0.9873980632788635,0.987424551100581,0.9874510358082487,0.9874775177500476,0.9875039965800585,0.9875304726463712,0.9875569459500284,0.9875834161452378,0.9876098835799576,0.9876363479084851,0.9876628094786861,0.9876892682915983,0.9877157240016493,0.9877421769565714,0.9877686271573993,0.9877950742586913,0.9878215186080448,0.9878479598601052,0.9878743983623801,0.9879008341159015,0.9879272667754442,0.9879536966883824,0.987980123509578,0.9880065475863152,0.9880329689196218,0.9880593871644906,0.9880858023220809,0.9881122150854424,0.9881386247636657,0.9881650317037646,0.9881914355609482,0.9882178366821445,0.9882442347226473,0.988270630029294,0.9882970226031077,0.9883234120995116,0.988349798865211,0.9883761825557151,0.9884025635176417,0.9884289417520075,0.9884553169144519,0.9884816893514585,0.9885080590640432,0.9885344257079751,0.9885607892844003,0.9885871504847827,0.9886135082746584,0.9886662160431882,0.9889295827170015
290.0,0.9781964695958113,0.9784716522022378,0.978746506740237,0.9790210342024472,0.9792952359404076,0.9795691136621149,0.9798426675966487,0.980115899433209,0.9803888104831621,0.9806614016827376,0.9809336746893933,0.9812056296925098,0.9814772686956681,0.9817485925997104,0.9820196022980725,0.9822902990389948,0.9825606840615801,0.9828307585959299,0.9831005231419946,0.9833699796354596,0.9836391285608219,0.9839079711163001,0.9841765084917193,0.9844447415103763,0.984712671704862,0.9849802995258976,0.9851941851107823,0.9852209070588644,0.9852476264905675,0.9852743426932354,0.9853010556681059,0.9853277657731303,0.985354473009405,0.9853811773780257,0.9854078785235113,0.9854345764470955,0.9854612718629772,0.9854879640592362,0.9855146530371032,0.9855413395104973,0.9855680227677743,0.9855947028101617,0.9856213803513002,0.9856480546798195,0.9856747257969449,0.9857013940599708,0.9857280594699821,0.9857547216720884,0.9857813810234436,0.9858080375251306,0.9858346908223954,0.9858613412722502,0.9858879888757767,0.985914633278356,0.9859412748368602,0.9859679135523697,0.9859945490704001,0.9860211813921667,0.9860478112298283,0.9860744378734717,0.9861010613243115,0.986127682294228,0.9861543000735822,0.9861809146635846,0.9862075264206427,0.9862341353458298,0.9862607410851105,0.9862873439947539,0.9863139440758303,0.9863405409744396,0.9863671350467123,0.9863937262937157,0.9864203143616854,0.986446899606611,0.9864734816748177,0.9865000612768998,0.9865266373498326,0.9865532109587704,0.986579781395518,0.9866063486612769,0.9866329131117124,0.9866594747478867,0.9866860335708605,0.986712588873025,0.9867391417185788,0.986765691399956,0.9867922386267478,0.9868187823374154,0.9868453232415031,0.986871861340067,0.9868983966341607,0.9869249287708678,0.9869514577513754,0.9869779842846385,0.9870045076638987,0.9870310278903416,0.9870575453189026,0.9870840599506311,0.9871105717865777,0.9871370801205634,0.9871635860146122,0.9871900887625902,0.9872165887191567,0.9872430858853595,0.9872695799088534,0.9872960711441636,0.9873225592390337,0.9873755270717958,0.9876401905476633
300.0,0.9768270102620693,0.9771037583490916,0.9773801712796768,0.9776562500808984,0.9779319953945994,0.9782074089820858,0.9784824925915017,0.9787572464602785,0.9790316719431077,0.9793057711308644,0.9795795442354408,0.9798529929540803,0.9801261182280975,0.9803989213621781,0.9806714036511319,0.9809435660096897,0.98121540934499,0.9814869356647336,0.9817581451190616,0.9820290396966402,0.9822996199016557,0.9825698869680334,0.9828398417539834,0.983109485843772,0.9833788204452328,0.9836478460268674,0.9838628451217608,0.9838897059239031,0.9839165641475834,0.9839434186990317,0.9839702706742842,0.9839971193446797,0.9840239654410478,0.9840508078701845,0.9840776477275541,0.9841044839202355,0.9841313175434061,0.9841581478689697,0.9841849752626879,0.9842117997256867,0.9842386208946924,0.9842654391353216,0.9842922544486988,0.9843190664716891,0.9843458755697657,0.9843726813798881,0.984399484267432,0.9844262845975855,0.9844530812792643,0.9844798750418154,0.984506665886356,0.9845334534501244,0.9845602384620405,0.9845870198317245,0.9846137986517842,0.984640574195813,0.9846673464650627,0.9846941161879802,0.9847208826384364,0.9847476458176823,0.98477440645388,0.9848011638211792,0.98482791792083,0.9848546694807093,0.9848814177752478,0.9849081628056913,0.9849349052996345,0.9849616445317853,0.9849883805033884,0.9850151135787207,0.9850418437588847,0.9850685710449817,0.9850952950752181,0.9851220158508333,0.9851487340986694,0.9851754490941754,0.9852021612012964,0.9852288700584687,0.985255576029543,0.985282279115614,0.9853089789552557,0.985335675912176,0.9853623699874687,0.9853890608198439,0.9854157487728693,0.9854424334853452,0.9854691153207452,0.9854957942801587,0.9855224700025242,0.9855491432132777,0.9855758131892514,0.9856024799316709,0.9856291438037272,0.9856558048065043,0.9856824625792155,0.9857091171230818,0.9857357691628877,0.9857624179761066,0.9857890639256482,0.985815707012594,0.9858423468764267,0.9858689838799151,0.9858956176626341,0.9859222485872574,0.9859488766548639,0.9859755015051631,0.9860021235006902,0.9860553585704975,0.9863213547031701
310.0,0.9754274661334034,0.9757058174934611,0.9759838261337461,0.9762614931197069,0.9765388195070117,0.976815806725403,0.9770924561929858,0.9773687689337712,0.9776447463446925,0.9779203898115293,0.978195700328031,0.9784706788792131,0.9787453272014749,0.9790196466391134,0.9792936377681383,0.9795673019153259,0.9798406407752746,0.9801136548983291,0.9803863455829138,0.9806587141177694,0.9809307617820916,0.9812024894702793,0.9814738984443561,0.9817449895828047,0.9820157645048956,0.9822862236987903,0.982502364869257,0.9825293685117479,0.9825563687666118,0.9825833660080453,0.9826103602372172,0.982637351082514,0.9826643389179817,0.9826913237447873,0.9827183055640965,0.9827452840044877,0.9827722594398084,0.9827992314987325,0.9828262005550095,0.9828531666098005,0.9828801296642674,0.9829070893472731,0.98293404603237,0.9829609993485182,0.9829879496691708,0.9830148969954844,0.9830418413286146,0.9830687822977111,0.9830957202760318,0.9831226552647282,0.9831495868930941,0.9831765155342377,0.9832034408175466,0.9832303634877461,0.9832572828025067,0.9832841987631232,0.9833111121140273,0.9833380221131789,0.9833649287618672,0.9833918328042346,0.9834187334985253,0.9834456308460282,0.9834725255905932,0.9834994169907523,0.98352630504779,0.9835531905052672,0.9835800726220004,0.9836069517703135,0.983633827580352,0.9836607004243433,0.9836875703034231,0.9837144368478787,0.9837413004297907,0.983768161050293,0.9837950183398136,0.9838218726702871,0.9838487240428456,0.9838755720880571,0.9839024171777117,0.9839292593129385,0.9839560981244467,0.9839829339838801,0.9840097668923661,0.9840365964807544,0.9840634231205435,0.984090246812858,0.9841170671886889,0.9841438846193886,0.9841706991060801,0.9841975102798944,0.9842243185120391,0.9842511238036353,0.9842779257859531,0.9843047248300559,0.9843315209370631,0.9843583137383833,0.9843851036049368,0.9844118905378391,0.9844386741686406,0.9844654548681153,0.9844922322679072,0.9845190071081181,0.9845457786509652,0.9845725468977023,0.9845993125881463,0.9846260749847956,0.9846528340889015,0.9847063435317617,0.9849737079854994
320.0,0.973998446535242,0.9742784388016564,0.9745580798792997,0.9748373720564795,0.9751163164274564,0.9753949140762971,0.9756731664682546,0.9759510750565019,0.9762286412823069,0.9765058654064328,0.9767827500188697,0.9770592953606335,0.977335503219852,0.9776113749839688,0.9778869112556646,0.9781621134038483,0.9784369835585162,0.9787115215229527,0.9789857294073908,0.9792596085391063,0.9795331594677759,0.9798063835038491,0.9800792823307789,0.9803518564736032,0.9806241072154469,0.9808960358300894,0.9811133479754598,0.9811404973222023,0.9811676435821034,0.9811947867563714,0.9812219268462127,0.9812490634722408,0.9812761970163536,0.981303327479757,0.9813304548636534,0.9813575787888513,0.9813846992567025,0.9814118170291466,0.9814389313467438,0.9814660425910391,0.9814931507632306,0.9815202554844197,0.9815473571359983,0.9815744557191626,0.9816015508551603,0.9816286433051288,0.981655732310418,0.9816828178723687,0.9817099003720694,0.9817369798107111,0.9817640561894837,0.9817911291299758,0.9818181990130748,0.9818452658399683,0.9818723292323911,0.981899389571079,0.9819264468572163,0.9819535010919879,0.9819805518973224,0.982007599653755,0.9820346439833118,0.9820616856455326,0.9820887238833373,0.9821157586980511,0.9821427904699596,0.9821698192002384,0.982196844890065,0.9822238675406141,0.9822508867743005,0.9822779025924443,0.9823049157536924,0.9823319255018422,0.9823589322167773,0.9823859355211518,0.9824129357947503,0.9824399330387419,0.9824669272542943,0.9824939180642547,0.9825209058482082,0.9825478906073198,0.982574871964582,0.9826018502994297,0.9826288256130262,0.9826557975285071,0.9826827664251592,0.982709732304142,0.9827366947887364,0.9827636546359109,0.9827906107133295,0.9828175641556444,0.9828445142084947,0.9828714608731833,0.9828984049061884,0.9829253455534387,0.9829522831937244,0.9829792178281994,0.9830061490806205,0.9830330773296317,0.983060002199085,0.9830869244447743,0.9831138433133024,0.9831407588059614,0.9831676716782534,0.9831945811770674,0.983221487303695,0.9832483908133439,0.9832752909531931,0.9833290818822699,0.9835978498243438
330.0,0.9725405275562324,0.9728221970366524,0.9731035083055739,0.9733844633144395,0.9736650623980257,0.9739453070839897,0.9742251996853857,0.9745047405050842,0.9747839314322853,0.9750627735466275,0.975341267917782,0.9756194163983576,0.9758972200352566,0.9761746802611772,0.9764517977078221,0.9767285745766823,0.9770050114790833,0.9772811098058816,0.9775568709370589,0.977832295849813,0.9781073855128976,0.9783821420597989,0.9786565656570874,0.9789306584173462,0.9792044208812155,0.9794778543615341,0.9796963648583924,0.9797236638958357,0.97975095977303,0.9797782524912229,0.9798055416633401,0.9798328276790524,0.9798601105396036,0.9798873898580701,0.9799146664120822,0.9799419394265978,0.979969209291026,0.9799964756186438,0.9800237387987567,0.9800509988326028,0.9800782557214204,0.9801055090786858,0.9801327592934976,0.9801600063670908,0.9801872499130923,0.9802144903204437,0.9802417275903781,0.980268961724126,0.980296192335515,0.9803234198132803,0.9803506441586499,0.9803778649856004,0.9804050826827119,0.9804322972512106,0.9804595086923208,0.9804867166202198,0.9805139214232793,0.980541123102723,0.9805683216597726,0.9805955167088007,0.9806227086379765,0.9806498974485192,0.9806770827549509,0.9807042649452853,0.9807314436341446,0.9807586195959827,0.9807857920588767,0.9808129614106346,0.9808401276524696,0.9808672903992507,0.9808944500386317,0.9809216065718239,0.9809487596138449,0.9809759095521947,0.9810030563880824,0.9810302001227135,0.9810573403713039,0.9810844775211492,0.9811116115734537,0.9811387421435819,0.9811658696186747,0.9811929939999356,0.9812201152885652,0.9812472327144807,0.9812743474359558,0.9813014590684961,0.9813285672278088,0.9813556723006813,0.9813827742883097,0.9814098728065478,0.9814369686273211,0.9814640609811915,0.9814911498694997,0.9815182356787288,0.9815453184100702,0.9815723980647135,0.9815994742588544,0.981626547378774,0.9816536174256596,0.9816806844006982,0.9817077475354858,0.98173480798574,0.9817618653678012,0.9817889192982062,0.9818159701628822,0.9818430175784651,0.9818700623152781,0.9819241418347279,0.9821943483582363
340.0,0.9710542530625135,0.9713376375549128,0.9716206562912644,0.9719033100570251,0.9721856012607761,0.972467530255019,0.9727490990134248,0.9730303090875757,0.9733111616100414,0.9735916577026511,0.9738717988813406,0.9741515862452668,0.9744310220940149,0.9747101066954148,0.9749888415191854,0.9752672284249729,0.9755452680544178,0.9758229622443196,0.9761003120173481,0.9763773183870764,0.9766539831564475,0.9769303069194102,0.9772062910595922,0.9774819373475253,0.9777572467470698,0.9780322198173734,0.9782519576228678,0.9782794095786108,0.9783068586955109,0.9783343041828547,0.9783617464379581,0.9783891850662915,0.9784166204650638,0.9784440530312751,0.9784714819747303,0.9784989072968703,0.9785263293946921,0.9785537482694762,0.9785811639225053,0.9786085763550579,0.9786359851730662,0.9786633907732601,0.9786907927616741,0.9787181919301218,0.9787455874894448,0.9787729798361615,0.9788003689715433,0.9788277545018811,0.9788551368235331,0.9788825159377698,0.9789098918458604,0.9789372641542987,0.9789646332592308,0.9789919991619248,0.9790193618636455,0.9790467209710895,0.9790740768801931,0.9791014295922198,0.9791287787140177,0.9791561250357266,0.9791834677698316,0.9792108073120056,0.9792381432693005,0.9792654760372841,0.979292805617211,0.9793201320103385,0.9793474548239216,0.979374774453316,0.9794020908997746,0.9794294041645503,0.979456713855099,0.9794840203665695,0.9795113237002085,0.9795386234636271,0.9795659200518132,0.9795932134660148,0.9796205037074758,0.9796477903840086,0.9796750742837743,0.9797023546212013,0.9797296313976838,0.979756905401075,0.9797841754529275,0.9798114427341683,0.9798387068528074,0.9798659674170561,0.9798932248212792,0.9799204790667115,0.9799477297617168,0.979974977300503,0.9800022216843021,0.9800294629143464,0.980056700599201,0.9800839351328643,0.9801111665165665,0.9801383943590211,0.9801656194465362,0.98019284099536,0.9802200590068717,0.9802472738747603,0.9802744859925092,0.9803016941845616,0.9803288996289204,0.9803561015424394,0.9803833003185481,0.9804104955664609,0.98043768807146,0.9804920628977073,0.9807637426971482
350.0,0.9695401387868586,0.9698252756560531,0.9701100386676593,0.9703944290647805,0.9706784489098109,0.9709620985873487,0.9712453809625835,0.971528296395225,0.9718108468919722,0.9720930332048082,0.972374857313758,0.9726563203597309,0.9729374238839542,0.9732181690041124,0.9734985576474372,0.9737785900884837,0.9740582686406417,0.9743375939672332,0.9746165679473326,0.9748951916314652,0.9751734660606698,0.9754513926727726,0.9757289728942207,0.9760062077352316,0.9762830990061262,0.9765596468884025,0.9767806394843532,0.9768082483874778,0.9768358535763393,0.976863455455784,0.9768910540271449,0.9769186492917535,0.9769462408477468,0.976973829502894,0.9770014140491073,0.9770289956971292,0.9770565740451476,0.9770841486915638,0.9771117200407332,0.9771392880939795,0.9771668524498605,0.9771944135125684,0.9772219716860823,0.9772495261663514,0.9772770769548547,0.9773046248580652,0.9773321690722495,0.9773597095988832,0.9773872472441155,0.9774147812045324,0.9774423122860679,0.9774698396855163,0.9774973634043477,0.9775248842481763,0.9775524014141111,0.9775799153055864,0.9776074255219938,0.9776349328685207,0.977662436542695,0.9776899369477356,0.9777174340849436,0.9777449275539728,0.9777724181594741,0.9777999050995015,0.9778273887770029,0.9778548687918381,0.9778823455468467,0.9779098194446579,0.977937289282568,0.9779647562658681,0.9779922195933454,0.97801967966757,0.9780471364898337,0.978074590061426,0.9781020399826716,0.9781294866559281,0.9781569300824826,0.9781843698628133,0.9782118063991189,0.9782392396926822,0.978266669744787,0.9782940965567154,0.978321519729204,0.9783489396641831,0.9783763563629314,0.9784037694263398,0.9784311796565143,0.9784585862540078,0.9784859896204838,0.9785133893570384,0.9785407858652279,0.9785681791463264,0.9785955692016044,0.9786229560323344,0.978650339239867,0.9786777192254946,0.9787050955906722,0.9787324691363443,0.978759839064204,0.97878720577533,0.9788145692709868,0.9788419291528832,0.9788692858219408,0.9788966396788709,0.978923989526584,0.9789513365646912,0.9789786795964114,0.9790333568404944,0.9793065438500107
360.0,0.9679986722809597,0.9682855984684913,0.9685721429546726,0.9688583070326894,0.9691440924060672,0.9694295003402222,0.9697145325101123,0.9699991901542125,0.9702834749197423,0.9705673884394618,0.9708509319120588,0.9711341065245414,0.971416914289721,0.9716993559502097,0.9719814330748064,0.9722631476359497,0.9725445003416965,0.9728254931391155,0.9731061262995181,0.9733864025762881,0.9736663222193095,0.9739458871270884,0.9742250979450892,0.9745039569609739,0.9747824643871896,0.975060622487753,0.9752828978706576,0.9753106665634396,0.975338431868075,0.9753661933752731,0.9753939519078076,0.9754217066457708,0.9754494580012075,0.9754772063859456,0.9755049505700055,0.975532691786113,0.9755604292149024,0.9755881632681412,0.9756158939471982,0.9756436212534438,0.9756713447781759,0.9756990649329392,0.9757267817190993,0.975754495138021,0.9757822051910674,0.9758099114698048,0.9758376143854995,0.9758653139395126,0.9758930101332025,0.975920702558349,0.9759483920355211,0.9759760777469715,0.9760037596942186,0.9760314386975019,0.9760591139393971,0.9760867862399253,0.976114454781877,0.9761421199759088,0.9761697814142796,0.9761974395075351,0.9762250946660056,0.976252745664089,0.9762803937300775,0.9763080380475115,0.9763356794354291,0.9763633170775843,0.9763909509754805,0.9764185819478276,0.9764462091787021,0.976473833078098,0.9765014536473531,0.9765290708878028,0.9765566843924469,0.9765842945710606,0.9766119014249772,0.9766395049555278,0.976667104755923,0.9766947016437852,0.9767222948042581,0.976749884646788,0.9767774707647952,0.976805053975471,0.9768326334643824,0.9768602096407573,0.976887782098228,0.9769153516535515,0.976942917492719,0.9769704800247417,0.9769980392509376,0.9770255947652008,0.9770531469763784,0.977080696293103,0.9771082419020005,0.9771357838045455,0.9771633228165254,0.9771908577177785,0.9772183897310889,0.977245918450608,0.9772734434706999,0.9773009656066148,0.9773284840458238,0.9773559987897917,0.977383510653447,0.9774110188245761,0.9774385237112666,0.977466025314821,0.9774935232300207,0.977548509626844,0.9778232378391358
370.0,0.9664303138411218,0.9667190671756959,0.9670074303660618,0.967295405191921,0.9675829934166204,0.9678701963571001,0.968157015316882,0.9684434520153358,0.9687295081563765,0.9690151850008476,0.9693004837970047,0.9695854062073506,0.9698699543058367,0.9701541284478635,0.9704379311060651,0.9707213630373136,0.9710044258367857,0.9712871210860835,0.9715694495084277,0.9718514135062106,0.9721330133574637,0.9724142518589798,0.9726951288466461,0.9729756462512332,0.9732558055699134,0.9735356082877964,0.9737591937969463,0.9737871259441229,0.9738150550422369,0.9738429802567838,0.973870901589357,0.9738988198770914,0.9739267342858148,0.9739546452347759,0.9739825527253972,0.9740104567590993,0.9740383573373019,0.9740662540439894,0.9740941472981254,0.9741220371011263,0.974149923454407,0.9741778063593818,0.9742056854003086,0.9742335614129655,0.9742614335645082,0.974289301856514,0.9743171671244228,0.9743450289525984,0.9743728869256254,0.9744007414618424,0.9744285925626534,0.974456440229461,0.9744842840470673,0.9745121248501285,0.9745399618069004,0.9745677953353811,0.9745956254369676,0.9746234516967348,0.9746512749487776,0.9746790943619008,0.9747069099376634,0.9747347225098258,0.9747625316635677,0.9747903369842871,0.9748181388894758,0.9748459377963995,0.9748737324588058,0.9749015241257211,0.9749293119669329,0.9749570963996511,0.9749848774252584,0.9750126550451352,0.9750404292606618,0.9750681996577781,0.9750959666534119,0.9751237302489394,0.9751514904457372,0.9751792472451802,0.9752070002334766,0.9752347498272744,0.9752624960279453,0.9752902388368595,0.9753179778404418,0.9753457138700062,0.9753734460970838,0.975401174523205,0.9754288999793531,0.9754566216373836,0.9754843403280599,0.9755120552234534,0.9755397667395983,0.9755674744634002,0.9755951792251819,0.9756228801974464,0.975650577796006,0.9756782720222161,0.9757059624632511,0.9757336499488812,0.9757613336521519,0.9757890139885959,0.9758166909595644,0.9758443641524973,0.9758720343966183,0.9758997008655088,0.9759273639744257,0.9759550233110224,0.9759826797040836,0.9760379815966709,0.9763142851291563
380.0,0.9648354985881964,0.9651261165665849,0.965416337082852,0.9657061602208261,0.9659955882488365,0.9662846234156722,0.9665732662026717,0.9668615188278792,0.96714938261896,0.9674368593251925,0.9677239506800351,0.9680106575334697,0.9682969815916805,0.9685829249784145,0.9688684885036997,0.9691536738307255,0.969438482608169,0.9697229156097815,0.9700069748891603,0.9702906620545031,0.9705739782717966,0.9708569246959113,0.9711395028981413,0.9714217144366891,0.9717035600044567,0.9719850419887707,0.9722099660017347,0.972238065304442,0.9722661606345699,0.9722942528437568,0.9723223410834336,0.9723504262050077,0.9723785073601361,0.9724065845504642,0.9724346586270528,0.9724627287418983,0.972490795745831,0.9725188587910731,0.9725469183037432,0.9725749742853088,0.9726030267372348,0.9726310752366741,0.9726591206337672,0.9726871620814123,0.9727152000053801,0.9727432344071294,0.9727712652881171,0.9727992922258344,0.9728273160697277,0.9728553359733731,0.972883351938395,0.9729113648138961,0.9729393741774732,0.9729673800305765,0.9729953819510845,0.9730233803641283,0.9730513752711537,0.9730793666736067,0.973107354572931,0.9731353385472818,0.9731633190215017,0.9731912959970314,0.9732192698984276,0.9732472394577751,0.9732752059458651,0.9733031689410155,0.9733311280217696,0.9733590836125653,0.9733870357148349,0.9734149839072874,0.9734429290368563,0.9734708702595797,0.9734988079996088,0.9735267422583715,0.9735546730372927,0.9735826003377978,0.9736105241613103,0.9736384440869782,0.9736663605386098,0.9736942735176244,0.9737221830254422,0.9737500886414305,0.9737779912111624,0.97380588989201,0.9738337851074376,0.9738616764370327,0.9738895647259155,0.9739174495536164,0.9739453304998859,0.9739732079879044,0.9740010820190796,0.9740289525948186,0.9740568192950917,0.9740846825428505,0.974112542760823,0.9741403991077079,0.974168251585074,0.9741961010368025,0.9742239466219221,0.9742517891840919,0.9742796278825597,0.9743074631398239,0.9743352945364001,0.9743631229154964,0.9743909474368024,0.9744187685225894,0.9744465861742484,0.9745022107601921,0.9747801234970365
390.0,0.9632146385266912,0.9635071596670737,0.9637992740741994,0.9640909836584531,0.9643822894208346,0.9646731936845299,0.964963697863836,0.9652538038019073,0.9655435124386434,0.9658328260293686,0.966121745926622,0.966410273469036,0.9666984108626117,0.9669861589751572,0.9672735195422995,0.9675604942841519,0.9678470849055401,0.9681332922213353,0.9684191179101294,0.9687045636358774,0.9689896310481173,0.9692743213471546,0.969558635721702,0.9698425757829077,0.970126143128328,0.970409339342136,0.9706356296532278,0.9706638989909694,0.9706921651311807,0.9707204272111875,0.9707486860966068,0.9707769409249969,0.9708051921298998,0.9708334397128415,0.9708616836753463,0.9708899235872744,0.9709181603135348,0.9709463929923775,0.9709746220569875,0.9710028475088827,0.9710310693495801,0.9710592875805965,0.9710875022034464,0.9711157132196422,0.9711439201995588,0.9711721235759616,0.9712003233503604,0.9712285195242647,0.9712567120991813,0.9712849006457663,0.9713130860272822,0.9713412673835913,0.9713694455777214,0.9713976197497647,0.9714257903319541,0.9714539568952877,0.9714821203023223,0.9715102796936106,0.9715384359314767,0.9715665881567002,0.9715947368011602,0.9716228818663475,0.9716510233537525,0.9716791612648654,0.9717072951711905,0.9717354255043124,0.9717635522657169,0.9717916754568866,0.9718197950793067,0.9718479111344573,0.9718760231941834,0.971904132119295,0.9719322370520548,0.9719603384235761,0.9719884362353346,0.9720165304888057,0.9720446211854618,0.9720727078975417,0.9721007910558651,0.9721288706619028,0.9721569467171233,0.9721850192229936,0.9722130881809798,0.9722411531636582,0.9722692146014956,0.9722972729247346,0.9723253272772242,0.9723533780892599,0.9723814249336945,0.972409468669256,0.9724375084402462,0.9724655451051626,0.972493577808532,0.9725216065519801,0.9725496321936578,0.9725776543066387,0.9726056724642231,0.9726336870961231,0.9726616986318251,0.9726897062166444,0.9727177098521966,0.9727457103958305,0.9727737069931993,0.972801700501422,0.9728296900663763,0.9728576756896719,0.9728856582280841,0.9729416123454513,0.973221168399574
400.0,0.9615681218576352,0.9618625844368186,0.962156631683342,0.9624502651244354,0.9627434867236938,0.9630362984258414,0.9633287012539581,0.9636206971197728,0.9639122883671439,0.96420347552122,0.964494261341986,0.964784646325516,0.9650746331967491,0.9653642228706365,0.9656534171433966,0.9659422173491468,0.9662306252535365,0.9665186426063388,0.9668062706978091,0.9670935108052745,0.9673803650786323,0.9676668343242579,0.9679529206629487,0.968238624876095,0.9685239486160463,0.9688088935210443,0.9690365777758987,0.9690650213525107,0.9690934612154365,0.9691218973662626,0.9691503293676867,0.9691787580991286,0.9692071826844542,0.9692356035641326,0.9692640211783929,0.9692924346514566,0.9693208444236084,0.969349250496426,0.9693776528714819,0.9694060511119998,0.9694344460963138,0.9694628369493505,0.969491224111031,0.9695196075829228,0.9695479873665939,0.9695763639016024,0.9696047358755308,0.9696331046039239,0.9696614696503494,0.9696898305786105,0.969718188265839,0.9697465418381385,0.9697748917348216,0.9698032379574436,0.9698315805075579,0.9698599189493159,0.9698882541591308,0.9699165857010916,0.9699449131395228,0.9699732369133138,0.970001557024011,0.970029873473159,0.970058186262301,0.97008649539298,0.9701148004298645,0.9701431022482969,0.9701713999761314,0.9701996940517758,0.9702279849134029,0.9702562716892148,0.9702845543809236,0.970312833863155,0.9703411097008635,0.9703693814592367,0.9703976500125459,0.9704259144896916,0.9704541753285425,0.9704824325306234,0.9705106860974573,0.9705389360305664,0.970567181895538,0.9705954245658177,0.9706236631711147,0.9706518981488805,0.9706801295006305,0.9707083572278783,0.9707365813321385,0.9707648013793991,0.9707930182422772,0.970821231051293,0.9708494402434796,0.9708776462556342,0.9709058482186235,0.9709340461341261,0.9709622408740542,0.9709904315696194,0.9710186190924962,0.9710468025741272,0.9710749824510694,0.9711031587248208,0.9711313313968765,0.9711595004687333,0.9711876655072319,0.9712158273832291,0.9712439852289678,0.971272139480592,0.9713002901395915,0.9713565806856654,0.971637813592278
410.0,0.9598963161901393,0.9601927587167279,0.9604887770897607,0.9607843729032122,0.9610795481935986,0.9613743049775527,0.9616686443348179,0.9619625687051058,0.962256079134464,0.9625491775687731,0.9628418663913807,0.9631341461434081,0.9634260191745878,0.9637174869062306,0.9640085516515488,0.9642992138929639,0.9645894759120682,0.9648793395196886,0.9651688056085025,0.965457875960427,0.9657465527909367,0.966034836950387,0.9663227297269286,0.9666102332912979,0.9668973489024908,0.9671840782535934,0.9674131844166706,0.9674418051737703,0.9674704225771986,0.9674990357368196,0.9675276451001961,0.9675562506689718,0.9675848524447864,0.9676134504292788,0.9676420446240873,0.9676706350308477,0.9676992216511954,0.9677278040414516,0.9677563830939335,0.967784957919709,0.9678135294108481,0.9678420966786594,0.9678706601699594,0.9678992198863735,0.9679277758295255,0.9679563280010383,0.967984876402532,0.9680134210356272,0.968041961457296,0.9680704985585069,0.9680990314516464,0.9681275610274354,0.9681560859540981,0.9681846080109772,0.9682131258664747,0.9682416399666025,0.9682701503129669,0.9682986564630744,0.9683271593067911,0.9683556584015581,0.9683841533050593,0.9684126444629344,0.9684411323205824,0.9684696159919423,0.96849809592247,0.9685265721137607,0.9685550445674089,0.9685835132850061,0.9686119782681446,0.9686404390750346,0.9686688965940831,0.968697349940179,0.9687257995582875,0.9687542458931319,0.968782687616878,0.9688111260605257,0.9688395607825163,0.9688679917844288,0.9688964190678421,0.9689248421915507,0.9689532620427523,0.9689816777375192,0.969010089720205,0.9690384979923802,0.9690669025556161,0.9690953034114803,0.9691237005615415,0.9691520940073659,0.9691804833082734,0.9692088693503768,0.9692372512508087,0.9692656294533758,0.9692940039596363,0.9693223747711489,0.9693507418894713,0.9693791053161598,0.9694074650527686,0.9694358206591416,0.9694641730203103,0.9694925212544645,0.9695208658048643,0.9695492066730573,0.9695775438605915,0.969605877369012,0.969634207199864,0.9696625333546899,0.9696908553938554,0.969747488896312,0.9700304325015416
420.0,0.9581995662492998,0.9584980279785715,0.9587960564960971,0.9590936534664121,0.959390821469713,0.959687561663344,0.959983875655194,0.9602797659655413,0.9605752341631866,0.9608702817998587,0.9611649104104716,0.9614591224380216,0.9617529189189162,0.9620463022591681,0.9623392734627382,0.9626318348997297,0.9629239875426795,0.9632157332684611,0.9635070739365682,0.9637980109323084,0.964088546083134,0.9643786807440881,0.9646684162563994,0.9649577548567471,0.9652466974017113,0.965535246097053,0.9657658020505103,0.9657946038553457,0.9658234022253248,0.9658521958042373,0.9658809859517039,0.9659097726692408,0.9659385546011932,0.9659673331066166,0.9659961077347574,0.9660248780351096,0.9660536449138366,0.966082407920367,0.9661111666043772,0.9661399218716531,0.9661686728199126,0.9661974199028605,0.9662261635739519,0.9662549029312725,0.9662836384283373,0.9663123700668275,0.966341097848424,0.9663698217748061,0.9663985418476522,0.9664272580686375,0.9664559704394379,0.9664846785105139,0.9665133831860242,0.9665420835652765,0.9665707805521792,0.9665994732462841,0.9666281625512496,0.9666568475668715,0.966685528745779,0.9667142060896333,0.9667428796000961,0.9667715492788254,0.9668002151274792,0.9668288771477135,0.9668575353411841,0.9668861892591942,0.9669148398041564,0.9669434860770828,0.9669721289801396,0.9670007676145805,0.9670294028823229,0.967058033884863,0.9670866610739501,0.9671152844512262,0.9671439040183313,0.9671725197769057,0.9672011317285878,0.9672297398750133,0.9672583442178173,0.9672869443091412,0.9673155410496654,0.9673441335420943,0.9673727226868623,0.9674013075869153,0.9674298886932524,0.9674584660074983,0.9674870395312779,0.9675156092662136,0.9675441752139282,0.9675727373760405,0.9676012957541705,0.9676298499011711,0.9676584007162469,0.9676869473035453,0.9677154905620269,0.9677440295960771,0.9677725648559506,0.9678010963432563,0.9678296240596026,0.967858148006596,0.9678866681858418,0.9679151841507848,0.9679436967994065,0.9679722056850889,0.9680007103614527,0.9680292117261159,0.9680577088847776,0.9681146919344156,0.9683993804540462
430.0,0.9564781983638094,0.9567787188907442,0.9570787968956068,0.9573784345922767,0.9576776332240753,0.957976395911407,0.9582747238565728,0.9585726182460163,0.95887008213574,0.9591671166729413,0.9594637239296052,0.9597599059574473,0.9600556638511133,0.9603509996267396,0.9606459152810474,0.9609404118585722,0.9612344922538001,0.9615281570113245,0.9618214085235413,0.9621142482344084,0.9624066780359671,0.9626986993401815,0.9629903135443758,0.9632815229540087,0.9635723284733325,0.9638627319152258,0.9640947659397635,0.9641237527265603,0.9641527346169627,0.964181712990974,0.9642106873909516,0.9642396578186623,0.9642686242758701,0.9642975867643391,0.9643265448268649,0.9643554993832028,0.9643844499760824,0.9644133961484854,0.9644423388197818,0.9644712775328862,0.9645002118309661,0.9645291426330073,0.9645580690236502,0.9645869919216241,0.9646159104118216,0.9646448249544454,0.9646737360094451,0.9647026426620866,0.9647315458304598,0.9647604446000799,0.9647893394308273,0.9648182303244379,0.9648471172826449,0.964876000307181,0.9649048793997778,0.9649337545621643,0.9649626257960681,0.9649914931032161,0.9650203564853344,0.9650492159441443,0.965078071481369,0.9651069226414669,0.9651357703407436,0.9651646141235918,0.965193453534654,0.9652222894898542,0.9652511210768212,0.9652799492112253,0.9653087729809431,0.9653375933013915,0.9653664092606943,0.9653952213173793,0.9654240294731519,0.9654528337297139,0.965481634088766,0.9655104310083941,0.965539223577463,0.965568011797856,0.9655967965838528,0.9656255779369607,0.9656543544904616,0.9656831276144576,0.9657118968545,0.9657406617563904,0.965769423233652,0.9657981803762582,0.9658269340974798,0.9658556834875347,0.965884429459445,0.9659131711036738,0.9659419088775371,0.9659706432381034,0.9659993728208741,0.9660280989936952,0.9660568217580557,0.9660855402051518,0.9661142543368377,0.966142965065009,0.9661716719361867,0.966200374952037,0.9662290741142241,0.9662577689696346,0.9662864604295409,0.966315147586115,0.9663438313503779,0.9663725108147478,0.9664011864355299,0.9664585261529434,0.9667449937782187
440.0,0.9547325184512344,0.9550351377560731,0.9553373054436097,0.9556390233294951,0.9559402932086905,0.9562411173360933,0.9565414974640613,0.9568414358040845,0.9571409340671766,0.9574399944226842,0.957738618541509,0.9580368075999229,0.9583345646602563,0.9586318908597519,0.9589287882687514,0.9592252584641138,0.9595213034782144,0.9598169243799285,0.9601121241094035,0.9604069032293127,0.960701264171442,0.960995208407889,0.9612887373952343,0.9615818535107041,0.9618745577093512,0.9621668518673914,0.9624003926924064,0.962429567070105,0.9624587373779214,0.9624879036176918,0.9625170657912518,0.9625462239004343,0.9625753774813395,0.9626045274673256,0.9626336733944244,0.9626628152644624,0.9626919530792648,0.9627210868406555,0.9627502160851129,0.962779341745208,0.9628084633573509,0.9628375809233588,0.9628666944450474,0.9628958034592106,0.9629249088977638,0.9629540102974338,0.9629831076600283,0.9630122005225937,0.963041289816523,0.963070375078794,0.963099456311209,0.9631285330510648,0.963157606229233,0.9631866753829417,0.9632157400496768,0.9632448011599187,0.9632738582510844,0.9633029108608467,0.9633319599192964,0.9633610045000488,0.9633900455329336,0.9634190825556823,0.9634481151062803,0.963477144114168,0.9635061691172643,0.9635351896537412,0.963564206652652,0.9635932191886237,0.9636222277270359,0.9636512327330106,0.9636802332815543,0.9637092298378501,0.9637382228668246,0.9637672114438621,0.9637961964969809,0.9638251771018163,0.9638541537232257,0.9638831268258098,0.9639120954855809,0.9639410601672003,0.9639700208724228,0.9639989776030028,0.9640279303606909,0.9640568796096982,0.9640858244267908,0.9641147648139075,0.9641437021597903,0.9641726350791867,0.9642015640361725,0.9642304885704089,0.964259409607858,0.9642883266881164,0.9643172398129194,0.9643461489840036,0.9643750542031027,0.9644039550102478,0.9644328523306341,0.9644617457042276,0.9644906346712447,0.9645195201564978,0.9645484017001364,0.9645772788425626,0.9646061525082057,0.9646350217762037,0.9646638875707323,0.9646927489711778,0.964721606440454,0.964779310053234,0.9650675909836058
450.0,0.9529628145965302,0.9532675735786037,0.9535718710880389,0.9538757095122405,0.9541790907258308,0.9544820160946716,0.9547844889122121,0.9550865100135009,0.9553880821589141,0.9556892066298558,0.9559898861414193,0.9562901219346994,0.95658991619864,0.9568892711003111,0.9571881883044778,0.9574866694574767,0.9577847166668678,0.9580823315409092,0.9583795161482801,0.9586762720603338,0.9589726013080448,0.9592685049510802,0.9595639859363901,0.9598590448137475,0.9601536840180455,0.9604479050166954,0.9606829813964228,0.9607123474113548,0.9607417092617367,0.960771066476966,0.9608004200040315,0.9608297693722619,0.9608591145835585,0.9608884556398217,0.9609177925429495,0.9609471252948374,0.9609764538973811,0.9610057783524729,0.9610350986620045,0.9610644148278649,0.961093726851942,0.9611230347361214,0.9611523384822882,0.9611816380923243,0.9612109335681102,0.9612402253829782,0.9612695125958345,0.961298795680074,0.9613280746375695,0.9613573499413823,0.961386620650941,0.9614158872393673,0.961445149708529,0.9614744085312174,0.9615036627673793,0.9615329128898688,0.9615621593712737,0.9615914012719305,0.9616206395350883,0.961649873221341,0.9616791032736737,0.9617083287529374,0.9617375506018528,0.9617667678815295,0.9617959815344219,0.9618251906218999,0.961854396086152,0.9618835969888055,0.9619127942717863,0.9619419869969771,0.961971176106041,0.9620003606611182,0.9620295416036074,0.9620587179959063,0.9620878907791492,0.9621170590159916,0.9621462236473054,0.9621753842053598,0.9622045402226863,0.9622336926397609,0.9622628405198795,0.9622919848032563,0.9623211250224796,0.9623502611793645,0.9623793928068199,0.9624085208445357,0.962437644356575,0.9624667642823653,0.9624958801548732,0.9625249915073227,0.962554099278748,0.9625832025338524,0.9626123022114088,0.9626413973763734,0.9626704889672597,0.9626995765174744,0.9627286595606811,0.9627577390350022,0.9627868140060294,0.9628158854116246,0.9628449527855086,0.9628740156616585,0.9629030749775452,0.9629321302670789,0.9629611810644234,0.9629902283066604,0.9630192710603974,0.9630773449796965,0.9633674734556646
460.0,0.9511693572522811,0.9514762973058841,0.9517827662269632,0.9520887659996602,0.95239429858496,0.9526993664150802,0.9530039709101884,0.9533081149489646,0.9536118003987409,0.9539150291054067,0.9542178033840832,0.9545201250365613,0.9548219958441693,0.9551234175680849,0.9554243929245657,0.9557249236311286,0.9560250113860984,0.9563246578689046,0.9566238652250013,0.9569226355787284,0.9572209700671874,0.9575188707776208,0.9578163402589109,0.9581133791126919,0.9584099898511191,0.958706173524949,0.9589428152200107,0.95897237604513,0.9590019330877843,0.9590314853916775,0.9590610339169299,0.9590905781864132,0.9591201182021035,0.9591496539659723,0.9591791854799915,0.9592087122674995,0.9592382357663584,0.9592677545426382,0.9592972690769359,0.9593267793712125,0.9593562859057236,0.9593857877257702,0.9594152853116719,0.959444779143475,0.9594742682668811,0.959503753639959,0.959533234786565,0.959562711230824,0.9595921839303959,0.9596216524093335,0.9596511161919573,0.959680576235519,0.9597100320642679,0.9597394836801414,0.9597689310850739,0.9597983742809996,0.9598278132698488,0.9598572480535518,0.9598866786340368,0.9599161050132292,0.9599455276700075,0.9599749456523204,0.9600043599159296,0.9600337695090473,0.960063174910477,0.9600925765987547,0.960121973622488,0.9601513669367611,0.960180756066866,0.9602101405383567,0.960239521305915,0.960268897418804,0.9602982698314355,0.9603276380694248,0.9603570021346711,0.9603863620290723,0.9604157177545262,0.9604450688371039,0.9604744162304101,0.9605037599361386,0.9605330990047307,0.9605624334382744,0.9605917641898368,0.9606210912611053,0.9606504137030444,0.9606797319930265,0.9607090461329325,0.9607383561246392,0.9607676624451181,0.9607969641459871,0.9608262617042793,0.9608555555967656,0.9608848448754512,0.960914130491936,0.960943411498486,0.9609726883717981,0.9610019615883042,0.9610312302006613,0.961060495159801,0.9610897559930117,0.9611190122278438,0.961148264814829,0.9611775128072731,0.9612067571554441,0.9612359969129051,0.961265233029659,0.9612944650334414,0.9613529162356845,0.9616449279905501
470.0,0.9493523993440935,0.9496615624054073,0.9499702443703975,0.950278446810963,0.9505861722808016,0.9508934233064145,0.9512002013873486,0.9515065085021084,0.9518123481018268,0.9521177206190422,0.952422629952399,0.9527270764923601,0.9530310630945545,0.9533345915976729,0.9536376643135381,0.9539402830370026,0.9542424495425985,0.9545441665687177,0.9548454348634355,0.955146257123206,0.9554466350401226,0.955746570287532,0.9560460650087079,0.95634512132596,0.9566437408539816,0.9569419247036506,0.9571801601261946,0.9572099199578241,0.9572396759136985,0.9572694270246375,0.9572991742637967,0.9573289166622687,0.9573586551929277,0.957388389372378,0.9574181187174973,0.9574478446858421,0.9574775658239462,0.9575072826190222,0.9575369950731087,0.9575667031882454,0.9575964074512257,0.9576261068945003,0.9576558024895472,0.9576854932690901,0.9577151802043269,0.9577448628126655,0.9577745410961306,0.9578042150567455,0.9578338846965305,0.9578635500175052,0.9578932110216876,0.957922867711092,0.9579525205716667,0.9579821686374865,0.9580118128783599,0.9580414523286334,0.9580710879578385,0.9581007192841817,0.9581303463096666,0.9581599690362915,0.9581895874660571,0.9582192016009582,0.9582488114429905,0.958278416994147,0.9583080182564181,0.9583376157148424,0.9583672084052414,0.9583967972956298,0.958426381422099,0.9584559617523868,0.9584855373228532,0.9585151091009614,0.9585446766059104,0.9585742398396752,0.9586037988042293,0.9586333535015429,0.958662903933585,0.9586924501023231,0.9587219920097224,0.9587515301398457,0.9587810635303892,0.9588105931474438,0.9588401180289712,0.9588696391407895,0.9588991555211269,0.9589286681355276,0.9589581765041132,0.958987680628833,0.9590171800301417,0.9590466756730384,0.9590761670779062,0.9591056542466874,0.9591351371813226,0.9591646158837495,0.9591940903559065,0.9592235610807497,0.9592530270981012,0.9592824893718696,0.9593119469421418,0.9593414007725556,0.9593708499034604,0.9594002952982242,0.9594297359974604,0.9594591729642651,0.9594886052395167,0.9595180337860397,0.9595474581252627,0.9596062941894643,0.9599002236805515
480.0,0.9475121773092071,0.9478236064144757,0.9481345441367027,0.9484449916269287,0.9487549520500909,0.9490644275241583,0.9493734201419817,0.9496819324777035,0.949989966572736,0.9502975244444971,0.9506046080867666,0.9509112204760046,0.9512173630530235,0.9515230377405753,0.951828247440646,0.9521329935274462,0.95243727885437,0.9527411042537168,0.9530444725339121,0.9533473854829292,0.9536498448685693,0.9539518529343679,0.9542534114065706,0.9545545224863646,0.9548551878597424,0.9551554091941157,0.9553952683080669,0.9554252309472921,0.9554551891226516,0.9554851428362836,0.9555150920903239,0.9555450373787147,0.9555749777199034,0.955604913607899,0.9556348455364243,0.9556647730158693,0.9556946955569038,0.9557246141446291,0.9557545287809557,0.9557844384853015,0.9558143437511684,0.9558442450717741,0.9558741414669519,0.9559040339209496,0.9559339219447721,0.9559638055405251,0.9559936847103123,0.9560235594562358,0.9560534297803954,0.9560832961754335,0.9561131576622872,0.9561430152240693,0.9561728678819938,0.9562027166188893,0.9562325609464379,0.9562624008667275,0.9562922363818415,0.9563220674938616,0.9563518946947852,0.9563817170067869,0.9564115354117065,0.9564413489319942,0.9564711585492077,0.9565009637756386,0.9565307646133572,0.9565605610644284,0.9565903531309166,0.9566201413041756,0.9566499246076156,0.9566797040218062,0.9567094785704306,0.9567392492337795,0.9567690150358074,0.9567987769565259,0.9568285349977744,0.9568582881839193,0.9568880370058805,0.9569177814657006,0.9569475215654216,0.9569772577955453,0.9570069891811148,0.957036716701022,0.9570664398688372,0.9570961586865939,0.9571258731563209,0.9571555827919981,0.9571852890597963,0.9572149904975948,0.9572446875954639,0.9572743808431992,0.9573040692672007,0.9573337538449661,0.9573634336031671,0.9573931095190217,0.9574227811069045,0.957452448368825,0.9574821113067901,0.957511769922805,0.9575414242188737,0.9575710746840865,0.9576007203461984,0.9576303616943627,0.9576599992174617,0.957689631943652,0.9577192608486266,0.9577488854474924,0.9577785057422381,0.9578377329408398,0.9581336162224722
490.0,0.9456489121311538,0.945962650974265,0.9462758867731833,0.9465886228342021,0.946900860884485,0.9472126031417571,0.9475238528242025,0.9478346115793241,0.9481448820559011,0.9484546663630338,0.9487639665848341,0.9490727852904011,0.9493811245126722,0.9496889862607277,0.9499963730274541,0.9503032867730198,0.9506097294348348,0.9509157034329309,0.9512212106579949,0.9515262534825545,0.9518308332492202,0.9521349527887171,0.952438613902555,0.9527418178713355,0.9530445674581447,0.9533468644023011,0.95358837682849,0.9536185456615025,0.9536487104237779,0.9536788701206449,0.9537090252528071,0.9537391763206805,0.9537693228281412,0.9537994647774044,0.9538296021706841,0.9538597350101891,0.9538898637959634,0.9539199875344706,0.9539501072235137,0.9539802223674595,0.9540103329685075,0.9540404390288546,0.9540705410481031,0.9541006380335616,0.9541307309821625,0.9541608189014977,0.9541909027882077,0.9542209826442631,0.9542510574776786,0.9542811277877541,0.9543111940735031,0.9543412553433601,0.9543713125930984,0.9544013653280559,0.9544314135504016,0.9544614572623046,0.9544914969623365,0.9545215316597774,0.9545515623495304,0.9545815885373493,0.9546116102253906,0.9546416269197581,0.9546716401107627,0.9547016483123976,0.9547316520228647,0.95476165174008,0.9547916469702789,0.9548216377156036,0.9548516239781952,0.9548816057601929,0.9549115830637339,0.9549415563862976,0.9549715247392561,0.9550014891153601,0.9550314490213938,0.9550614039644199,0.9550913549367602,0.9551213019403264,0.9551512439873239,0.9551811820696459,0.9552111151997753,0.9552410443693196,0.9552709690856099,0.9553008888562569,0.95533080516687,0.9553607165360548,0.9553906234604163,0.955420526436277,0.9554504244772278,0.9554803185737375,0.9555102082336826,0.9555400934591568,0.9555699742522549,0.9555998506150667,0.9556297225496807,0.9556595905518444,0.9556894536362525,0.9557193127922385,0.955749167034772,0.9557790173529038,0.9558088632551903,0.9558387052369482,0.9558685423136983,0.9558983749808231,0.9559282032403907,0.9559580275874333,0.9559878475309131,0.9560474742154366,0.9563453460922395
500.0,0.9437628093226469,0.9440789012565267,0.9443944801955476,0.9447095479924104,0.945024106996024,0.9453381605688066,0.9456517099578445,0.9459647579472088,0.9462773072904965,0.9465893596757068,0.9469009183185593,0.9472119848538184,0.9475225619246,0.9478326516310157,0.9481422565621782,0.9484513782534997,0.9487600192439991,0.9490681820459,0.9493758681235126,0.9496830804512363,0.949989820447073,0.9502960900183106,0.950601892065813,0.9509072284489507,0.9512121004996863,0.9515165110486318,0.9517597080860148,0.9517900870745906,0.9518204618904601,0.9518508315263281,0.951881196993964,0.9519115572863633,0.9519419134149975,0.9519722648775503,0.9520026121806487,0.9520329543178638,0.952063292300074,0.9520936256252457,0.9521239542956712,0.9521542783136392,0.952184598185325,0.9522149129051657,0.9522452234831457,0.9522755294176578,0.9523058307109807,0.9523361278689138,0.9523664198866114,0.9523967077733179,0.9524269910277802,0.952457269652265,0.9524875436490375,0.9525178130203604,0.952548078271508,0.9525783389015783,0.9526085949128279,0.9526388463075119,0.9526690930878802,0.9526993357588337,0.9527295733172455,0.9527598067705889,0.9527900361208902,0.9528202603654512,0.9528504800090163,0.9528806955560362,0.9529109060042417,0.9529411123602247,0.9529713141239985,0.9530015112977906,0.9530317043856812,0.9530618923861123,0.9530920763049425,0.9531222556425355,0.9531524304011082,0.9531826005828754,0.9532127661900497,0.9532429277261919,0.9532730841907369,0.9533032365885201,0.9533333844203954,0.9533635276885646,0.9533936668962177,0.9534238010434996,0.9534539311345147,0.9534840566704667,0.9535141776535465,0.9535442940859433,0.9535744059698433,0.9536045138079227,0.9536346166013113,0.9536647153530998,0.9536948095649763,0.9537248992391175,0.9537549843776979,0.9537850649828904,0.953815141556854,0.9538452131017063,0.953875280619523,0.9539053436124769,0.9539354020827313,0.9539654560324452,0.9539955059633399,0.9540255508783746,0.9540555917787579,0.9540856281670785,0.9541156600454852,0.9541456874161272,0.95417571028115,0.9542357430019027,0.954535641475646
510.0,0.9418540582962736,0.9421725500494488,0.9424905163793119,0.9428079608363814,0.9431248853483986,0.9434412928716958,0.9437571858027809,0.9440725665089468,0.944387438379095,0.9447018021453358,0.9450156616630323,0.9453290186592626,0.9456418758811569,0.9459542355248044,0.9462660997600283,0.9465774707307886,0.9468883515931212,0.9471987433997411,0.9475086492537935,0.9478180711950271,0.9481270112392944,0.948435471378926,0.9487434540972193,0.9490509618516301,0.9493579960489744,0.9496645591007447,0.9499094712676993,0.9499400644696653,0.9499706528826352,0.9500012365090151,0.950031815351207,0.9500623899224794,0.9500929592034225,0.950123524218089,0.9501540849686491,0.9501846404361353,0.9502151916441447,0.950245737574005,0.9502762792490093,0.9503068166713156,0.9503373488226917,0.9503678767259764,0.9503983998732755,0.9504289182669619,0.9504594319094042,0.9504899413127911,0.9505204459695181,0.9505509458819472,0.9505814410524394,0.950611931483352,0.9506424176864898,0.9506728991546076,0.9507033758900573,0.9507338478951874,0.9507643156814956,0.9507947787420256,0.9508252365701146,0.9508556901861844,0.9508861395923498,0.9509165837731585,0.9509470237485819,0.9509774590120934,0.9510078895660212,0.9510383154126895,0.9510687370628355,0.9510991540102187,0.9511295662571573,0.9511599738059684,0.9511903766589651,0.9512207753265033,0.9512511693027017,0.9512815585898665,0.951311943190303,0.9513423231063125,0.951372698847874,0.9514030699094604,0.9514334357858376,0.9514637980018901,0.9514941550373175,0.951524507909251,0.9515548556052817,0.9515851991422425,0.9516155385221949,0.9516458727331665,0.9516762027915417,0.9517065276856338,0.9517368484315342,0.9517671645245674,0.951797476473656,0.9518277832676886,0.9518580859221613,0.9518883834262512,0.9519186767951581,0.9519489655246334,0.9519792501231485,0.9520095295804529,0.9520398049111566,0.9520700756112935,0.9521003421890344,0.9521306036347035,0.95216086045654,0.9521911131624909,0.9522213612489441,0.9522516047181337,0.9522818435722947,0.9523120783190767,0.9523423079498019,0.9524027543988602,0.9527047152970017
520.0,0.9399228364649957,0.9402437729478362,0.940564173303925,0.9408840396014367,0.9412033749500669,0.9415221818899899,0.9418404629300606,0.9421582210809002,0.9424754587875708,0.9427921779342361,0.943108381439125,0.9434240721880702,0.9437392519780273,0.9440539241640166,0.9443680904862239,0.9446817531867924,0.944994914480936,0.9453075781306362,0.945619744720401,0.9459314174328097,0.9462425983747113,0.9465532896280793,0.9468634932503989,0.9471732123144502,0.947482447787392,0.9477912032100153,0.9480378622916651,0.9480686733496905,0.948099479503993,0.9481302807570763,0.9481610776286733,0.9481918690867401,0.9482226566852424,0.9482534388752036,0.9482842161762705,0.9483149891077824,0.9483457576719965,0.9483765208377691,0.9484072796410545,0.9484380330510096,0.9484687821032793,0.9484995268001064,0.9485302661110985,0.9485610010714354,0.9485917316833545,0.9486224569169113,0.9486531778068211,0.9486838933234385,0.9487146045011713,0.9487453113422442,0.9487760128174604,0.9488067099607638,0.9488374027743725,0.9488680902295373,0.9488987733597399,0.9489294511365287,0.9489601245930781,0.948990793731595,0.9490214575240727,0.9490521170032261,0.9490827716563008,0.9491134220005982,0.9491440670087075,0.9491747077127292,0.9492053436002001,0.9492359746735357,0.9492666014496483,0.9492972234162943,0.949327840061528,0.9493584529308113,0.9493890604834878,0.9494196637504375,0.9494502622197794,0.9494808558939082,0.9495114447752168,0.9495420293799209,0.9495726091964325,0.9496031842271355,0.9496337544744137,0.949664320454174,0.9496948816551175,0.9497254380796206,0.9497559897300557,0.9497865371220229,0.9498170792313587,0.9498476170868121,0.9498781506905226,0.9499086790187683,0.9499392030998436,0.9499697219103191,0.9500002364781859,0.9500307468055738,0.9500612518694932,0.9500917526974818,0.9501222487792532,0.9501527401171498,0.9501832267135127,0.9502137090828665,0.9502441867152133,0.9502746596128856,0.9503051277782152,0.9503355917254224,0.9503660504329788,0.950396504926915,0.9504269546976639,0.950457400259141,0.950487840590399,0.9505487081292738,0.9508527691038521
530.0,0.9379693048653185,0.9382927339941848,0.9386156148091291,0.9389379500380632,0.9392597423748522,0.9395809944798021,0.939901709520223,0.9402218895489326,0.9405415376668038,0.9408606569396376,0.9411792493253375,0.9414973178261365,0.9418148643406842,0.9421318918094774,0.9424484031403254,0.9427644001438464,0.9430798856688449,0.9433948625328161,0.943709331932314,0.9440232971601339,0.9443367604190178,0.9446497238854056,0.9449621897098387,0.9452741610694089,0.9455856390088727,0.9458966261279614,0.9461450647277718,0.9461760973742753,0.9462071255226235,0.9462381486516083,0.9462691667638325,0.9463001803853208,0.9463311884717464,0.9463621920724717,0.9463931911898564,0.9464241853031441,0.9464551744149227,0.9464861585277767,0.946517138167165,0.9465481128126344,0.946579082466761,0.9466100471321182,0.9466410073338444,0.9466719630742737,0.9467029133109189,0.9467338590912419,0.9467647998953149,0.9467957357256959,0.9468266665849412,0.9468575929976257,0.9468885144441219,0.9469194314488463,0.9469503429705283,0.9469812505770867,0.9470121527056838,0.9470430498806501,0.9470739426260026,0.9471048304226359,0.9471357137944091,0.9471665917011127,0.9471974651878531,0.947228333735822,0.9472591978685606,0.9472900570674099,0.9473209113348837,0.9473517606734941,0.9473826056064636,0.9474134456154315,0.947444280702901,0.9474751108713728,0.9475059366437537,0.9475367575019801,0.9475675734485438,0.9475983850061153,0.947629191136751,0.9476599928832151,0.9476907902477621,0.947721582192901,0.9477523697609292,0.9477831524343762,0.9478139307353564,0.9478447036269813,0.947875472150927,0.9479062357900184,0.9479369950660563,0.94796774894275,0.9479984989803436,0.9480292436235083,0.9480599833939591,0.9480907188131062,0.948121449364288,0.9481521750499506,0.9481828963912683,0.9482136128718014,0.9482443244939889,0.9482750312602661,0.9483057331730703,0.9483364307531814,0.9483671240028028,0.9483978118877354,0.9484284949287547,0.948459173646331,0.948489847524684,0.9485205165662319,0.9485511812912111,0.948581841184061,0.9486124962471936,0.948673792411449,0.948979991496105
540.0,0.9359936127691219,0.9363195828714417,0.936644992029291,0.9369698431008907,0.9372941394569722,0.9376178838816985,0.93794107912433,0.9382637278997157,0.9385858328888,0.9389073972831651,0.9392284236948008,0.9395489141609443,0.939868872314736,0.9401883001291289,0.9405072000892617,0.9408255751886574,0.9411434283873927,0.9414607610008433,0.9417775764675832,0.9420938765840552,0.9424096641912845,0.9427249420991817,0.9430397120207508,0.9433539767099507,0.9436677378279531,0.9439809986051771,0.9442312486061031,0.9442625071999535,0.9442937611801221,0.9443250100192548,0.9443562537200622,0.9443874928149213,0.9444187273062968,0.944449956137634,0.9444811803707305,0.9445123994786928,0.9445436134642161,0.9445748228591815,0.9446060271369263,0.9446372268291692,0.9446684208804478,0.9446996108803014,0.9447307952445467,0.944761975033526,0.9447931497210378,0.9448243193097507,0.944855484330807,0.9448866447866322,0.944917799623011,0.9449489498993184,0.9449800950898114,0.9450112351971409,0.94504237075196,0.9450735012287536,0.945104626630165,0.9451357474866035,0.9451668632727805,0.9451979739913334,0.9452290801724249,0.9452601812909973,0.9452912773496767,0.9453223688783847,0.9453534553522892,0.9453845367740099,0.9454156131461637,0.9454466849983452,0.9454777518060276,0.9455088140986437,0.9455398708250718,0.9455709235681542,0.945601970750252,0.9456330134272204,0.9456640510749867,0.9456950836961437,0.945726111819558,0.9457571349213838,0.9457881530042047,0.9458191665966462,0.945850174649123,0.9458811782162202,0.9459121773002772,0.9459431713779007,0.9459741604516597,0.9460051445241198,0.9460361241233426,0.9460670987262351,0.9460980683353557,0.9461290334785252,0.9461599936328757,0.9461909488009583,0.9462218989853204,0.946252844713463,0.946283785462817,0.9463147217607244,0.9463456525600434,0.9463765789128332,0.9464075002968249,0.9464384172390409,0.946469329217361,0.9465002362343111,0.9465311382924123,0.9465620359183677,0.9465929285903569,0.9466238163108944,0.9466546996064439,0.9466855774315343,0.9467164513602976,0.9467781838715001,0.9470865595161417
550.0,0.9339958958818175,0.9343244557282069,0.9346524420924185,0.934979857967128,0.9353067068621842,0.9356329911380405,0.9359587142285002,0.936283878422673,0.936608487631926,0.9369325435228193,0.937256049933117,0.9375790090127638,0.9379014234294416,0.9382232963646634,0.9385446309637124,0.9388654287001135,0.9391856926560036,0.9395054258787902,0.9398246308388751,0.9401433094343938,0.9404614651602992,0.940779099854621,0.9410962158692331,0.941412816604719,0.9417289032758912,0.9420444792243966,0.9422965733757074,0.9423280623973418,0.9423595461497419,0.9423910251717931,0.9424224989300958,0.9424539674274706,0.9424854312025499,0.9425168897221702,0.9425483435247958,0.9425797915418461,0.9426112353828443,0.9426426734438748,0.9426741073339684,0.9427055354496904,0.9427369588644119,0.9427683765105072,0.9427997899960229,0.9428311982534098,0.942862601285449,0.9428939996296823,0.9429253927539609,0.9429567806610586,0.9429881638882645,0.9430195419036645,0.9430509147100232,0.9430822828443797,0.943113645775053,0.9431450035047984,0.9431763571044423,0.9432077049743827,0.9432390476514825,0.9432703856722832,0.943301718505568,0.9433330466877103,0.943364369687651,0.9433956880415966,0.9434270006852463,0.9434583086881966,0.9434896115196969,0.9435209097156227,0.9435522032784524,0.9435834911446711,0.943614774383063,0.9436460524632608,0.943677325920727,0.9437085936925771,0.9437398568469414,0.9437711153862791,0.9438023687806114,0.9438336170326312,0.9438648606773045,0.9438960991848832,0.9439273325580516,0.9439585613315307,0.9439897849757997,0.9440210034935378,0.9440522174192163,0.9440834262235478,0.9441146299092007,0.9441458290104008,0.9441770229980915,0.9442082118749324,0.9442393961749029,0.9442705753691761,0.9443017494604029,0.9443329189823195,0.9443640834063268,0.9443952427350674,0.9444263975020316,0.9444575471788507,0.944488691768159,0.9445198318032015,0.9445509667558383,0.944582096628696,0.9446132219547757,0.9446443422061642,0.9446754573854823,0.9447065680254846,0.944737673598488,0.9447687741071046,0.944799870083846,0.9448620468619388,0.9451726384987765
560.0,0.9319762766116001,0.9323074771439387,0.9326380906149367,0.9329681212870163,0.9332975711281845,0.9336264448784676,0.9339547438686403,0.9342824721970172,0.9346096328006978,0.9349362280224401,0.9352622618406207,0.9355877359689374,0.9359126537559506,0.9362370185115324,0.9365608324021215,0.9368840986671827,0.9372068188564292,0.9375289977936498,0.9378506364120773,0.938171737816477,0.9384923050765914,0.9388123406810917,0.9391318465423508,0.9394508256357825,0.9397692809037729,0.940087214712984,0.9403411872267278,0.9403729101998168,0.940404628316664,0.9404363415799637,0.9404680494502099,0.9404997519303423,0.9405314495653254,0.9405631412739467,0.9405948286849792,0.9406265107172858,0.9406581873737894,0.9406898591990253,0.940721525654128,0.9407531872834612,0.9407848435483186,0.9408164944516066,0.9408481405374324,0.9408797812673281,0.9409114171852285,0.9409430477528259,0.9409746729730113,0.9410062933894638,0.9410379084641126,0.9410695187404661,0.9411011236806124,0.9411327238278876,0.941164318104163,0.9411959075931465,0.941227492297458,0.9412590716795833,0.9412906462824329,0.9413222155686507,0.941353779541091,0.9413853387424093,0.9414168920957647,0.9414484412231692,0.9414799850478567,0.9415115235726678,0.9415430573398329,0.9415745858126282,0.9416061089938833,0.9416376274255757,0.9416691405712182,0.9417006489726175,0.9417321520934432,0.9417636499365112,0.9417951430433763,0.9418266308779427,0.9418581139815974,0.9418895918184015,0.9419210643911561,0.9419525322409948,0.9419839948322145,0.9420154521676081,0.942046904788055,0.9420783521580881,0.9421097948184212,0.9421412316958933,0.9421726644068286,0.9422040913404546,0.9422355141126046,0.9422669311129863,0.9422983434194963,0.9423297504972932,0.9423611528864173,0.942392550052184,0.9424239419973467,0.9424553292616977,0.9424867113107837,0.9425180886842298,0.9425494603109398,0.9425808272673315,0.9426121895559018,0.9426435466425853,0.9426748990665914,0.9427062457576129,0.942737587791251,0.9427689246337504,0.9428002568239884,0.9428315843644429,0.9428629061855935,0.9429255353609725,0.9432383829295036
570.0,0.9299348660272336,0.930268758187969,0.9306020503368987,0.9309347463266924,0.931266848827285,0.9315983610382642,0.9319292861182072,0.9322596277507854,0.9325893884468842,0.9329185723728383,0.9332471808351599,0.9335752184842027,0.9339026871171726,0.9342295901815283,0.9345559305254876,0.934881711519497,0.9352069348231179,0.9355316048501637,0.935855722636328,0.9361792925218619,0.9365023160343475,0.9368247968870784,0.9371467365460184,0.9374681386568348,0.9377890057263927,0.9381093402307434,0.9383652257640185,0.9383971874073465,0.9384291446156079,0.9384610957458878,0.9384930418983187,0.9385249825273879,0.938556918184388,0.9385888483239696,0.9386207734972515,0.9386526931590451,0.9386846078602932,0.9387165170559726,0.9387484212968482,0.9387803194904158,0.9388122132826386,0.9388441015810879,0.9388759843887898,0.9389078622560731,0.938939734638482,0.9389716020861696,0.9390034640548417,0.9390353210944774,0.939067172660945,0.9390990187572466,0.9391308599331,0.9391626961912481,0.9391945269878834,0.9392263523259967,0.9392581727549546,0.9392899877311912,0.9393217972576878,0.939353601883551,0.9393854016115026,0.9394171953523376,0.9394489847469111,0.9394807687060942,0.9395125472328499,0.9395443208757619,0.9395760890919916,0.9396078518844897,0.9396396098015829,0.9396713628459652,0.9397031099299078,0.9397348526919816,0.9397665894994905,0.9397983219905004,0.9398300485328066,0.9398617702191762,0.9398934870522827,0.9399251979455392,0.9399569045357495,0.939988605191941,0.9400203015504135,0.9400519919806863,0.9400836775743409,0.9401153583340306,0.9401470331743077,0.9401787031862483,0.9402103683724972,0.9402420281918944,0.9402736831910443,0.9403053328289468,0.9403369771084824,0.9403686165759989,0.9404002506907342,0.9404318799988655,0.9404635034165668,0.9404951225763738,0.9405267358514768,0.9405583448739134,0.9405899480173616,0.940621546370545,0.9406531399360682,0.9406847281738834,0.940716311086834,0.9407478892202452,0.9407794620343076,0.940811029531855,0.9408425922579584,0.9408741502152015,0.9409057023220144,0.9409687922480898,0.9412839362332851
580.0,0.9278717612784103,0.9282083989146263,0.9285444219182984,0.9288798354606308,0.9292146417815473,0.9295488442330253,0.9298824466968585,0.9302154518641376,0.930547863530066,0.9308796843041985,0.9312109178975543,0.9315415668404909,0.9318716353295841,0.9322011252490559,0.9325300401486141,0.932858382971699,0.9331861566243597,0.9335133639758044,0.9338400084208177,0.9341660921929003,0.9344916180540251,0.9348165898498458,0.9351410091516048,0.9354648786188529,0.9357882019910833,0.9361109818568948,0.9363688155401992,0.9364010201594003,0.9364332196632779,0.9364654140547711,0.9364976027822042,0.936529786403292,0.9365619643665274,0.9365941366750937,0.9366263038864354,0.9366584660034714,0.9366906224750253,0.9367227733042679,0.9367549196022013,0.9367870597099783,0.936819194738507,0.9368513246906859,0.9368834490158363,0.936915568270595,0.9369476819044504,0.9369797899205451,0.9370118928752464,0.9370439907714332,0.9370760830589234,0.9371081697408455,0.9371402513732118,0.9371723279588863,0.937204398948017,0.9372364643437208,0.9372685247016508,0.9373005800246601,0.9373326292108545,0.9373646739204488,0.9373967130516293,0.9374287466074913,0.9374607751431565,0.9374927981095129,0.9375248160615053,0.9375568290019565,0.937588836382005,0.9376208382047256,0.9376528350247059,0.9376848262933285,0.9377168120136585,0.9377487927400191,0.9377807684752144,0.937812738670953,0.9378447038812933,0.9378766635581083,0.937908617704443,0.9379405668740926,0.9379725110698401,0.938004449743886,0.9380363828992613,0.9380683110894096,0.9381002337667729,0.9381321514846196,0.9381640636955555,0.9381959709526708,0.9382278727087353,0.9382597695166651,0.9382916608293904,0.9383235466499152,0.9383554280805473,0.9383873034750687,0.9384191739356963,0.9384510389157665,0.9384828989675853,0.9385147535446493,0.9385466031990892,0.9385784479336321,0.9386102866530347,0.9386421204583171,0.9386739493521961,0.9387057727886545,0.9387375907706532,0.9387694038497146,0.9388012114800636,0.9388330142130482,0.9388648120513661,0.9388966039012561,0.9389283908622023,0.938991949580036,0.9393094310517035
590.0,0.9257870498166779,0.926126486316368,0.9264652947500359,0.9268034787201357,0.9271410417822651,0.9274779868651422,0.9278143185949038,0.9281500392300681,0.9284851527258573,0.9288196624131405,0.9291535710039461,0.929486882321333,0.929819599568801,0.9301517259086111,0.9304832644623827,0.9308142177406653,0.9311445899285483,0.9314743834572969,0.9318036007236077,0.9321322457920481,0.9324603209834866,0.9327878297168126,0.9331147748066638,0.9334411579048643,0.9337669834493376,0.9340922530234518,0.9343520710561704,0.9343845230872339,0.9344169704278017,0.9344494113979765,0.9344818476837898,0.9345142781665935,0.93454670284971,0.9345791222970066,0.9346115365115338,0.9346439449359709,0.9346763481339084,0.9347087449880007,0.9347411371821286,0.9347735241590451,0.9348059048019232,0.93483828079384,0.9348706510180482,0.934903015477833,0.9349353747360504,0.9349677287957133,0.9350000765410286,0.9350324196534692,0.9350647570173215,0.9350970891949878,0.9351294156304111,0.93516173688581,0.9351940524052965,0.9352263627509081,0.9352586673669238,0.9352909668151973,0.9353232605401786,0.9353555491035385,0.9353878319498947,0.9354201101989984,0.9354523821790228,0.9354846490096252,0.9355169106937602,0.9355491661185487,0.9355814169609434,0.935613662108146,0.9356459021210122,0.9356781364449114,0.9357103656405187,0.9357425891533713,0.9357748069866578,0.9358070202579987,0.9358392272986583,0.9358714297832109,0.9359036260434326,0.9359358177533709,0.9359680032453153,0.9360001841927867,0.9360323589285882,0.936064529125714,0.9360966936739177,0.936128852576351,0.9361610063924255,0.936193154568845,0.9362252976648432,0.9362574356832976,0.9362895675152357,0.936321694831557,0.9363538165233675,0.9363859325937903,0.9364180436015231,0.9364501489939308,0.9364822493295322,0.936514344055857,0.9365464337312461,0.936578518358545,0.936610596830466,0.9366426708152975,0.9366747386509392,0.9367068020051581,0.9367388597710821,0.9367709119517931,0.9368029591049227,0.9368350006788217,0.936867037230944,0.9368990682098071,0.9369310941726864,0.9369951299536347,0.9373149917117163
600.0,0.9236808067654401,0.9240230980051707,0.9243647465999615,0.9247057563229446,0.925046130309561,0.9253858722379542,0.9257249857382202,0.9260634749783702,0.9264013429071009,0.9267385930143557,0.9270752287446609,0.9274112540790995,0.9277466706292959,0.9280814840307335,0.9284156958115904,0.9287493097791993,0.9290823296953934,0.9294147575505473,0.9297465976005899,0.9300778523331069,0.930408524772941,0.9307386179062939,0.931068135252159,0.9313970791484905,0.9317254524690416,0.9320532591874269,0.932315097758006,0.9323478023415717,0.9323805009654234,0.9324131942001442,0.9324458820489377,0.9324785639480776,0.9325112404678658,0.9325439110447484,0.9325765762488395,0.9326092360833224,0.9326418899849042,0.9326745385234154,0.932707181135736,0.9327398183915087,0.9327724497277856,0.9328050757140208,0.9328376963533737,0.9328703116489981,0.9329029204725378,0.9329355245246698,0.9329681226771198,0.9330007149332965,0.9330333024273959,0.9330658834663637,0.9330984597495148,0.933131030149452,0.9331635952346029,0.9331961544431375,0.9332287077784375,0.9332612558086507,0.9332937985368834,0.9333263359662396,0.9333588675353174,0.933391393247481,0.9334239136704112,0.9334564288071983,0.9334889386609266,0.933521442106568,0.9335539408396324,0.9335864337351729,0.9336189207965264,0.9336514025907277,0.9336838791208403,0.9337163498264007,0.9337488152741666,0.9337812749038459,0.93381372928201,0.9338461784117055,0.9338786217328948,0.9339110598118744,0.9339434920887749,0.9339759191297109,0.9340083403749825,0.9340407563905179,0.9340731666167892,0.9341055716195407,0.9341379708394117,0.9341703648419656,0.9342027536302089,0.9342351366450359,0.9342675144517326,0.9342998864913626,0.9343322533290299,0.9343646144059657,0.9343969702870919,0.9344293204138074,0.9344616659123476,0.9344940051012018,0.9345263391065094,0.934558667931241,0.9345909910172169,0.9346233089287208,0.9346556211077406,0.9346879281183796,0.9347202294027943,0.9347525255249035,0.9347848159270329,0.9348171011729205,0.9348493807050589,0.934881655087005,0.9349139243216917,0.9349784456807039,0.9353007306677247
610.0,0.9215530950598532,0.9218982989348611,0.9222428437923523,0.9225867347835524,0.9229299758092097,0.9232725695308357,0.923614520939424,0.9239558326001192,0.9242965088097445,0.9246365526327232,0.9249759682673987,0.9253147592730112,0.925652929162285,0.9259904802303646,0.9263274170746071,0.926663742488219,0.9269994603902448,0.9273345734886673,0.9276690850336868,0.928002998813483,0.9283363174129009,0.9286690439579364,0.9290011821115564,0.9293327343409771,0.9296637036534897,0.9299940935923485,0.9302579906113014,0.930290951904449,0.930323907085901,0.9303568567326034,0.9303898008479018,0.9304227394351409,0.9304556719246194,0.9304885988928967,0.9305215197704488,0.9305544351336424,0.9305873444131308,0.9306202487576664,0.9306531470253152,0.9306860392196645,0.9307189264889042,0.9307518071194284,0.9307846828314458,0.9308175524839227,0.9308504166523609,0.9308832747682056,0.9309161274067677,0.9309489745713273,0.9309818156935925,0.9310146513485879,0.9310474815395817,0.9310803056985444,0.9311131244002141,0.9311459370767373,0.9311787443026608,0.9312115460812342,0.931244341844865,0.9312771321678162,0.931309916482669,0.9313426953634961,0.9313754688135285,0.9314082368359913,0.9314409982935251,0.9314737549004968,0.9315065060897388,0.9315392507244236,0.9315719905180903,0.9316047243339941,0.9316374521756071,0.9316701751857114,0.9317028922280961,0.931735603306221,0.9317683089929285,0.9318010092913996,0.9318337036356081,0.9318663925981137,0.9318990761820859,0.9319317538217583,0.9319644260894068,0.9319970924194396,0.9320297533839436,0.9320624089860722,0.9320950586604901,0.9321277029790048,0.9321603413764549,0.9321929744244594,0.9322256021261526,0.9322582233485964,0.9322908397992881,0.932323450913228,0.9323560561257682,0.9323886554402948,0.9324212494277729,0.9324538380913118,0.9324864208666086,0.9325189983243494,0.932551569900405,0.9325841367324136,0.9326166971220496,0.9326492522068557,0.9326818019899148,0.9327143464743063,0.9327468845297211,0.9327794178595767,0.9328119453336458,0.932844467521686,0.9328769838604234,0.9329420001355992,0.9332667520192387
620.0,0.9194039685935874,0.9197521426972927,0.9200996425723871,0.9204464729666767,0.9207926373654263,0.9211381398048251,0.9214829842677545,0.9218271740859573,0.9221707137385302,0.9225136070527603,0.9228558572100771,0.9231974679407086,0.9235384423324488,0.9238787857982591,0.9242185001431383,0.9245575889082782,0.9248960567672196,0.9252339059864662,0.9255711405575818,0.9259077638374692,0.9262437779685787,0.9265791879802491,0.9269139959304954,0.9272482061732938,0.9275818201061564,0.9279148420004796,0.9281808354434586,0.9282140583165865,0.928247274920886,0.9282804858396821,0.928313691076472,0.9283468906347505,0.9283800839387527,0.9284132715714085,0.9284464529571325,0.9284796292576287,0.9285127993183331,0.9285459631429972,0.9285791218927466,0.9286122744135695,0.928645421287706,0.928678561940202,0.9287116969530995,0.9287448263298451,0.9287779500738773,0.9288110676106003,0.928844179521667,0.9288772852326587,0.9289103853250327,0.9289434798022079,0.9289765686676016,0.9290096513471522,0.9290427284219266,0.929075799318044,0.9291088651935654,0.9291419243203128,0.9291749784332515,0.9292080269585777,0.9292410687460383,0.929274105529746,0.9293071361595334,0.9293401612155894,0.929373180701282,0.9294061940436203,0.9294392018225042,0.9294722040412873,0.9295052001272464,0.92953819065999,0.9295711756428612,0.9296041545034025,0.9296371278209313,0.9296700950231673,0.9297030566892354,0.929736012822459,0.9297689634261584,0.9298019079284072,0.9298348469079428,0.929867779793016,0.9299007071621739,0.9299336290187169,0.9299665453659414,0.9299994556324491,0.9300323603964032,0.9300652590865817,0.9300981522809564,0.930131039982804,0.9301639216211668,0.9301967977737282,0.9302296684437542,0.9302625330605502,0.9302953922015131,0.9303282452961236,0.9303610934952711,0.9303939350811546,0.9304267717780649,0.9304596024421483,0.9304924270769159,0.9305252468323217,0.9305580605650523,0.9305908688516472,0.930623671122375,0.9306564679535853,0.9306892587757208,0.9307220441649424,0.9307548241244537,0.9307875986574573,0.9308203671947436,0.9308858868682482,0.9312131506573021
630.0,0.9172334681931099,0.9175846734890654,0.9179351874766218,0.9182850163317621,0.9186341631171941,0.918982632062288,0.9193304273402725,0.9196775530689953,0.920024013311683,0.9203698108715167,0.9207149509151376,0.9210594367453804,0.9214032722175429,0.9217464611359619,0.9220890066568855,0.922430913084801,0.9227721828838572,0.9231128214521409,0.92345283115927,0.9237922155217532,0.9241309774182693,0.9244691214583876,0.9248066504296811,0.9251435676684399,0.9254798758797533,0.9258155794903868,0.926083708584036,0.92611719748155,0.9261506811196359,0.9261841577443529,0.9262176291169605,0.9262510946552447,0.9262845537773716,0.9263180070726599,0.9263514539594613,0.9263848950268916,0.9264183308636781,0.9264517597181581,0.926485183349243,0.9265186005906466,0.9265520126156929,0.9265854176738573,0.9266188175228781,0.926652210997221,0.9266855986850974,0.9267189805900989,0.926752356131676,0.92678572589774,0.9268190898918695,0.9268524481176391,0.9268857999948649,0.9269191461110575,0.9269524864697779,0.9269858210745848,0.9270191493456569,0.927052471870108,0.9270857886514813,0.927119099693317,0.927152403833168,0.9271857034067231,0.9272189960857338,0.9272522830397051,0.9272855642721576,0.9273188397866049,0.9273521095865584,0.9273853730931967,0.9274186308925397,0.9274518824059466,0.9274851288012825,0.9275183689178557,0.927551602759435,0.9275848314933055,0.9276180539593303,0.9276512707428359,0.9276844812658149,0.92771768669478,0.9277508858703329,0.927784078796212,0.9278172666383527,0.92785044823791,0.9278836241795206,0.9279167938858076,0.9279499579412123,0.9279831163491674,0.9280162691131004,0.9280494156559926,0.9280825565618936,0.9281156918342196,0.9281488208962205,0.9281819443316518,0.9282150621439188,0.9282481737565386,0.9282812803327625,0.9283143801366195,0.9283474749108596,0.9283805634995711,0.9284136464858272,0.9284467232936829,0.9284797950852454,0.9285128601261974,0.9285459201575861,0.9285789740245953,0.9286120223097137,0.9286450650162942,0.9286781015690143,0.9287111325500731,0.9287441579628105,0.9288101909400619,0.929140012475701
640.0,0.9150416265798006,0.9153959238493218,0.9157495138825172,0.9161024018455904,0.9164545909938039,0.9168060863739104,0.9171568917430529,0.917507011416428,0.9178564496517014,0.9182052100400638,0.9185532973383765,0.9189007150288254,0.9192474671499578,0.9195935570811952,0.9199389893620065,0.9202837672687766,0.9206278952351876,0.9209713764375438,0.9213142140063132,0.9216564128243044,0.9219979753249505,0.9223389050962648,0.922679206871303,0.9230188829481555,0.9233579367754137,0.9236963717565658,0.9239666770423318,0.9240004377422363,0.9240341918427997,0.9240679405321888,0.9241016826300879,0.9241354187324345,0.9241691482513203,0.9242028723741028,0.9242365899212378,0.9242703014882483,0.924304007078933,0.9243377066970818,0.9243713997553491,0.924405087439883,0.9244387685722916,0.9244724437474823,0.9245061123784818,0.9245397756506358,0.924573432386319,0.9246070831800268,0.9246407280355098,0.9246743663662634,0.9247079993566291,0.9247416258299378,0.9247752463801735,0.9248088604212034,0.9248424691365689,0.9248760713503656,0.9249096676561683,0.9249432580576865,0.9249768425586252,0.9250104205734081,0.925043992695204,0.9250775589277026,0.9251111192745936,0.9251446731506696,0.9251782217374839,0.9252117638610302,0.9252452995252685,0.9252788299111564,0.9253123538452561,0.925345871919821,0.9253793841385034,0.925412889916837,0.9254463904347883,0.9254798845198655,0.9255133727638166,0.9255468545825435,0.9255803311552242,0.9256138013101194,0.9256472656385752,0.9256807235568608,0.9257141762433652,0.9257476225271042,0.9257810629990184,0.9258144970757465,0.9258479259348896,0.9258813484062153,0.9259147650802638,0.9259481753740375,0.9259815804643557,0.9260149791817345,0.9260483721163129,0.9260817586854603,0.9261151400652121,0.926148515086832,0.9261818843400613,0.9262152472426325,0.9262486049698013,0.9262819563535777,0.9263153013977796,0.9263486412770758,0.9263819748240373,0.926415302627706,0.9264486246915956,0.9264819410192167,0.9265152510291228,0.9265485553099575,0.9265818532804553,0.9266151455290631,0.9266484326438427,0.9267149879784126,0.9270474133986386
650.0,0.9128284636138172,0.9131859165912196,0.9135426457061906,0.9138986544752571,0.9142539488485831,0.9146085309786276,0.9149624073123748,0.9153155817471927,0.915668058124438,0.9160198402302101,0.916370933026707,0.9167213401851428,0.9170710665499927,0.9174201156807774,0.9177684910856129,0.9181161974416315,0.9184632381498745,0.9188096171699133,0.9191553384086077,0.9195004057208676,0.919844822305849,0.9201885919199361,0.9205317194747159,0.9208742062158524,0.9212160581605514,0.9215572770662726,0.9218297992664681,0.9218638359460659,0.9218978670494078,0.9219318919819063,0.9219659095511835,0.9219999221541904,0.9220339274023637,0.9220679270939516,0.9221019206348456,0.9221359074313363,0.9221698886828641,0.922203863198125,0.922237831578764,0.9222717938287365,0.9223057493548106,0.9223396993553974,0.9223736432371555,0.9224075804071383,0.9224415114663601,0.9224754364187474,0.9225093552682209,0.9225432674222166,0.9225771734813282,0.9226110740457433,0.9226449679267025,0.9226788557244847,0.9227127368469998,0.9227466124902016,0.9227804820618901,0.9228143449702615,0.9228482018150714,0.9228820526001902,0.9229158973294818,0.9229497354115203,0.9229835680408316,0.9230173940307935,0.923051213980538,0.9230850278939056,0.9231188351799423,0.9231526370321598,0.923186432859495,0.9232202214767843,0.9232540052660171,0.9232877818532292,0.9233215530254137,0.9233553175978811,0.9233890767627253,0.9234228293356446,0.9234565759145255,0.9234903159094495,0.9235240499180991,0.9235577785377569,0.9235915005850813,0.923625216657446,0.9236589261653997,0.9236926302992237,0.9237263278763447,0.9237600194937242,0.923793705155106,0.9238273848642291,0.9238610580322052,0.9238947258481113,0.923928387130523,0.9239620424757856,0.9239956912953828,0.9240293347775925,0.9240629717417528,0.9240966027838012,0.9241302279074369,0.9241638465246088,0.9241974598225958,0.9242310666216896,0.9242646675173175,0.9242982625131568,0.9243318516128792,0.9243654342289914,0.9243990109565132,0.9244325817991035,0.9244661467604178,0.9244997052533316,0.9245332578724593,0.92460034550392,0.9249354242146615
660.0,0.9105939906907083,0.910954664939365,0.9113145973344593,0.911673792236621,0.9120322533151523,0.9123899866933978,0.9127469965401632,0.9131032863389235,0.9134588620157212,0.9138137269320126,0.9141678856403264,0.9145213426319587,0.9148741023378162,0.9152261685106311,0.915577545466358,0.9159282374630109,0.9162782487014758,0.9166275820978823,0.9169762429740608,0.9173242341401936,0.9176715608050546,0.9180182250660649,0.9183642320252994,0.9187095849012694,0.9190542874725615,0.9193983434676108,0.9196731247139499,0.9197074435115747,0.9197417559607594,0.919776062065694,0.9198103612260814,0.9198446546551633,0.9198789417525286,0.9199132219181765,0.9199474963647122,0.9199817638880576,0.9200160250965334,0.9200502805980465,0.9200845291891191,0.9201187714777499,0.9201530074680703,0.920187236560861,0.9202214599670393,0.9202556764841309,0.9202898873226341,0.920324091280474,0.920358288964893,0.9203924809827216,0.9204266661324818,0.920460845021096,0.920495017050219,0.9205291834288816,0.9205633435586263,0.9205974968413999,0.9206316444856051,0.9206657852911602,0.9206999198642354,0.920734048208878,0.9207681703291292,0.9208022862290244,0.9208363959125959,0.9208704987825614,0.9209045960456602,0.9209386865033943,0.9209727707610821,0.9210068494236332,0.9210409206923419,0.9210749863739119,0.9211090458714334,0.9211430985883937,0.9211771457298742,0.9212111860989551,0.9212452209003026,0.921279248937393,0.9213132708144841,0.921347285935641,0.9213812955047037,0.9214152983259342,0.9214492956027603,0.9214832861398363,0.9215172705407886,0.9215512488095455,0.9215852209500311,0.9216191863670739,0.9216531462628691,0.9216871000421363,0.9217210471099898,0.9217549880693209,0.9217889229240234,0.9218228516779883,0.9218567737367117,0.9218906897026641,0.9219246001779122,0.9219585039698465,0.9219924016806245,0.9220262933141087,0.9220601788741558,0.9220940577669262,0.9221279305941598,0.9221617979571938,0.9221956586647797,0.9222295133183447,0.9222633613245219,0.9222972038816285,0.922331040396188,0.9223648702751176,0.9223986941193257,0.9224663237187952,0.9228041031793796
670.0,0.9083382083621965,0.9087021713690743,0.9090653731081556,0.9094278194504339,0.9097895142839755,0.9101504620713666,0.9105106691113467,0.910870139096255,0.9112288769229636,0.9115868867922762,0.91194417284436,0.9123007410422437,0.9126565947705083,0.9130117386107627,0.9133661770827527,0.9137199140222142,0.914072953209228,0.9144253002312839,0.9147769581298415,0.9151279311346585,0.9154782234186108,0.9158278384821554,0.9161767810053965,0.9165250549954554,0.9168726631795479,0.9172196100767666,0.9174966939798403,0.9175313000235766,0.917565899538827,0.9176004925299746,0.9176350783906,0.9176696583467713,0.9177042317919534,0.9177387987305062,0.9177733591667862,0.9178079124948734,0.9178424599397546,0.9178770002853374,0.9179115347561752,0.917946062746433,0.917980583650692,0.9180150980832203,0.9180496066578637,0.9180841081597582,0.9181186032028411,0.9181530924006283,0.9181875745388669,0.918222050231166,0.9182565200907105,0.9182909822950577,0.9183254392838911,0.9183598886264774,0.9183943327616549,0.9184287692595144,0.9184631999497684,0.9184976242281717,0.9185320420989621,0.9185664535663706,0.9186008580267605,0.918635256092425,0.9186696483752379,0.9187040342715448,0.9187384131781042,0.9187727857067716,0.9188071518617433,0.9188415116472096,0.9188758650673554,0.9189102121263609,0.9189445528283999,0.918978887177642,0.9190132151782537,0.9190475368343914,0.9190818521502117,0.9191161605235496,0.9191504631712777,0.9191847588850127,0.919219048881204,0.9192533319518708,0.9192876087072412,0.9193218791514355,0.919356143288566,0.9193904011227406,0.9194246526580632,0.9194588978986313,0.9194931368485382,0.9195273689067921,0.9195615946827599,0.919595814785396,0.9196300280089186,0.9196642355670466,0.9196984362543965,0.9197326306798006,0.9197668188473105,0.9198010001567127,0.9198351758206772,0.9198693452388771,0.919903507811388,0.9199376647502551,0.9199718148516878,0.9200059587236614,0.9200400963701904,0.9200742277952821,0.9201083530029406,0.9201424719971638,0.920176584781946,0.9202106907582301,0.9202447911361928,0.9203129720981387,0.9206535037729895
680.0,0.9060611076562032,0.906428427635334,0.9067949680351847,0.9071607330463644,0.9075257280806615,0.9078899578349733,0.9082534275789902,0.908616143149995,0.9089781071204961,0.9093393264694062,0.9096998042796001,0.9100595461176475,0.9104185568453312,0.9107768399945367,0.9111344003029573,0.9114912430736544,0.9118473716562658,0.9122027912291568,0.9125575056520906,0.9129115187286182,0.9132648354547878,0.9136174595174201,0.9139693945495829,0.9143206459932524,0.9146712161273896,0.9150211096621246,0.9153005407621055,0.9153354393627339,0.9153703312482856,0.9154052164233472,0.9154400948924962,0.9154749666603096,0.915509832348281,0.9155446907270123,0.9155795430348054,0.9156143880426827,0.9156492263720074,0.9156840580273206,0.9157188836294348,0.9157537019502118,0.9157885142266263,0.9158233192309584,0.9158581181997418,0.9158929099056734,0.9159276955848482,0.9159624740103808,0.9159972464179251,0.9160320121963281,0.9160667707348582,0.9161015232685126,0.9161362691864413,0.9161710078782168,0.916205740578178,0.9162404660611041,0.9162751855608962,0.9163098984672101,0.916344604170124,0.9163793039028831,0.9164139964413031,0.9164486830181934,0.9164833630237158,0.9165180358484497,0.9165527027245518,0.916587363042485,0.9166220161931299,0.9166566634079909,0.9166913040778333,0.916725937593838,0.9167605651868592,0.9167951862479614,0.9168298001686284,0.9168644081790617,0.9168990096706287,0.9169336040351115,0.9169681918896128,0.9170027738508072,0.9170373493104614,0.917071917660758,0.9171064795183554,0.9171410354994879,0.9171755843844992,0.9172101274014343,0.9172446633310467,0.9172791927894435,0.9173137157809054,0.9173482329210045,0.9173827429913131,0.9174172466074957,0.9174517437738138,0.9174862351054001,0.9175207193846405,0.9175551972267614,0.9175896686360031,0.9176241336165971,0.9176585921727717,0.9176930436984969,0.9177274894186002,0.9177619287269361,0.9177963616277127,0.9178307875152931,0.9178652076136539,0.9178996213170443,0.9179340280201242,0.917968428946232,0.9180028228805934,0.9180372110461221,0.9180715922284475,0.9181403360969901,0.9184836701548301
690.0,0.9037626688423523,0.9041334173959013,0.9045033659175674,0.9048725194999303,0.9052408844620687,0.9056084644469096,0.9059752656253112,0.9063412921499446,0.9067065500434783,0.907071043963318,0.9074347791418031,0.9077977594577522,0.9081599906489256,0.9085214771014083,0.9088822225000484,0.9092422336531174,0.9096015134771956,0.9099600667390952,0.9103178981407206,0.9106750116883382,0.9110314125907183,0.9113871041017733,0.9117420913078633,0.9120963779761642,0.9124499678187737,0.9128028657432148,0.9130846889350888,0.9131198855953918,0.91315507597092,0.9131902594425082,0.9132254353914262,0.9132606050696181,0.913295767858231,0.9133309237620398,0.9133660734088968,0.9134012155572899,0.9134363508351685,0.9134714792472834,0.9135066014210211,0.9135417167382588,0.9135768245813083,0.9136119261998495,0.9136470209760721,0.9136821089146909,0.9137171900204147,0.9137522642979479,0.9137873317519862,0.9138223930088757,0.9138574468298835,0.9138924938414529,0.9139275346695835,0.9139625686973987,0.9139975953084514,0.9140326157497234,0.9140676287837568,0.9141026356570854,0.9141376357533476,0.9141726290771766,0.9142076156331992,0.9142425954260348,0.9142775684602998,0.9143125353607313,0.9143474948915663,0.9143824482975523,0.9144173943433472,0.9144523336535589,0.9144872668523542,0.9145221927050238,0.9145571124552044,0.914592024868607,0.9146269311884246,0.9146618307998365,0.9146967237073893,0.9147316099156221,0.9147664888103453,0.9148013622522604,0.9148362277712092,0.9148710878459593,0.9149059400072019,0.9149407867328334,0.9149756255543936,0.9150104589489088,0.9150452850666295,0.9150801045301191,0.9151149179615053,0.915149724129853,0.9151845236573856,0.9152193165485646,0.915254103425067,0.9152888830567921,0.915323656682521,0.9153584230725689,0.9153931828484847,0.9154279366313839,0.9154626831922044,0.915497423768635,0.9155321571320274,0.9155668845196331,0.9156016053193762,0.9156363189196008,0.9156710259409593,0.9157057270036738,0.9157404214960716,0.9157751094225252,0.9158097901718809,0.9158444649796489,0.9158791326192495,0.9159484494881037,0.9162946396786754
700.0,0.9014428634028203,0.9018171136998845,0.9021905432669161,0.9025631574642403,0.9029349622321095,0.9033059627741703,0.9036761642191775,0.9040455729278735,0.9044141919194263,0.9047820287092125,0.9051490874755553,0.9055153736276226,0.9058808912071229,0.9062456454834743,0.9066096416539355,0.9069728848445938,0.9073353788276886,0.9076971292377218,0.9080581403572097,0.9084184164060628,0.9087779628166264,0.9091367830433038,0.9094948817547358,0.9098522635558554,0.9102089329888008,0.9105648939025337,0.9108491550904839,0.9108846561447113,0.9109201507197455,0.9109556375601645,0.910991117301264,0.9110265905778838,0.9110620567649746,0.911097515867534,0.9111329678905543,0.9111684134683979,0.911203851347178,0.9112392827905067,0.9112747065449373,0.9113101238736178,0.9113455347811659,0.9113809380147886,0.9114163348369423,0.911451723995272,0.9114871067517717,0.9115224824827766,0.9115578505650589,0.9115932128879521,0.9116285675719389,0.9116639152500551,0.9116992565548869,0.9117345908634018,0.911769918180478,0.9118052385109889,0.9118405518598007,0.9118758582317734,0.9119111576317603,0.9119464506915231,0.9119817361619665,0.9120170153016389,0.9120522874884587,0.9120875527272484,0.9121228110228243,0.9121580623799995,0.9121933074297129,0.9122285449243819,0.912263776120959,0.9122989997722927,0.9123342171348816,0.9123694275875848,0.912404631135172,0.9124398277824052,0.912475017534041,0.9125102010199708,0.9125453776195771,0.912580546712679,0.9126157095539592,0.9126508655231143,0.9126860140002733,0.9127211568639235,0.9127562916206307,0.9127914207727995,0.9128265424520153,0.9128616572873397,0.9128967659073893,0.9129318676926913,0.9129669620242062,0.9130020501541368,0.913037131463322,0.9130722053330316,0.9131072730147951,0.9131423345129285,0.9131773885856265,0.9132124358607971,0.9132474769659064,0.9132825106597859,0.9133175375699992,0.9133525583236674,0.9133875723026643,0.9134225788892893,0.9134575793328349,0.9134925730154819,0.9135275599418109,0.9135625401163951,0.9135975135438028,0.9136324802285976,0.9136674407968721,0.9137373404941587,0.9140864412008248
710.0,0.8991016534358344,0.8994794802942768,0.899856465458377,0.9002326139010994,0.9006079318477115,0.9009824254382327,0.9013560994059536,0.9017289597315479,0.902101011654939,0.9024722603402288,0.902842712188896,0.903212371553874,0.9035812433739456,0.9039493338206438,0.9043166463803792,0.904683187728706,0.9050489618630619,0.9054139740125712,0.9057782286883226,0.9061417303353511,0.9065044852646797,0.9068664958536754,0.9072277689200459,0.9075883073593323,0.9079481165709772,0.9083072006089373,0.9085939480336153,0.90862975940946,0.9086655634675819,0.9087013602132403,0.9087371502880877,0.9087729330607394,0.908808707900266,0.9088444760843544,0.9088802369819439,0.9089159912340773,0.908951738209913,0.9089874779146585,0.9090232103535129,0.909058935531668,0.9090946540895554,0.909130365396878,0.9091660694588093,0.9092017662805153,0.9092374565019407,0.9092731394932235,0.9093088152595087,0.9093444838059368,0.9093801451376403,0.9094157992597451,0.909451446811471,0.9094870871636017,0.9095227203212461,0.9095583462895033,0.9095939657071083,0.9096295779452792,0.9096651830090963,0.9097007809036337,0.9097363716339592,0.9097719558382049,0.909807532888128,0.9098431021559307,0.9098786655451897,0.9099142211624053,0.9099497696454512,0.9099853116317427,0.9100208464936753,0.9100563742362608,0.9100918948645024,0.9101274083833951,0.9101629154297575,0.9101984153765204,0.9102339075970631,0.9102693939911554,0.9103048720375904,0.9103403442670476,0.9103758094215065,0.9104112675059133,0.910446717894285,0.9104821624843256,0.9105175993881911,0.9105530292417269,0.910588452049848,0.9106238690781863,0.9106592778099717,0.910694680141187,0.9107300754463591,0.9107654643602868,0.9108008462577089,0.910836220513807,0.9108715883929381,0.9109069492701602,0.9109423031503245,0.9109776500382787,0.9110129905679956,0.911048323485932,0.911083650055071,0.9111189696511015,0.9111542822788393,0.9111895879430952,0.9112248866486727,0.9112601784003683,0.9112954638312177,0.9113307423175416,0.9113660138641179,0.9114012784757226,0.9114365361571217,0.9115070307483417,0.9118590957697389
720.0,0.8967389903207861,0.8971204709718056,0.8975010879991591,0.8978808473337488,0.8982597541502084,0.8986378148840625,0.8990150345455327,0.8993914207365271,0.8997669769675672,0.9001417106717715,0.9005156258721011,0.9008887291714189,0.9012610251039449,0.9016325194517807,0.9020032179171822,0.9023731248103609,0.9027422456847177,0.9031105860169295,0.9034781505551469,0.9038449439778785,0.9042109715453421,0.9045762377959641,0.904940747201445,0.9053045054611634,0.9056675169089623,0.9060297858148544,0.9063190695143897,0.9063551967170281,0.9063913170290802,0.9064274298126765,0.9064635350733165,0.9064996328164948,0.9065357236903618,0.9065718070574946,0.9066078835657945,0.9066439525780599,0.906680013457557,0.9067160681363139,0.9067521146931964,0.9067881544176732,0.9068241866730983,0.9068602121064986,0.9068962294399652,0.9069322399619952,0.9069682430363875,0.9070042393096704,0.9070402281458625,0.9070762095503455,0.9071121835284924,0.9071481507263353,0.9071841105083354,0.9072200628798458,0.9072560078462129,0.9072919460529716,0.9073278768650255,0.9073638002876995,0.9073997169661578,0.9074356262656339,0.9074715281914333,0.9075074227488534,0.907543310582566,0.9075791910582427,0.9076150641811617,0.9076509299565936,0.9076867883898034,0.9077226407636467,0.9077584845279443,0.9077943222429065,0.9078301526361713,0.9078659757129707,0.9079017914785269,0.9079375999380577,0.907973401096774,0.9080091955977522,0.9080449828080857,0.9080807633706072,0.9081165360150995,0.9081523020219098,0.9081880607585662,0.9082238122302326,0.9082595570791326,0.9082952940361689,0.9083310250173413,0.9083667474802073,0.9084024639770195,0.9084381732392257,0.9084738752719458,0.9085095700802883,0.90854525766936,0.9085809380442582,0.9086166118459955,0.9086522784435067,0.9086879378418713,0.9087235900461612,0.9087592356969059,0.9087948741634723,0.9088305054509129,0.9088661295642744,0.9089017465085958,0.9089373569238065,0.9089729601798094,0.9090085562816265,0.9090441452342708,0.9090797276771917,0.9091153029807219,0.9091508705156431,0.9091864315554848,0.9092575329007455,0.9096126198709714
730.0,0.8943548166959325,0.8947400315865115,0.8951243599073099,0.8955078072177057,0.895890380349858,0.8962720846878122,0.8966529268849829,0.8970329135029441,0.8974120489940495,0.8977903404234832,0.8981677927521333,0.8985444122019912,0.8989202042413907,0.8992951742589268,0.8996693282293442,0.9000426707174661,0.9004152075412242,0.9007869444378286,0.9011578864052137,0.9015280383678957,0.9018974051779793,0.9022659922720266,0.90263380501119,0.9030008473755318,0.9033671252381216,0.9037326424420548,0.9040245123845247,0.9040609624303788,0.9040974047180199,0.9041338392532173,0.904170266691183,0.9042066863879754,0.9042430989985493,0.9042795038791894,0.9043159010356266,0.9043522904735829,0.9043886734962278,0.9044250481627265,0.9044614151276262,0.9044977756933502,0.904534127920128,0.9045704731102461,0.9046068106210122,0.9046431411059713,0.9046794639226579,0.9047157790767202,0.9047520872213212,0.904788387066932,0.9048246805613852,0.9048609664152563,0.9048972446341579,0.9049335152236958,0.9049697781894677,0.9050060348304294,0.9050422832117572,0.9050785246322736,0.9051147584508641,0.9051509846730907,0.9051872039505944,0.9052234156425978,0.9052596197546406,0.9052958169379844,0.9053320065521889,0.9053681886027727,0.9054043637406175,0.9054405313256207,0.905476692008412,0.9055128445040957,0.9055489901083038,0.9055851288261566,0.905621259373449,0.9056573830450798,0.905693499201726,0.9057296084931407,0.9057657102802227,0.9058018045684059,0.9058378913631168,0.9058739713136083,0.9059100437812238,0.9059461094149664,0.9059821669329226,0.9060182176275612,0.9060542615039138,0.9060902972807522,0.9061263262498186,0.9061623477732325,0.9061983624991257,0.906234369789839,0.9062703696507158,0.9063063620870928,0.9063423471043001,0.9063783259920366,0.9064142961866295,0.90645026026191,0.9064862169388012,0.9065221662226,0.9065581081185936,0.9065940432735539,0.9066299710510329,0.9066658914562995,0.9067018044946135,0.9067377108122546,0.9067736097732142,0.9068095013827331,0.9068453862867207,0.9068812638494982,0.9069171340762856,0.9069888531829543,0.9073470199020176
740.0,0.8919490657830967,0.892338097352872,0.8927262176525482,0.8931134339375318,0.8934997533630684,0.8938851802483565,0.8942697236178221,0.8946533876121552,0.8950361790195371,0.8954181045339838,0.8957991687247714,0.8961793787895515,0.8965587404807919,0.896937259466989,0.8973149406619538,0.8976917909145259,0.8980678149747222,0.8984430188539565,0.8988174071468421,0.8991909870366491,0.8995637616312142,0.8999357379543957,0.9003069196336675,0.9006773135339307,0.9010469231386918,0.9014157545007006,0.9017102619061843,0.9017470407604911,0.9017838116237039,0.9018205751580451,0.9018573307131187,0.901894078950881,0.90193081922117,0.9019675515299961,0.9020042771944795,0.9020409942535635,0.9020777040242299,0.9021144058568978,0.9021511004126017,0.9021877870419933,0.9022244664058435,0.9022611378550365,0.9022978020500816,0.9023344576876469,0.9023711067369969,0.9024077478949076,0.9024443811672876,0.9024810065600373,0.9025176253867144,0.9025542356913383,0.9025908387873295,0.9026274340267249,0.902664022068728,0.902700602265608,0.9027371746232118,0.9027737398003517,0.902810297802493,0.9028468479823646,0.9028833903457825,0.9029199248985563,0.9029564522988502,0.9029929725520917,0.9030294850115831,0.9030659896831031,0.9031024872242986,0.9031389769888151,0.9031754589824085,0.9032119338623378,0.9032484009825923,0.9032848610001722,0.9033213132692945,0.9033577577956776,0.9033941952359377,0.9034306249446324,0.9034670469274588,0.9035034618406464,0.9035398696895159,0.9035762691787785,0.9036126616148233,0.9036490470029475,0.9036854246985031,0.903721794707137,0.9037581570344854,0.903794512335756,0.9038308599667553,0.9038672005824341,0.9039035335388262,0.9039398588415317,0.9039761771451207,0.9040124878059647,0.9040487914783795,0.904085087518961,0.904121375933275,0.9041576567268783,0.9041939305535809,0.9042301967704278,0.9042664560309768,0.9043027076924964,0.90433895176051,0.9043751888881942,0.9044114184331568,0.9044476404008979,0.9044838554442158,0.9045200629210548,0.9045562628368924,0.9045924558441519,0.9046286413011109,0.9047009902325447,0.9050622966215167
750.0,0.8895216606484956,0.8899145927378611,0.8903065898163145,0.8906976587852858,0.891087805753822,0.8914770381221906,0.8918653618075513,0.8922527833260596,0.8926393097867762,0.8930249468280446,0.8934097013708611,0.8937935788736332,0.894176586074074,0.8945587282553187,0.8949400119765085,0.8953204430276083,0.8957000271136055,0.8960787705304204,0.8964566781390012,0.8968337553962009,0.8972100090199159,0.897585443629757,0.8979600637723962,0.8983338765898882,0.8987068864704835,0.8990790983969216,0.8993762971261327,0.8994134116500868,0.8994505179410194,0.8994876166681017,0.8995247071745561,0.8995617901292824,0.8995988648757436,0.899635932082567,0.8996729917556596,0.8997100425767613,0.8997470865383798,0.8997841223223663,0.899821149934974,0.8998581700440225,0.8998951819939228,0.8999321864522253,0.8999691834247712,0.9000061722563284,0.9000431536140427,0.9000801268429187,0.900117091949144,0.9001540495994634,0.9001909991392343,0.9002279412349313,0.900264875892334,0.9003018024571542,0.9003387215954659,0.9003756326532181,0.900412535636533,0.900449431211086,0.900486318723175,0.9005231988382089,0.9005600715619024,0.9005969362409098,0.9006337928813067,0.9006706421479678,0.900707483387897,0.9007443172657035,0.9007811431286258,0.9008179616410079,0.9008547721503217,0.9008915753206463,0.9009283704996871,0.9009651583512592,0.9010019382233015,0.9010387107793647,0.9010754747101823,0.9011122319940417,0.9011489813217854,0.9011857226993708,0.9012224567896904,0.9012591829414973,0.9012959018174208,0.901332612766446,0.9013693164509397,0.901406012220119,0.9014427007360888,0.901479381348296,0.9015160540626304,0.9015527195408036,0.901589377788321,0.901626027499505,0.901662670646972,0.9016993052698142,0.9017359326846774,0.901772552897029,0.9018091652573542,0.901845769771474,0.9018823670999266,0.901918956593545,0.9019555389126096,0.90199211340818,0.9020286800860394,0.9020652402601959,0.9021017919736981,0.902138335886544,0.9021748733119893,0.9022114022941571,0.9022479241461661,0.9022844388733796,0.9023209458278909,0.9023939364416534,0.9027584439862769
760.0,0.8870725162246127,0.8874694369727589,0.8878653971189299,0.8882604032180886,0.8886544631281537,0.8890475831995123,0.8894397710819784,0.8898310322303234,0.8902213747905278,0.8906108047190514,0.8909993285731416,0.8913869528144365,0.8917736831213515,0.8921595271471388,0.8925444896976972,0.8929285775533204,0.893311796715935,0.8936941537809403,0.8940756538902245,0.8944563027842992,0.8948361067965568,0.8952150708186638,0.8955932016901816,0.8959705034640194,0.8963469828128766,0.8967226449777878,0.897022588968036,0.8970600456173586,0.8970974944522058,0.8971349348092538,0.897172367364556,0.8972097921243365,0.897247208425636,0.8972846169440915,0.89732201701699,0.8973594093196894,0.8973967931897198,0.8974341693021626,0.897471537663181,0.8975088976106678,0.8975462498192909,0.8975835936271842,0.8976209303766124,0.8976582580700776,0.8976955787173109,0.8977328903215747,0.8977701948918062,0.8978074910992537,0.8978447789503833,0.8978820591186214,0.8979193316100309,0.8979565957639554,0.8979938522534088,0.8980311010844306,0.8980683415967244,0.8981055737966982,0.8981427983568181,0.8981800152830896,0.8982172239156976,0.8982544249266989,0.8982916176565197,0.8983288027769429,0.8983659802939336,0.8984031495482759,0.8984403105463011,0.8984774639592494,0.8985146097930524,0.8985517473889724,0.8985888774178411,0.8986259992211608,0.8986631141337704,0.8987002201687255,0.898737318660721,0.8987744089517344,0.8988114917117865,0.8988485669467368,0.8988856339989185,0.8989226935379478,0.8989597449063951,0.8989967887736068,0.8990338244823906,0.8990708520389372,0.8991078727749494,0.8991448853705779,0.8991818898319901,0.8992188868277254,0.8992558757013014,0.8992928571209892,0.8993298304305436,0.8993667969598458,0.8994037547290044,0.899440705067759,0.8994776473203351,0.899514582154202,0.89955150957507,0.8995884289275172,0.8996253402176135,0.8996622441122961,0.8996991399564943,0.89973602841688,0.8997729094991168,0.8998097825484854,0.8998466475710103,0.8998835052328298,0.8999203555395786,0.8999571971771287,0.8999940321311005,0.9000676780522334,0.9004354492176315
770.0,0.8846015378766487,0.8850025363659357,0.8854025481612514,0.8858015794702261,0.8861996399443819,0.8865967348677838,0.8869928715513796,0.887388057903802,0.8877823003187952,0.8881756057935241,0.8885679805241004,0.8889594327047672,0.8893499676340055,0.8897395919133659,0.8901283127407617,0.8905161358292227,0.8909030681839278,0.8912891146445897,0.8916742834079086,0.8920585784466092,0.8924420077690013,0.8928245751788089,0.893206288500924,0.89358715273585,0.8939671728050882,0.8943463555856958,0.8946491015753385,0.8946869077382176,0.8947247058323343,0.8947624951878894,0.8948002764880355,0.8948380490632225,0.894875814272262,0.894913570769641,0.8949513185622622,0.8949890590081088,0.8950267907624421,0.8950645138321369,0.8951022295743506,0.8951399366451167,0.8951776350512832,0.8952153261491819,0.8952530085956188,0.8952906823974127,0.8953283489100737,0.8953660067911778,0.8954036567215995,0.895441298033777,0.8954789314083038,0.8955165568515507,0.8955541736963227,0.8955917826227923,0.8956293836373028,0.8956669760730298,0.895704560609723,0.8957421372537002,0.8957797053385053,0.8958172655434672,0.8958548178748773,0.8958923616666477,0.8959298975976879,0.8959674250021537,0.8960049452306516,0.8960424569453448,0.8960799601528657,0.8961174555314246,0.8961549430872436,0.8961924221552148,0.8962298934131288,0.8962673568671828,0.8963048118526354,0.8963422583760572,0.8963796977853555,0.8964171287452193,0.8964545519326078,0.8964919666833856,0.8965293736742334,0.8965667722412578,0.8966041637307577,0.89664154680893,0.8966789214822685,0.8967162884267641,0.8967536469791293,0.8967909978150784,0.8968283409406831,0.8968656763620073,0.896903003416248,0.8969403221098402,0.8969776331178086,0.8970149364461846,0.8970522314326475,0.897089519420025,0.8971267984096823,0.8971640697443012,0.8972013334298717,0.8972385888046743,0.8972758365426401,0.8973130766497337,0.8973503077972796,0.8973875319935603,0.8974247479100113,0.8974619562198802,0.8974991562622887,0.8975363487102128,0.8975735329030102,0.8976107101798101,0.897647878547237,0.8977221925767983,0.8980932921920881
780.0,0.8821086191332497,0.8825137890612292,0.8829179442178109,0.883321093342913,0.8837232429064837,0.8841244014200931,0.884524575850542,0.8849237737706973,0.8853220026433495,0.8857192691145279,0.8861155804356665,0.8865109430472042,0.886905365401523,0.8872988530276651,0.8876914120652832,0.8880830513553765,0.8884737754366477,0.8888635915517881,0.8892525061462981,0.8896405255702828,0.8900276553879954,0.8904139031474969,0.8907992742272013,0.8911837739208881,0.8915674088110513,0.8919501853867516,0.8922557916720557,0.8922939543417194,0.8923321086782688,0.8923702540053783,0.8924083910133795,0.8924465197091265,0.8924846400994596,0.8925227515085634,0.8925608553086976,0.8925989501415137,0.8926370366964667,0.8926751142982495,0.8927131843179892,0.8927512453983945,0.8927892982283354,0.892827342133012,0.8928653784824254,0.8929034059203352,0.89294142513503,0.892979436133231,0.8930174382407716,0.8930554321455036,0.8930934178541213,0.8931313953733078,0.8931693640294037,0.8932073251898802,0.8932452775008581,0.8932832209693914,0.8933211569621132,0.8933590841259276,0.8933970031473845,0.8934349133537045,0.89347281543115,0.8935107100654351,0.8935485959047661,0.8935864729561205,0.8936243419051859,0.8936622027585192,0.8937000555226683,0.8937378995258549,0.8937757354531937,0.8938135633112056,0.8938513831064017,0.893889194167504,0.893926997179055,0.8939647921475397,0.894002578402054,0.8940403566267117,0.8940781268279719,0.8941158883353026,0.8941536425092401,0.8941913873256715,0.894229124821564,0.8942668536500352,0.8943045744942035,0.8943422873604675,0.8943799915791624,0.8944176878329837,0.8944553761283021,0.8944930557958243,0.8945307275178219,0.8945683913006393,0.8946060471506111,0.894643693723814,0.894681333052337,0.894718964467233,0.894756587300072,0.8947942022321393,0.8948318085952524,0.8948694070704155,0.8949069976638947,0.8949445803819471,0.8949821538829387,0.8950197201953286,0.8950572786512758,0.8950948285834553,0.8951323706718926,0.8951699042495064,0.8952074299960425,0.8952449472446659,0.8952824573477388,0.8953574527771759,0.895731946124491
790.0,0.8795936480158696,0.8800030835410122,0.8804114777900467,0.880818837005798,0.881225169500555,0.8816304834663035,0.8820347862557627,0.8824380865485343,0.8828403900329049,0.88324170516458,0.883642040279852,0.8840414007471276,0.8844397953982204,0.8848372301061106,0.8852337120645272,0.8856292497738879,0.8860238473888947,0.8864175146118428,0.8868102554044722,0.887202078554364,0.8875929885388804,0.8879829939397208,0.8883720990487672,0.8887603115527588,0.8891476376468401,0.8895340820502785,0.8898426085608793,0.889881135011298,0.8899196528537013,0.8899581614051816,0.88999666205332,0.8900351541150482,0.8900736369078498,0.8901121111288754,0.8901505774747033,0.8901890345735116,0.8902274831219994,0.8902659224383023,0.8903043539076761,0.8903427761593796,0.8903811905780898,0.8904195957936041,0.8904579925017232,0.8904963807095209,0.8905347604240598,0.8905731309645147,0.8906114937138275,0.8906498473034126,0.8906881924281743,0.8907265290951278,0.8907648573112779,0.8908031763965731,0.8908414877322319,0.8908797899512761,0.8909180837477174,0.890956369128515,0.8909946461006136,0.8910329139847372,0.891071174160383,0.8911094252621752,0.8911476679832404,0.8911859023304771,0.8912241276252486,0.8912623452456265,0.8913005538275663,0.891338754063456,0.8913769459601477,0.8914151288396439,0.8914533040785955,0.8914914703142821,0.8915296282383595,0.8915677778576315,0.8916059191788933,0.8916440515249142,0.8916821755867612,0.8917202913712036,0.8917583988849969,0.8917964974514193,0.8918345884442908,0.8918726705035335,0.8919107443193397,0.891948809215494,0.8919868665646902,0.8920249150079017,0.89206295523474,0.8921009872518799,0.892139010383737,0.8921770260016028,0.8922150327477608,0.8922530306292545,0.8922910210165351,0.8923290025526703,0.8923669766075527,0.8924049411434685,0.8924428982113252,0.8924808464552336,0.8925187865630718,0.8925567185414048,0.8925946423967882,0.8926325574552731,0.8926704644041636,0.8927083632499874,0.8927462539992659,0.8927841359785493,0.8928220098745674,0.8928598756938146,0.8928977327632169,0.8929734227178541,0.8933513796352962
800.0,0.8770564997439553,0.8774703014331243,0.877883031045586,0.8782946967061467,0.878705307881527,0.879114872445127,0.8795233974237786,0.879930891187387,0.8803373619838074,0.8807428172170616,0.8811472641787189,0.8815507122096286,0.881953166929274,0.882354636012561,0.8827551277366312,0.8831546481194235,0.8835532052178882,0.8839508055526959,0.8843474562525493,0.8847431643402787,0.8851379367342681,0.8855317788406515,0.8859246987883209,0.8863167031906858,0.8867077971619535,0.8870979871279225,0.8874094934110379,0.8874483919076067,0.8874872808126504,0.8875261608312893,0.887565032668054,0.8876038949364058,0.8876427490376831,0.8876815935859024,0.8877204292854092,0.88775925614371,0.8877980741683023,0.8878368833666727,0.8878756837462969,0.8879144753146407,0.8879532580791588,0.8879920320472973,0.8880307965312414,0.888069552929056,0.8881082998578008,0.888147038714949,0.888185768118109,0.8882244894641632,0.8882632013712723,0.8883019052357255,0.8883405996762344,0.8883792853945324,0.8884179623979517,0.8884566306938159,0.8884952902894347,0.8885339404987146,0.8885725827158817,0.88861121625468,0.8886498404294075,0.8886884566334127,0.8887270634881438,0.8887656616938132,0.8888042519500595,0.888842832879149,0.8888814051808406,0.8889199681703523,0.8889585239308259,0.8889970697017894,0.8890356075659429,0.889074136147184,0.8891126561443667,0.8891511675646313,0.8891896704151098,0.8892281653937842,0.8892666511259065,0.8893051276189976,0.8893435962614507,0.8893820556793285,0.8894205072604422,0.8894589496313948,0.8894973834895389,0.8895358088419183,0.8895742256955658,0.889612633368042,0.8896510332454274,0.8896894239559368,0.8897278061960301,0.8897661799726903,0.8898045452928933,0.8898429021636058,0.8898812505917818,0.8899195898960155,0.8899579207718736,0.8899962439143587,0.8900345579540985,0.8900728635862138,0.8901111601299425,0.8901494489676346,0.8901877287309831,0.8902260008017691,0.8902642638122165,0.8903025177695897,0.8903407640548145,0.890379001300913,0.8904172308882423,0.8904554514503547,0.8904936636807528,0.8905700624875595,0.8909515527657857
810.0,0.8744970416263831,0.874915310059438,0.8753324763673489,0.8757485498559554,0.876163538216806,0.8765774497600118,0.8769902926708497,0.8774020772148198,0.8778128091184734,0.8782224976641796,0.878631150543309,0.8790387767857554,0.8794453823880406,0.8798509754193358,0.8802555652754681,0.8806591568940629,0.8810617594405866,0.8814633805169793,0.8818640261791536,0.8822637038140251,0.8826624199850129,0.883060183288753,0.8834569993610643,0.8838528751619996,0.8842478182546807,0.8846418339759347,0.8849563834232366,0.8849956611506229,0.8850349289818413,0.8850741883336676,0.8851134385095488,0.8851526795174111,0.885191911365168,0.8852311340607227,0.8852703476119672,0.8853095520267835,0.8853487473130406,0.8853879341816099,0.8854271112341694,0.8854662791817146,0.885505438734642,0.8855445884954808,0.8855837298770279,0.8856228614823781,0.8856619847237202,0.885701098204714,0.8857402033369394,0.885779298724621,0.8858183857787322,0.8858574638053122,0.8858965321109732,0.8859355921057795,0.8859746423953629,0.8860136843891834,0.8860527173939554,0.8860917414173446,0.8861307564670042,0.8861697618504923,0.8862087589757585,0.8862477471501932,0.8862867256817567,0.886325695977498,0.8863646573452097,0.8864036097924728,0.8864425533268555,0.88648148725699,0.8865204129884222,0.8865593298296192,0.8865982370896135,0.886637136173054,0.886676026388809,0.8867149070463114,0.8867537795493147,0.8867926432070887,0.8868314973294655,0.886870343319306,0.8869091797889348,0.8869480081406169,0.8869868269872303,0.8870256370335314,0.8870644389836945,0.8871032314514244,0.8871420151410183,0.8871807907561905,0.8872195569114736,0.8872583143107037,0.887297062961222,0.8873358028703588,0.8873745340454342,0.8874132564937592,0.887451970222633,0.887490675239346,0.8875293715511771,0.8875680584704764,0.8876067373944857,0.8876454069407553,0.8876840685059406,0.8877227207081377,0.8877613649434158,0.887799999830417,0.8878386260706946,0.8878772436714378,0.887915852639826,0.8879544529830277,0.8879930447082018,0.888031627129273,0.8880702016399723,0.8881473241858595,0.8885324189651861
820.0,0.8719151299623127,0.8723379717922474,0.8727596791788522,0.8731802619063868,0.8735997288690226,0.8740180888276109,0.8744353504113327,0.8748515228618421,0.8752666138039203,0.8756806322206155,0.8760935869629257,0.8765054845447234,0.8769163350410911,0.8773261454575952,0.8777349241489125,0.8781426778880596,0.8785494162480734,0.8789551450400361,0.8793598728715843,0.8797636075039468,0.8801663551407904,0.8805681233225896,0.8809689194769021,0.8813687516360311,0.8817676248579773,0.8821655476760839,0.882483205561285,0.882522870716433,0.8825625263700242,0.8826021725304026,0.8826418092059001,0.8826814371158882,0.8827210548464258,0.8827606638277571,0.8828002626465261,0.8828398527323467,0.882879434093027,0.8829190053160864,0.882958567830195,0.882998120223453,0.883037663923905,0.8830771975202304,0.8831167224398472,0.8831562386904859,0.883195744861697,0.8832352416710264,0.8832747298354054,0.8833142086538873,0.8833536774261136,0.8833931375773165,0.8834325884069651,0.883472029923151,0.883511462133954,0.8835508857551789,0.8835902993792631,0.8836297044295741,0.8836691002064122,0.8837084867178016,0.8837478639717548,0.8837872312694324,0.8838265900326556,0.8838659402689567,0.8839052805730694,0.8839446123658881,0.8839839342427172,0.8840232476238365,0.8840625511051212,0.8841018461062358,0.8841411319291317,0.8841804078763414,0.8842196760718183,0.8842589344073571,0.8842981835961728,0.8843374236461123,0.8843766545650099,0.8844158763606917,0.8844550897452952,0.8844942933178255,0.8845334884945787,0.8845726738751252,0.8846118508751512,0.8846510187983848,0.8846901776525737,0.8847293274454562,0.884768468184759,0.8848075991751915,0.8848467218306174,0.8848858354555783,0.8849249400577587,0.8849640356448306,0.8850031222244562,0.8850422005064184,0.8850812690939498,0.8851203286969579,0.8851593793230614,0.8851984209798693,0.8852374543763842,0.885276478117239,0.885315492911561,0.8853544994678856,0.8853934963916853,0.885432485092298,0.8854714641757565,0.8855104343504077,0.8855493963240113,0.8855883487034344,0.8856272921965601,0.885705153253507,0.8860939271871379
830.0,0.8693106151135757,0.8697381372706353,0.8701644925849334,0.870589691335153,0.8710137421378906,0.8714366542306679,0.8718584367120251,0.8722790985432758,0.8726986492990507,0.8731170976660579,0.8735344507084897,0.8739507190918221,0.8743659103647786,0.8747800326961442,0.8751930948677117,0.8756051047941388,0.8760160695331215,0.8764259989617452,0.8768348998917941,0.8772427797545027,0.8776496473221377,0.8780555090597643,0.8784603720515756,0.8788642454412641,0.8792671353563726,0.8796690492636287,0.8799898821089996,0.8800299425061745,0.8800699937983644,0.8801100352752655,0.8801500669456264,0.880190089536475,0.8802301016198031,0.8802701046407465,0.880310098607538,0.8803500820930704,0.8803900565415061,0.8804300212436901,0.8804699762082746,0.8805099221609451,0.8805498583929747,0.88058978491298,0.880629701729565,0.8806696088513216,0.8807095070031015,0.8807493954768919,0.8807892742812493,0.8808291441405258,0.8808690036314822,0.880908854194102,0.8809486958364321,0.8809885271361185,0.8810283488171475,0.8810681616028786,0.8811079647865772,0.8811477583766929,0.8811875430960887,0.8812273182384569,0.8812670830980878,0.8813068391117783,0.8813465862874617,0.8813863232057281,0.8814260513024252,0.8814657691587304,0.8815054782098568,0.881545178463679,0.8815848685022541,0.8816245497598466,0.8816642208190995,0.8817038831136448,0.881743536651301,0.8817831800155866,0.8818228139271972,0.8818624391062108,0.8819020548487109,0.8819416611629113,0.8819812580570153,0.882020845539214,0.8820604243287742,0.8820999930115403,0.8821395530176918,0.8821791036442878,0.8822186448994621,0.8822581767913383,0.8822977000382114,0.8823372132276627,0.8823767177879993,0.8824162130171148,0.8824556989230743,0.8824951755139333,0.8825346427977341,0.8825741014916461,0.8826135501852675,0.8826529903047315,0.8826924204402109,0.8827318420172197,0.8827712550432866,0.8828106581094464,0.8828500519321915,0.8828894365194643,0.882928812586993,0.8829681794346036,0.8830075363627067,0.8830468847943467,0.8830862240297624,0.8831255540768308,0.8831648749434163,0.8832434891665405,0.8836360184587425
840.0,0.8666833322328765,0.8671156473800372,0.8675467616210732,0.8679766857577262,0.8684054289046382,0.868833000035483,0.8692594095061049,0.8696846667611118,0.8701087811021027,0.8705317609343405,0.8709536152843441,0.871374353792532,0.8717939852065525,0.872212518140042,0.8726299603281535,0.873046321615911,0.8734616094773547,0.8738758334894193,0.8742890001326991,0.8747011187281926,0.8751121962535233,0.875522241041188,0.8759312612982669,0.8763392643771925,0.8767462582442818,0.8771522492900822,0.8774763256646864,0.8775167909009759,0.8775572459776367,0.8775976909038726,0.8776381264146521,0.8776785517930532,0.8777189670482398,0.8777593729146637,0.8777997694009824,0.8778401550658828,0.8778805313685981,0.8779208983177492,0.8779612544729417,0.8780016020167556,0.8780419387847468,0.8780822662344904,0.8781225836506801,0.8781628910423389,0.8782031898655746,0.878243477958264,0.8782837560530978,0.8783240248821236,0.8783642837309102,0.8784045333311631,0.8784447722461426,0.8784850026525723,0.8785252223915594,0.878565432916729,0.8786056335145227,0.8786458249156259,0.8786860064067695,0.8787261779968012,0.8787663396945549,0.8788064922300379,0.8788466348905604,0.8788867676849195,0.8789268913426156,0.8789670051513924,0.8790071091200095,0.8790472039774615,0.8790872890119247,0.8791273635121876,0.8791674296467649,0.8792074852645501,0.8792475325330998,0.8792875693022181,0.8793275970193458,0.8793676142546649,0.8794076224549702,0.8794476216284208,0.8794876103460921,0.8795275900538135,0.8795675600414823,0.8796075210357462,0.8796474723267885,0.8796874132054007,0.8797273451158012,0.8797672680660568,0.8798071813469206,0.8798470849668973,0.8798869789344792,0.8799268632581468,0.8799667386630535,0.8800066044406633,0.8800464605994207,0.8800863071477588,0.8801261448101696,0.8801659728786848,0.8802057913617009,0.8802456002676029,0.8802854003202253,0.8803251908121635,0.8803649717517678,0.8804047431473755,0.8804445050073144,0.8804842580545957,0.8805240015825212,0.880563735599382,0.8806034601134565,0.8806431758471038,0.8806828813802478,0.8807622661616248,0.8811586279299741
850.0,0.8640331100812354,0.8644703337925704,0.8649063215597514,0.8653410839574092,0.8657746314011128,0.866206972607319,0.8666381184603246,0.867068078916396,0.8674968630154122,0.8679244804190964,0.8683509406419089,0.8687762538126657,0.8692004276358166,0.8696234719570443,0.8700453957207943,0.8704662077336696,0.8708859166662605,0.8713045318038225,0.8717220600508295,0.8721385119219985,0.8725538940641122,0.8729682159784073,0.873381484066169,0.873793708311314,0.874204895608167,0.8746150534727732,0.8749424448222929,0.8749833226836936,0.8750241907697018,0.8750650483561152,0.8751058961857967,0.8751467335348478,0.8751875611457763,0.8752283782949833,0.8752691857246234,0.8753099827113986,0.8753507692648811,0.8753915461266919,0.8754323133058849,0.8754730700797644,0.8755138171894213,0.8755545539124606,0.8755952802583735,0.8756359969677203,0.8756767040494768,0.8757174000510897,0.8757580864436737,0.8757987632361662,0.8758394304374898,0.8758800865963385,0.8759207331824749,0.8759613702047844,0.8760019969425159,0.8760426134050124,0.876083220330905,0.8761238169998896,0.8761644041502458,0.8762049810619666,0.8762455477443297,0.8762861056635872,0.8763266526430278,0.8763671901487158,0.8764077174613849,0.8764482345902465,0.8764887422721916,0.8765292405159244,0.8765697286027693,0.8766102065418869,0.8766506743424249,0.876691132740407,0.8767315817444763,0.8767720199101222,0.8768124494261516,0.8768528681219364,0.8768932774592101,0.8769336774465522,0.8769740666409821,0.8770144465032383,0.8770548170418636,0.877095176814794,0.8771355272817749,0.8771758684513129,0.8772161996070784,0.8772565207580275,0.8772968326376074,0.8773371345299282,0.8773774264439058,0.8774177091124782,0.877457981820189,0.8774982452996363,0.8775384981120947,0.877578741713696,0.8776189753895648,0.8776591998716184,0.8776994151682027,0.8777396198421048,0.8777798153478209,0.8778200009712,0.8778601767210092,0.8779003433281518,0.8779405000789088,0.8779806469820115,0.8780207847678555,0.8780609127231561,0.8781010308566058,0.8781411398980967,0.8781812391347751,0.8782614089490506,0.8786616841604437
860.0,0.8613597654277846,0.861802017949862,0.862242997653549,0.8626827156853935,0.8631211822420036,0.8635584081416348,0.8639944032608928,0.8644291780981801,0.864862742992128,0.8652951081237042,0.8657262819785206,0.8661562759758703,0.8665850975377994,0.8670127585446823,0.8674392661327267,0.8678646318778026,0.8682888626379921,0.8687119689358077,0.869133958119207,0.8695548411788018,0.8699746251903366,0.8703933186089781,0.8708109312533614,0.871227469812751,0.8716429438395005,0.8720573597741119,0.8723881383331075,0.8724294384285249,0.8724707283920328,0.8725120074923669,0.8725532764804135,0.8725945346252171,0.8726357826772975,0.8726770206462473,0.8727182485416448,0.8727594656331539,0.8728006726705625,0.8728418689238439,0.872883055142421,0.8729242305965748,0.872965396035364,0.8730065507293775,0.8730476954273102,0.8730888301386165,0.8731299541343451,0.8731710681626483,0.8732121714948798,0.8732532648788314,0.8732943483238875,0.8733354211018615,0.873376483960003,0.873417536170431,0.873458578480033,0.873499610161235,0.8735406319605629,0.8735816431507475,0.8736226444779563,0.8736636359514522,0.8737046161083571,0.8737455871665949,0.8737865476634247,0.8738274976085519,0.8738684384824716,0.8739093680881582,0.8739502879059148,0.8739911979448972,0.8740320974795032,0.8740729872539336,0.8741138665428898,0.8741547360902159,0.8741955951709152,0.8742364445284762,0.8742772834382034,0.8743181126432323,0.8743589314191663,0.8743997405087869,0.8744405391879992,0.8744813281992301,0.8745221068186847,0.8745628757884375,0.8746036343849929,0.874644382617783,0.8746851212283542,0.8747258502256249,0.8747665688866959,0.8748072772209464,0.8748479767006992,0.8748886651403843,0.8749293440121355,0.8749700125938,0.8750106716255218,0.8750513203854448,0.8750919596133634,0.8751325885877194,0.8751732080479577,0.8752138172728162,0.8752544162715289,0.8752950057830183,0.8753355850864667,0.87537615492045,0.8754167145644457,0.8754572647566821,0.8754978047769336,0.8755383353630815,0.8755788550666137,0.8756193660823873,0.8756598662337636,0.875740838349237,0.8761451105326439
870.0,0.8586631074258106,0.8591105115491783,0.8595566048415084,0.860001398257536,0.8604449041632399,0.8608871323751693,0.8613280941256909,0.8617677989071988,0.8622062584062996,0.8626434833543778,0.863079482761551,0.8635142670441421,0.8639478464581479,0.8643802311014072,0.8648114309157371,0.8652414541516635,0.8656703119902245,0.8660980123878127,0.8665245654572066,0.8669499796354865,0.8673742655014881,0.8677974304472864,0.8682194832511825,0.8686404340614956,0.8690602891151193,0.8694790597893578,0.8698132993793314,0.8698550309714483,0.8698967520600831,0.8699384626553857,0.8699801620191087,0.8700218509101031,0.8700635293384755,0.8701051965664531,0.8701468533523217,0.8701885004536601,0.8702301356379641,0.8702717604106461,0.870313374781723,0.8703549787611975,0.8703965723590583,0.870438154838798,0.8704797269572002,0.870521287978074,0.8705628394037953,0.8706043797521761,0.8706459090336329,0.8706874287494685,0.8707289374184817,0.8707704357961522,0.8708119231473859,0.8708534002272912,0.8708948670456823,0.8709363228679344,0.8709777684485994,0.8710192037974491,0.8710606281803259,0.8711020423512281,0.871143446319884,0.8711848393526029,0.8712262222028309,0.8712675948802517,0.8713089566516433,0.8713503082698973,0.8713916497446569,0.8714329803431649,0.8714743008177617,0.8715156104359985,0.8715569099498501,0.8715981993688906,0.8716394779611342,0.8716807464780068,0.8717220049290401,0.8717632525827121,0.8718044901899017,0.8718457170193946,0.8718869338217058,0.8719281406062955,0.8719693366424128,0.8720105226800264,0.8720516979886901,0.8720928633180113,0.8721340186773815,0.8721751633368156,0.8722162980453774,0.8722574220733862,0.8722985361695447,0.8723396403431759,0.8723807338650594,0.8724218167449901,0.8724628897309483,0.8725039528322054,0.872545006058015,0.8725860486799185,0.8726270807076406,0.872668102888266,0.872709115230995,0.8727501170079756,0.8727911082288771,0.8728320903767802,0.8728730619872431,0.8729140230698965,0.8729549743705717,0.8729959151623246,0.87303684619063,0.8730777674645714,0.8731186782576538,0.8732004691746517,0.8736088230730061
880.0,0.8559429309573788,0.856395614624114,0.8568469482187546,0.8572969433190122,0.8577456105229925,0.8581929634491009,0.8586390107434124,0.8590837656633372,0.8595272381062361,0.8599694385985404,0.8604103790745989,0.8608500681488959,0.8612885174223445,0.8617257375394928,0.862161738200865,0.862596528952055,0.8630301207359781,0.8634625220098769,0.8638937434038155,0.8643237938473493,0.8647526836605002,0.8651804214746579,0.8656070165445784,0.8660324779792146,0.8664568147437526,0.8668800356616368,0.867217814051432,0.8672599868011951,0.8673021486600755,0.8673442996387529,0.8673864397478896,0.8674285682421822,0.8674706858885731,0.8675127926976801,0.8675548886801042,0.8675969738464319,0.8676390482072346,0.8676811117730662,0.8677231637997566,0.8677652050528954,0.8678072355429914,0.8678492552805368,0.8678912642760098,0.8679332617860477,0.8679752493289252,0.8680172254076005,0.8680591907863141,0.868101145475468,0.8681430887325045,0.8681850213210899,0.8682269440041708,0.8682688545343124,0.8683107551796146,0.8683526451977958,0.8683945238472609,0.8684363918905298,0.8684782493378671,0.8685200961995225,0.8685619317345398,0.8686037567046778,0.8686455718709829,0.8686873749911193,0.8687291683277867,0.8687709503899834,0.8688127219385214,0.8688544829835301,0.8688962327853272,0.8689379728537802,0.8689797016995542,0.8690214200825146,0.869063127263615,0.8691048247512758,0.8691465110574887,0.8691881861927826,0.8692298516644988,0.8692715067338594,0.8693131499146962,0.8693547834616832,0.8693964066365177,0.8694380187015712,0.8694796204146481,0.869521211038434,0.8695627913303599,0.869604362047157,0.8696459209580786,0.869687469567034,0.8697290086301972,0.8697705359183185,0.8698120536802475,0.8698535604335705,0.8698950569342323,0.8699365431919834,0.86997801847123,0.8700194835273611,0.8700609376250965,0.8701023822642749,0.8701438159647672,0.8701852394812263,0.8702266520789909,0.870268054512347,0.8703094460469433,0.870350827436697,0.8703921994348343,0.8704335598200352,0.870474910089468,0.8705162502526828,0.8705575803192172,0.8706402087150774,0.8710527318368406
890.0,0.8531990233862173,0.8536571183605848,0.8541138218906659,0.8545691470283874,0.8550231050081228,0.8554757076908689,0.8559269667514675,0.8563768936811527,0.8568254997900628,0.8572727970075722,0.8577187962827021,0.8581635083908072,0.858606943935946,0.8590491141427689,0.8594900292736304,0.8599296994266235,0.8603681361048215,0.8608053482911011,0.8612413463778992,0.8616761405945188,0.8621097410094286,0.862542156758794,0.8629733976019107,0.8634034723739339,0.8638323913016445,0.8642601636882394,0.8646015612480965,0.8646441852339353,0.8646867979248406,0.8647293985678688,0.8647719887027916,0.8648145668126324,0.8648571344363953,0.8648996908212544,0.8649422359783662,0.8649847691557874,0.8650272911280906,0.8650698026691006,0.8651123030268251,0.8651547914499846,0.8651972687123562,0.8652397355869705,0.8652821905606922,0.8653246344067014,0.8653670678974353,0.8654094895208015,0.8654519000493858,0.8654942994941319,0.8655366878659695,0.8655790651758098,0.8656214314345501,0.8656637858928916,0.8657061300822343,0.8657484632530692,0.8657907846565905,0.8658330950636122,0.8658753952442096,0.8659176836904352,0.8659599611725116,0.8660022277011932,0.8660444832872155,0.866086727941299,0.8661289616741495,0.8661711837384329,0.8662133956610458,0.8662555966944462,0.8662977860917882,0.8663399646215421,0.8663821322943184,0.8664242891207108,0.8664664351113,0.8665085702766477,0.8665506938708859,0.8665928066613189,0.866634908658464,0.8666770006287088,0.8667190810705889,0.8667611499951067,0.8668032089239576,0.8668452571118732,0.8668872938142742,0.866929319796926,0.8669713350702206,0.8670133396445371,0.8670553335302374,0.8670973159835477,0.8671392885232193,0.8671812496515012,0.8672232001328168,0.867265139977453,0.8673070684424368,0.8673489862916186,0.8673908942881327,0.8674327909362424,0.8674746769992276,0.8675165517349136,0.8675584166583955,0.8676002702752732,0.8676421133480674,0.8676839458869139,0.8677257671504337,0.8677675786519051,0.867809378898594,0.8678511686520755,0.8678929471716053,0.8679347159690133,0.8679764735528935,0.8680599573725365,0.8684767401241117
900.0,0.8504311585280226,0.8508948014875813,0.8513570110133328,0.8518177992195055,0.852277178026034,0.8527351616083932,0.8531917598587457,0.8536469873685099,0.8541008536558201,0.8545533713029629,0.8550045526963475,0.8554544084242488,0.8559029505024959,0.8563501891625395,0.8567961360598634,0.857240802667267,0.8576841979013278,0.8581263344756919,0.8585672217606072,0.8590068705417956,0.8594452906507277,0.8598824925409558,0.8603184857204718,0.860753280320014,0.8611868863094426,0.8616193135000598,0.8619644117867663,0.8620074967525375,0.8620505700021788,0.862093631547518,0.8621366821723538,0.862179721116118,0.86222274761898,0.8622657632361035,0.8623087664362034,0.8623517587736569,0.8623947394887513,0.8624377085931768,0.8624806668690875,0.8625236127869891,0.8625665478992958,0.862609470677228,0.8626523826724155,0.8626952831263399,0.8627381712812111,0.8627810486874865,0.8628239145871558,0.8628667689917372,0.8629096119127329,0.8629524441300538,0.8629952633498845,0.8630380726570144,0.863080869758151,0.8631236554329528,0.8631664304603185,0.8632091940837608,0.8632519455475153,0.863294685630431,0.8633374151105996,0.863380133232207,0.863422840006552,0.8634655346787087,0.8635082187925419,0.8635508915929075,0.8635935523253816,0.8636362025326751,0.8636788414601465,0.863721469118978,0.8637640855203351,0.863806690675366,0.8638492845952027,0.8638918672909612,0.8639344380095506,0.863976998290617,0.8640195473808545,0.8640620852913119,0.8641046112695616,0.8641471268537263,0.8641896312911628,0.864232124592856,0.8642746067697743,0.8643170770703161,0.8643595370307064,0.8644019851369371,0.8644444229244777,0.8644868496418405,0.8645292645382497,0.8645716683865691,0.8646140619589273,0.8646564437433886,0.8646988145122286,0.8647411750369871,0.8647835230461923,0.8648258615932386,0.8648681876469521,0.8649105042592578,0.8649528084003862,0.8649951023611236,0.8650373853921188,0.8650796567447215,0.8651219179483864,0.8651641674952952,0.8652064069141571,0.8652486346978362,0.8652908516158736,0.8653330576788388,0.8653752528972853,0.8654596108427542,0.8658807459068338
910.0,0.8476391010437455,0.8481084330617041,0.8485762881268123,0.8490426774173347,0.8495076144058029,0.8499711123509709,0.8504331834780936,0.8508938414551064,0.8513530980995897,0.8518109650365103,0.8522674553284783,0.852722580210004,0.8531763523499211,0.8536287826034532,0.8540798824517896,0.8545296631909967,0.8549781375361802,0.8554253148111275,0.8558712065689351,0.8563158241796616,0.8567591764556591,0.8572012767984327,0.8576421328910809,0.8580817569945084,0.8585201580456673,0.8589573463943945,0.8593062297899849,0.8593497866951574,0.8593933314445615,0.8594368640506533,0.8594803853059652,0.8595238936625235,0.8595673906927314,0.8596108764083865,0.8596543492626235,0.859697810826627,0.8597412603332046,0.8597846977946635,0.8598281240018432,0.8598715381880772,0.8599149403656174,0.8599583305466979,0.860001708743534,0.8600450757459117,0.8600884307880372,0.8601317738820717,0.8601751050401575,0.8602184250512426,0.8602617331502271,0.8603050285727626,0.860348313660237,0.8603915860953846,0.8604348466666806,0.8604780961618169,0.8605213338167362,0.8605645596434192,0.8606077736538289,0.8606509766348268,0.8606941678230443,0.8607373472303935,0.8607805148687655,0.8608236707500359,0.860866814886061,0.8609099472886796,0.8609530687433022,0.8609961784877666,0.861039276533859,0.8610823628933478,0.8611254375779853,0.8611685013721505,0.8612115527420802,0.8612545932445776,0.8612976221186773,0.8613406393760445,0.8613836450283253,0.8614266390871499,0.8614696215641292,0.861512592470859,0.8615555525898752,0.8615985011614051,0.8616414374264064,0.8616843637081627,0.861727276936212,0.8617701802032708,0.8618130704403343,0.8618559507385943,0.8618988187999689,0.8619416754057222,0.8619845213363583,0.8620273558337979,0.8620701781406849,0.8621129898060158,0.8621557900722167,0.8621985781824347,0.8622413556845065,0.8622841218213616,0.8623268766042714,0.8623696200444899,0.8624123529205068,0.8624550737088547,0.8624977831881727,0.8625404821363502,0.8625831690309713,0.8626258446500751,0.8626685090047984,0.8627111628722308,0.8627538054971412,0.8628390555328925,0.8632646395172794
920.0,0.8448226018017259,0.8452977703551675,0.845771414251593,0.8462435471184424,0.8467141831988224,0.8471833356731505,0.8476510175069563,0.8481172422840666,0.8485820233702718,0.8490453722658843,0.8495073027471945,0.849967826731123,0.8504269559381421,0.850884704343816,0.8513410824500857,0.8517961022035704,0.8522497761665657,0.8527021150866806,0.8531531303372264,0.8536028347122916,0.854051236800925,0.8544983498311262,0.8549441836407743,0.8553887486960745,0.8558320560837253,0.8562741159217999,0.8566268725710945,0.8566709120677406,0.8567149381611971,0.8567589532308122,0.8568029557117938,0.8568469456172174,0.8568909237480852,0.8569348893290885,0.8569788423732474,0.8570227836809046,0.8570667132644441,0.8571106295623266,0.8571545341615913,0.8571984262880107,0.8572423067408399,0.8572861747462087,0.8573300311029399,0.8573738750375214,0.85741770734834,0.8574615264768765,0.8575053340068456,0.857549129950423,0.8575929127502147,0.8576366847732737,0.857680443677985,0.857724191045998,0.857767926105406,0.8578116496526546,0.8578553601325938,0.8578990599086309,0.8579427466425684,0.8579864219135913,0.8580300849508548,0.8580737357668993,0.8581173751566686,0.8581610023498496,0.8582046173589254,0.8582482209782,0.8582918124378895,0.8583353917504207,0.8583789597094597,0.8584225155457498,0.858466059271662,0.858509590899549,0.8585531112222279,0.8585966194711443,0.8586401156585947,0.858683600576763,0.8587270734576179,0.8587705343134029,0.8588139831563408,0.8588574207777702,0.8589008464103609,0.8589442600662809,0.8589876617576814,0.85903105227506,0.8590744308517817,0.8591177967219601,0.8591611522316216,0.8592044958364775,0.8592478267711608,0.8592911466027057,0.8593344553425439,0.8593777514484184,0.8594210357095164,0.8594643089142476,0.8595075702977071,0.8595508206478893,0.8595940584243481,0.8596372851909285,0.8596804994079086,0.8597237026383381,0.8597668948934775,0.8598100746346871,0.8598532434238287,0.859896400497548,0.8599395458676015,0.8599826795457273,0.8600258015436479,0.8600689126468758,0.8601120113192898,0.8601981752868186,0.860628305042622
930.0,0.8419814005857797,0.8424625565593651,0.8429421400345184,0.8434201646123506,0.8438966453612129,0.8443715962613473,0.8448450310632148,0.8453169641306999,0.8457874079206062,0.846256376349744,0.8467238822767262,0.8471899383473455,0.8476545586533123,0.8481177554103091,0.848579540630772,0.8490399277686834,0.8494989267880976,0.8499565523752385,0.8504128149183486,0.8508677270621597,0.8513212996286978,0.8517735440649468,0.8522244724348157,0.8526740958045532,0.8531224234549235,0.8535694684992624,0.8539261881078032,0.8539707205316459,0.8540152414569782,0.8540597493025149,0.8541042440820483,0.8541487258093532,0.8541931960908156,0.8542376533467126,0.8542820975907557,0.8543265304280392,0.85437095028001,0.8544153571603185,0.8544597510825933,0.8545041336502118,0.8545485032861759,0.8545928600040541,0.8546372046116668,0.8546815363278591,0.8547258559600044,0.8547701627273157,0.854814458230178,0.8548587401010486,0.8549030099400697,0.8549472677600379,0.8549915119884332,0.8550357450165676,0.8550799652720824,0.8551241727683029,0.8551683683103739,0.8552125511193356,0.8552567219998906,0.8553008809646799,0.855345027235287,0.855389160824917,0.8554332825373904,0.8554773915948339,0.8555214888006286,0.8555655733772626,0.8556096453378425,0.8556537054850878,0.8556977538314645,0.8557417896001854,0.8557858128042771,0.8558298242455824,0.855873823147855,0.8559178103125,0.8559617849636297,0.8560057471141733,0.8560496975648832,0.8560936355404083,0.8561375618410666,0.8561814756918664,0.85622537789269,0.8562692676689035,0.8563131450332999,0.8563570099986533,0.8564008641502417,0.8564447051414232,0.8564885345572418,0.8565323516241323,0.856576157140247,0.8566199503323779,0.856663731213164,0.8567075005801135,0.8567512576605488,0.8567950024670528,0.8568387357964894,0.8568824568767124,0.8569261665041575,0.8569698631233166,0.8570135490978231,0.8570572220890014,0.8571008836761482,0.8571445330881758,0.8571881703374967,0.857231796219054,0.8572754099622868,0.8573190123617129,0.8573626018651563,0.8574061800490658,0.8574497461435802,0.8575368436759279,0.8579716217977551
940.0,0.8391152237602887,0.8396025252082359,0.8400882026327906,0.8405722722367005,0.8410547499578711,0.8415356480551629,0.8420149836846464,0.8424927703312942,0.842969020404807,0.8434437494784135,0.8439169720322988,0.8443886997904516,0.8448589476214905,0.8453277276496609,0.8457950534567404,0.8462609384013139,0.8467253947943898,0.8471884355653817,0.8476500726073101,0.8481103184333664,0.8485691845312272,0.849026683826894,0.8494828282226232,0.8499376286111153,0.8503910965092826,0.8508432440502863,0.8512040187892408,0.8512490565675267,0.8512940815587684,0.8513390937768865,0.8513840932357795,0.8514290791442811,0.8514740523217154,0.8515190127819158,0.8515639605386964,0.85160889480165,0.8516538163891683,0.8516987245112224,0.8517436207893061,0.8517885036297816,0.8518333738501109,0.851878230661023,0.8519230756822439,0.8519679065192135,0.8520127255937154,0.8520575313145032,0.8521023244976529,0.8521471043550218,0.8521918717022248,0.8522366265527593,0.8522813689200992,0.8523260980168516,0.8523708146577142,0.8524155180556677,0.8524602090249517,0.8525048875789374,0.8525495529311651,0.8525942058951899,0.8526388464843202,0.8526834739126559,0.8527280889930682,0.8527726909400275,0.8528172805659505,0.8528618578840431,0.8529064221093341,0.8529509740535591,0.852995512932116,0.8530400403538293,0.8530845547365161,0.8531290560938747,0.8531735444395852,0.8532180213807499,0.8532624853367438,0.8533069363211823,0.8533513759398821,0.8533958018174775,0.8534402163552395,0.8534846171789875,0.8535290066887292,0.8535733833065545,0.8536177470459372,0.8536620987150162,0.8537064375321306,0.8537507643049733,0.8537950790463277,0.8538393809750834,0.8538836708982638,0.8539279480351223,0.8539722123989706,0.8540164655892337,0.8540607060322403,0.8541049337412405,0.8541491487294651,0.8541933525946483,0.8542375429725908,0.8542817222526474,0.8543258880717827,0.8543700420266491,0.8544141841297563,0.8544583136025335,0.8545024312489135,0.8545465362906849,0.8545906287408809,0.8546347094027729,0.8546787782887557,0.85472283462134,0.8547668784134782,0.8548549300066619,0.8552944611563983
950.0,0.8362237869945065,0.8367173952580305,0.8372093284448128,0.8376996019547475,0.8381882317928682,0.8386752336955378,0.8391606214104739,0.8396444118851257,0.8401266183622899,0.84060725641748,0.8410863396646808,0.8415638823340311,0.8420398975691293,0.8425144016655844,0.8429874072893279,0.8434589260482274,0.843928974367932,0.8443975625707244,0.8448647049520603,0.8453304147440511,0.845794703302938,0.8462575842631727,0.846719070213255,0.847179171889535,0.8476379014769386,0.8480952725896737,0.8484601972455484,0.8485057525490529,0.8485512945518763,0.8485968232687067,0.8486423387142096,0.848687840089313,0.8487333290362844,0.8487788039425086,0.8488242656362756,0.8488697141321359,0.8489151494446189,0.8489605715882306,0.8490059805774548,0.8490513764267531,0.8490967583388027,0.8491421271402139,0.8491874828453798,0.8492328254686717,0.849278155024439,0.8493234715270076,0.8493687749906823,0.849414064619493,0.8494593412383813,0.8495046048615846,0.8495498555033187,0.8495950923683818,0.8496403170899482,0.849685528063593,0.8497307261128355,0.8497759112517822,0.8498210834945157,0.8498662420469842,0.8499113877317662,0.849956520562878,0.850001640554316,0.8500467477200527,0.8500918412669928,0.8501369220165382,0.8501819899825981,0.8502270443726458,0.8502720868135846,0.8503171157066435,0.8503621318720571,0.8504071353236253,0.8504521252697713,0.8504971025300309,0.8505420671181398,0.8505870182430875,0.8506319575282276,0.8506768833779926,0.8507217966107576,0.8507666964362666,0.8508115844761089,0.8508564583328424,0.8509013204310617,0.8509461691775869,0.8509910053894081,0.8510358290800267,0.8510806394605027,0.8511254373471362,0.8511702227533657,0.8512149948908111,0.8512597545750855,0.8513045018195652,0.851349236637606,0.8513939582415743,0.8514386666454058,0.8514833634641258,0.8515280471096894,0.8515727175959686,0.8516173765366868,0.8516620223449755,0.8517066550346434,0.8517512762181166,0.8517958843097,0.8518404793231401,0.8518850620708632,0.8519296325659573,0.8519741900231982,0.8520187352543358,0.8520632682723969,0.8521522953288709,0.852596686356865
960.0,0.8333067892546886,0.8338068737392983,0.8343052289351779,0.8348018712315385,0.8352968158564512,0.8357900812724485,0.8362816812728314,0.8367716311442522,0.837259947644016,0.8377466455195843,0.838231740125613,0.8387152456963795,0.8391971779334609,0.8396775488585977,0.8401563762378151,0.8406336716077385,0.841109449681696,0.8415837232378969,0.8420565081990975,0.8425278151931228,0.8429976596738956,0.8434660526713942,0.8439330083458596,0.8443985389639972,0.844862658236831,0.8453253755218703,0.8456945509500724,0.8457406356863008,0.8457867065851332,0.8458327636620749,0.8458788069326048,0.8459248364121772,0.8459708529385431,0.8460168548822478,0.8460628430812169,0.8461088183724539,0.8461547791277788,0.8462007270055686,0.8462466611994653,0.8462925809039794,0.8463384877760762,0.8463843810099957,0.8464302606209286,0.8464761258041796,0.8465219782148384,0.8465678170479407,0.8466136414993846,0.846659453222857,0.8467052514139876,0.8467510360878016,0.8467968072593003,0.846842564943461,0.8468883083373672,0.8469340390919111,0.8469797555864795,0.8470254594710352,0.847071149942789,0.8471168261998078,0.847162489890666,0.8472081393968324,0.8472537763659572,0.8472993991803398,0.8473450086710326,0.8473906056681908,0.8474361885553567,0.8474817581628573,0.8475273145053217,0.847572857597355,0.8476183874535416,0.8476639032742902,0.8477094067026556,0.8477548969387864,0.8478003731836741,0.8478458362657207,0.8478912870124382,0.8479367238119013,0.8479821474917943,0.8480275580664953,0.848072955550359,0.8481183399577209,0.848163710491118,0.8482090687885993,0.8482544132411023,0.8482997446746413,0.8483450631034383,0.8483903685416916,0.8484356601930948,0.8484809396929843,0.8485262054347378,0.8485714582429497,0.848616698131708,0.8486619251150784,0.8487071383979027,0.8487523396128208,0.8487975271556394,0.848842702658105,0.8488878637084788,0.8489330127463887,0.848978148977183,0.8490232716070363,0.8490683814579564,0.8491134777364979,0.8491585620712835,0.8492036328617413,0.8492486917356066,0.8492937370931088,0.8493387697548573,0.849428795434306,0.8498781571094535
970.0,0.8303639162029524,0.830870653179269,0.8313756032632696,0.8318787848058832,0.8323802140624625,0.8328799078855362,0.8333778837159607,0.8338741560524825,0.8343687426425647,0.8348616583074121,0.8353529202215525,0.83584254265967,0.8363305413761427,0.8368169309901278,0.8373017267265537,0.8377849444074693,0.8382665961610223,0.838746698162617,0.839225264615267,0.8397023094770368,0.840177844771995,0.8406518865272357,0.8411244462990525,0.8415955379515645,0.8420651751136506,0.8425333703482616,0.8429068962846601,0.8429535229255295,0.8430001360000905,0.8430467338600285,0.843093319017676,0.8431398889933654,0.8431864446353866,0.8432329867910779,0.8432795146451493,0.8433260282138166,0.8433725275132722,0.8434190133898288,0.8434654850290165,0.8435119424469523,0.8435583856597226,0.8436048155126205,0.8436512303629969,0.843697631885092,0.8437440192656651,0.8437903925206779,0.8438367524941509,0.8438830975455983,0.8439294293468481,0.8439757470856756,0.8440220507779184,0.8440683404393864,0.8441146160858655,0.8441608785596078,0.8442071270494045,0.8442533615709669,0.8442995821399808,0.8443457887721091,0.8443919814829872,0.8444381602882269,0.844484326028324,0.8445304778934818,0.8445766158992386,0.8446227400611082,0.844668849570573,0.8447149460913358,0.8447610296381627,0.8448070985791294,0.8448531537534095,0.844899195999255,0.8449452236860139,0.8449912384745517,0.8450372395572768,0.8450832261274692,0.84512919984458,0.8451751599016174,0.8452211063137782,0.8452670390962367,0.8453129582641425,0.8453588638326218,0.845404755816776,0.8454506342316833,0.8454964990923978,0.8455423504139495,0.8455881890308967,0.8456340133188985,0.8456798241126873,0.8457256214271974,0.8457714052773416,0.8458171764964574,0.8458629334622907,0.8459086770083531,0.8459544079672519,0.846000124717982,0.8460458280933253,0.8460915181080287,0.8461371947768166,0.8461828581143906,0.846228508951907,0.8462741448545875,0.846319768286497,0.8463653792615903,0.846410975346982,0.8464565590047054,0.8465021294334774,0.8465476858328599,0.8465932298474731,0.8466842775204337,0.8471387255506755
980.0,0.8273948383349009,0.8279084096898859,0.8284201365359432,0.8289300347467325,0.829438122599963,0.8299444189447592,0.8304489396169843,0.830951702836373,0.8314527247271611,0.8319520228945717,0.8324496119884043,0.8329455107899684,0.8334397333759881,0.833932296188393,0.8344232145111194,0.8349125042267513,0.835400180941484,0.8358862582621731,0.8363707512720392,0.8368536756503581,0.8373350450957011,0.8378148747703321,0.8382931761723363,0.8387699656763442,0.8392452560010815,0.8397190613254727,0.8400970439796999,0.8401442255925551,0.8401913930612606,0.8402385464023946,0.840285683950642,0.8403328074053477,0.8403799167830059,0.8404270112598714,0.8404740916930796,0.840521157259306,0.8405682079756545,0.8406152446984644,0.8406622666050443,0.8407092737124153,0.8407562668761253,0.8408032452741123,0.8408502097613978,0.8408971595163397,0.8409440953934335,0.8409910165714564,0.8410379222301005,0.8410848148975875,0.8411316929159471,0.8411785563019303,0.8412254059084601,0.8412722409155661,0.8413190613399198,0.8413658680336623,0.8414126601774455,0.8414594377878631,0.8415062017162737,0.8415529511439543,0.8415996860874168,0.8416464065631468,0.8416931134214677,0.8417398066781151,0.8417864846820006,0.8418331491165363,0.8418797991644449,0.8419264348420563,0.841973056998145,0.8420196648160526,0.8420662583120293,0.8421128383340801,0.8421594032346132,0.8422059546931312,0.8422524918940014,0.8422990156842051,0.8423455252485186,0.8423920197726117,0.8424385009335599,0.8424849687466937,0.8425314215678933,0.8425778610727831,0.8426242872766185,0.8426706985365773,0.8427170956980347,0.8427634796054297,0.8428098494455758,0.8428562052342885,0.8429025469873594,0.842948874720553,0.842995189277046,0.8430414898446646,0.843087776439099,0.843134049076015,0.8431803077710522,0.8432265533661322,0.8432727850500885,0.8433190020126331,0.8433652059212408,0.8434113959653481,0.8434575729856263,0.8435037353469598,0.8435498838901939,0.8435960194552526,0.8436421412325752,0.8436882492375294,0.843734342661627,0.8437804231680788,0.8438264907715101,0.8439185832129887,0.8443782335697505
990.0,0.8243992116910541,0.8249198082232723,0.8254384969600599,0.8259552958950149,0.8264702254194316,0.8269833028339484,0.827494546022459,0.8280039743458355,0.8285116041224588,0.8290174522644389,0.8295215380557701,0.8300238777716538,0.8305244873908436,0.8310233834860355,0.8315205832152273,0.8320161016751791,0.8325099563175107,0.8330021607953035,0.8334927328636195,0.8339816856312635,0.8344690345599088,0.8349547957023759,0.8354389831120047,0.8359216105895896,0.836402693399163,0.8368822456874111,0.8372647938342049,0.8373125449676976,0.837360280500646,0.83740800045133,0.837455706538554,0.8375033970789982,0.8375510729406398,0.8375987332913636,0.837646378998596,0.837694009230656,0.8377416248544204,0.8377892258871996,0.8378368114979605,0.8378843825527614,0.8379319382210001,0.8379794802157691,0.8380270060114917,0.838074517320959,0.8381220141612826,0.8381694965495471,0.8382169628100775,0.8382644154997257,0.8383118529430048,0.8383592751576131,0.8384066838520136,0.8384540765069343,0.8385014548305387,0.838548818839688,0.8385961685512151,0.838643502293548,0.8386908217728059,0.8387381270057399,0.8387854180090725,0.8388326931130436,0.838879954021737,0.8389272007517946,0.8389744333198292,0.8390216500578868,0.839068852668023,0.8391160411667711,0.8391632155706352,0.83921037421346,0.8392575187952834,0.8393046493325287,0.839351764160386,0.8393988658177487,0.8394459526399903,0.8394930246441379,0.8395400826868478,0.8395871259449635,0.8396341544354309,0.8396811698530617,0.8397281696971989,0.8397751556623634,0.8398221269264469,0.8398690843442621,0.8399160270941181,0.8399629551927711,0.8400098694942489,0.8400567691774841,0.840103654259153,0.8401505255925003,0.8401973823570826,0.8402442254056247,0.8402910539180978,0.840337867911043,0.8403846682364069,0.8404314540747809,0.8404782254426268,0.840524983191114,0.840571726501454,0.8406184553900282,0.8406651707072322,0.8407118716348948,0.8407585581893198,0.8408052312201301,0.8408518899097701,0.8408985342744661,0.8409451643304168,0.840991780926219,0.8410383832451374,0.841131545948515,0.8415965207359457
1000.0,0.821376674822474,0.8219044932595184,0.8224303392274241,0.8229542310916836,0.8234761905542298,0.8239962352399978,0.8245143851846415,0.8250306582276756,0.8255450746032392,0.8260576505496136,0.826568406516615,0.8270773571815202,0.827584522326748,0.8280899195931333,0.8285935645156481,0.8290954741175116,0.8295956668873294,0.8300941574513682,0.8305909619239561,0.8310860970062091,0.8315795782256673,0.8320714208284723,0.8325616415257635,0.833050253263833,0.8335372722052091,0.8340227133667736,0.8344099393886218,0.8344582727048113,0.834506590637594,0.8345548932055353,0.8346031795673634,0.834651450601899,0.8346997071869166,0.8347479476220044,0.8347961719263368,0.8348443818361354,0.8348925765107053,0.8349407551103338,0.8349889185118516,0.8350370667335192,0.8350851997935664,0.8351333168531675,0.8351814187880214,0.8352295056162681,0.8352775773560173,0.8353256340253481,0.8353736747865387,0.8354217005138822,0.8354697112253673,0.835517706938955,0.8355656868178025,0.8356136517350827,0.8356616017086659,0.8357095359023685,0.8357574551885247,0.8358053604384443,0.8358532491092961,0.8359011229263559,0.8359489819073169,0.8359968260698437,0.8360446554315724,0.8360924691580651,0.8361402681194383,0.836188051481689,0.8362358201143776,0.8362835740349949,0.8363313132610014,0.8363790369592643,0.8364267459982432,0.8364744395452371,0.8365221184681579,0.8365697827843215,0.8366174325110163,0.8366650668164054,0.8367126865673058,0.8367602909323114,0.8368078807776917,0.8368554552724717,0.8369030152823766,0.8369505608244955,0.8369980910684958,0.837045606879289,0.8370931074269705,0.8371405944225756,0.8371880653430546,0.8372355218991421,0.8372829641077313,0.837330391985686,0.8373778038589239,0.8374252022813556,0.8374725855790826,0.8375199537695797,0.8375673085592882,0.837614647431412,0.8376619720920974,0.8377092825579856,0.837756578002153,0.8378038592852043,0.8378511255806391,0.837898377748529,0.8379456149627947,0.837992838082976,0.8380400462834158,0.838087240423122,0.8381344196768576,0.8381815840617046,0.838228735277037,0.8383229923767468,0.8387934176340337
1010.0,0.8183268464011583,0.8188620928731624,0.8193952986933793,0.8199264836249502,0.8204556698446016,0.8209828763134364,0.8215081244051027,0.8220314313905828,0.8225528188078292,0.8230723059593688,0.8235899108677792,0.8241056521239709,0.8246195488791206,0.8251316181172538,0.8256418792099757,0.8261503484750533,0.8266570446132873,0.827161983302383,0.8276651834899392,0.8281666593404922,0.8286664291750275,0.8291645092218913,0.8296609154119571,0.8301556625060205,0.8306487667396573,0.8311402440560791,0.8315322633181054,0.8315811938686496,0.8316301083713288,0.8316790068458073,0.8317278893117162,0.8317767557886538,0.8318256062961853,0.8318744408538442,0.8319232594811299,0.8319720621975094,0.8320208498903796,0.8320696208429571,0.8321183759428341,0.8321671160765282,0.8322158395287222,0.8322645471861294,0.8323132390679887,0.832361915193508,0.8324105755818624,0.8324592211178209,0.8325078500889839,0.8325564633803156,0.8326050610108626,0.8326536429996406,0.8327022093656327,0.8327507601277903,0.8327992953050335,0.8328478149162509,0.8328963189802975,0.8329448066529489,0.832993279679357,0.8330417372149765,0.8330901784162538,0.8331386041646834,0.8331870153407075,0.8332354102391589,0.8332837897406732,0.8333321538638234,0.8333805026271544,0.8334288351886745,0.8334771524278762,0.8335254552232046,0.8335737418728353,0.8336220141148941,0.8336702693892717,0.8337185102927632,0.8337667359841756,0.8338149456232956,0.8338631409455717,0.8339113193945227,0.8339594844207342,0.8340076326109445,0.8340557665564459,0.834103884560623,0.8341519874990027,0.8342000753896096,0.8342481482504367,0.8342962052434727,0.8343442480988488,0.8343922751227703,0.8344402871890828,0.8344882834606535,0.8345362648107714,0.8345842312572194,0.8346321828177506,0.8346801195100918,0.8347280404981999,0.8347759466539725,0.8348238379950464,0.8348717145390284,0.8349195754507456,0.834967421600989,0.8350152521550207,0.835063067983079,0.8351108699543908,0.8351586555310883,0.8352064272858722,0.8352541835333199,0.8353019242915098,0.8353496512795737,0.835397362813471,0.8354927412903146,0.8359687455304537
1020.0,0.8152493302585737,0.8157922192304402,0.8163329964789142,0.8168716832799621,0.8174083004783089,0.8179428703853246,0.8184754139349363,0.8190059516477848,0.8195345045746684,0.8200610914985935,0.8205857336120924,0.8211084498579552,0.8216292597321703,0.8221481814409107,0.8226652346677796,0.8231804387275203,0.823693809848091,0.8242053666562503,0.824715128334241,0.8252231110133964,0.8257293323084806,0.8262338095070904,0.8267365586848853,0.8272375973905335,0.8277369410816275,0.8282346066891972,0.8286315404098202,0.8286810831151182,0.8287306081957908,0.828780118312676,0.828829610846579,0.8288790875774554,0.8289285476463107,0.8289779910738431,0.8290274187590914,0.8290768289656633,0.8291262243484692,0.8291756022937501,0.8292249637001353,0.8292743094651427,0.8293236387316592,0.8293729515201029,0.8294222487270855,0.8294715294961945,0.829520792972056,0.8295700409265988,0.8296192725041118,0.829668488599698,0.8297176883581112,0.8297668709251382,0.8298160380698707,0.8298651889377603,0.8299143244224102,0.8299634427964394,0.8300125449536485,0.8300616317867447,0.8301107024423369,0.8301597569402986,0.8302087953004685,0.8302578175426515,0.8303068236866196,0.8303558146232968,0.8304047886297524,0.8304537474677679,0.8305026902857953,0.8305516162333038,0.8306005270704001,0.8306494219462243,0.8306983008802823,0.830747163892047,0.8307960110009577,0.8308448430949925,0.8308936584561232,0.8309424588405734,0.8309912425312899,0.8310400104158597,0.8310887625135259,0.8311374997105128,0.8311862211584672,0.8312349260100399,0.8312836151513576,0.8313322894674825,0.8313809472452435,0.8314295902353629,0.8314782167256372,0.8315268276007413,0.8315754237442902,0.8316240034455287,0.8316725684524446,0.8317211170552461,0.8317696501371625,0.8318181677169577,0.8318666698133597,0.8319151564450677,0.8319636276307497,0.8320120833890411,0.8320605237385462,0.8321089486978371,0.8321573582854568,0.8322057516585379,0.8322541305585686,0.8323024932814946,0.8323508415677289,0.832399172853801,0.8324474906000364,0.8324957913837983,0.8325440778037225,0.8326406041856265,0.8331223211424634
1030.0,0.8121437071249245,0.8126944632349142,0.8132430323496346,0.8137894364360979,0.8143336998767682,0.8148758436926558,0.8154158913235587,0.8159538628930973,0.8164897809456497,0.8170236666368934,0.8175555407003665,0.8180854234575811,0.8186133357600869,0.8191392961951733,0.8196633266827569,0.8201854441152377,0.8207056705611757,0.8212240221807815,0.8217405184617241,0.8222551785232244,0.8227680193086832,0.8232790601453366,0.8237883172971621,0.8242958085090905,0.8248015511927063,0.8253055615397573,0.8257075344866973,0.8257577041424113,0.8258078563228454,0.8258579928298452,0.8259081119046044,0.8259582135691481,0.8260082978454607,0.8260583665329995,0.8261084178750487,0.826158451893481,0.8262084686101305,0.8262584689344362,0.826308452887323,0.8263584196025947,0.8264083699887462,0.8264583031800602,0.8265082191981483,0.8265581189505641,0.8266080015723111,0.8266578679703155,0.8267077172800615,0.8267575504078515,0.8268073664896474,0.8268571664311288,0.8269069484846818,0.8269567153237452,0.8270064643174018,0.8270561972541416,0.8271059132713564,0.827155613272864,0.8272052963965311,0.8272549626634185,0.8273046129764182,0.8273542464741073,0.8274038640587632,0.827453464869435,0.8275030489270057,0.8275526162523194,0.8276021668661862,0.8276517025493185,0.827701220681736,0.8277507230438107,0.8278002078970812,0.8278496778996594,0.827899131313285,0.827948567280167,0.8279979875778058,0.828047391348073,0.8280967794889708,0.8281461511428386,0.8281955063300619,0.8282448450709939,0.8282941682624286,0.828343475047637,0.8283927654468655,0.8284420394803294,0.8284912980436188,0.8285405394057855,0.8285897653375004,0.8286389749834246,0.828688168363601,0.8287373463721224,0.828786507280523,0.8288356528566506,0.8288847822463234,0.8289338954694121,0.828982992545753,0.8290320743676535,0.8290811400818523,0.8291301888361065,0.8291792223943376,0.8292282399039731,0.829277241384647,0.8293262277268917,0.8293751972081522,0.829424150719154,0.8294730891495466,0.829522011648128,0.8295709173647076,0.8296198080581986,0.8296686828780857,0.8297663849743515,0.8302539530448473
1040.0,0.8090095384442698,0.8095683955441394,0.8101249867413197,0.8106793357926105,0.8112314678844943,0.8117814047668568,0.812329171577532,0.812874790052637,0.8134182833834268,0.8139596733298939,0.8144989821524714,0.8150362316587584,0.81557144321485,0.8161046368152962,0.8166358339227165,0.8171650546417436,0.8176923205382457,0.818217649049248,0.8187410609532134,0.8192625757072599,0.8197822123898157,0.8202999878778836,0.8208159232716317,0.8213300347326213,0.8218423417237087,0.8223528597290629,0.8227599995935901,0.8228108126801422,0.8228616084245239,0.8229123868493179,0.8229631470771177,0.823013890030952,0.823064616632654,0.8231153242065323,0.8231660154730831,0.8232166886567727,0.8232673437807665,0.8233179826640552,0.823368603532711,0.8234192073071394,0.823469794009484,0.8235203627650675,0.823570915389816,0.8236214501124706,0.8236719669558781,0.8237224668384896,0.8237729497822158,0.8238234149138552,0.8238738631508864,0.8239242945151058,0.8239747081340459,0.8240251049242177,0.8240754849073014,0.8241258472115638,0.8241761927525503,0.8242265206590151,0.824276831845862,0.8243271263345818,0.8243774032546586,0.8244276635200356,0.8244779062606848,0.8245281323899115,0.8245783410381716,0.8246285340086994,0.8246787086510231,0.8247288667680223,0.824779008380849,0.8248291326211656,0.8248792404000584,0.8249293308496712,0.8249794048804586,0.8250294616250466,0.8250795019932576,0.8251295251181999,0.8251795319090656,0.8252295214994431,0.8252794939109426,0.8253294509384941,0.8253793908291733,0.8254293127183522,0.8254792192858736,0.8255291087803585,0.8255789812231933,0.8256288384057858,0.8256786776935406,0.8257284999930372,0.825778306209723,0.8258280963639799,0.8258778695924941,0.8259276267997854,0.825977366239896,0.826027089700389,0.8260767972014678,0.8261264878810011,0.8261761617599378,0.8262258197409467,0.8262754609626053,0.8263250854457529,0.8263746940921383,0.8264242860410446,0.826473861313203,0.8265234208094472,0.8265729636697619,0.8266224907943717,0.8266720004443977,0.8267214943993252,0.8267709718000732,0.8268698787774442,0.8273634395690145
1050.0,0.8058463604123982,0.8064135636013642,0.8069784189029174,0.8075409500411908,0.8081011831541188,0.8086591438061297,0.8092148550482697,0.8097683423427582,0.8103196286688447,0.810868738442252,0.8114156936391176,0.8119605176848597,0.8125032325624014,0.8130438607480092,0.8135824242563992,0.8141189446523232,0.8146534411761791,0.8151859373636551,0.8157164516117723,0.8162450047338758,0.8167716171310181,0.817296308801195,0.8178190965781207,0.8183400033889588,0.8188590443961733,0.8193762399264417,0.8197886803269063,0.8198401541925697,0.819891609008791,0.8199430457113074,0.8199944643240812,0.8200458657812661,0.8200972482859682,0.8201486127725555,0.8201999601741585,0.8202512886955446,0.8203026001788049,0.8203538928298102,0.8204051675812253,0.8204564244566271,0.8205076634795508,0.8205588846734887,0.820610088968863,0.8206612745748462,0.8207124415156919,0.8207635916277792,0.8208147240277167,0.8208658378332492,0.8209169348788646,0.8209680133770203,0.8210190742563311,0.8210701184441968,0.8211211441547083,0.8211721514117354,0.8212231420460044,0.8212741151763945,0.8213250699229058,0.8213760072118189,0.821426927968207,0.8214778304099547,0.82152871456064,0.8215795822466299,0.8216304316874284,0.8216812638073261,0.8217320786288673,0.8217828761745564,0.8218336564668588,0.8218844186285138,0.821935163582166,0.8219858904510494,0.8220366010559768,0.8220872936212784,0.822137969068289,0.8221886283171578,0.8222392686961386,0.8222898920238375,0.822340498322321,0.8223910876136159,0.8224416590231739,0.8224922134700496,0.8225427509761535,0.8225932715633567,0.8226437734626879,0.8226942593829952,0.8227447284503483,0.8227951797919094,0.8228456143244741,0.8228960311756923,0.8229464312617158,0.8229968146041065,0.8230471803312425,0.8230975293583151,0.8231478617067709,0.8231981765057167,0.8232484746693848,0.8232987553273661,0.823349019393256,0.8233992668883104,0.8234494969428454,0.8234997104695029,0.8235499065990801,0.8236000862435864,0.8236502485342991,0.8237003943825952,0.8237505238094682,0.8238006359469164,0.8238507317053713,0.823950871504407,0.8244505718531269
1060.0,0.802653686557957,0.8032294943992462,0.8038028648020716,0.8043738266455652,0.8049424051535917,0.8055086279448341,0.8060725200344775,0.8066341078409716,0.8071934152298008,0.8077504674878115,0.8083052903252159,0.8088579059829546,0.8094083391158865,0.8099566119261372,0.8105027480596219,0.8110467697091066,0.8115886995539322,0.8121285598035344,0.8126663703135202,0.8132021542975335,0.8137359316825697,0.8142677229208602,0.8147975489830962,0.8153254285575268,0.8158513836606036,0.8163754312565593,0.816793309389316,0.8168454604644134,0.8168975916424349,0.8169497047931846,0.817001799019865,0.8170538743479222,0.8171059317234938,0.817157970250574,0.8172099899544678,0.8172619917802525,0.8173139739131984,0.8173659382178018,0.8174178847182627,0.8174698116015572,0.8175217198119187,0.817573610292311,0.8176254821490825,0.8176773354071272,0.8177291710083575,0.8177809871431445,0.8178327856700702,0.8178845647806328,0.8179363263321077,0.8179880703482082,0.8180397950221201,0.8180915012942248,0.8181431901036511,0.8181948605596013,0.8182465117724421,0.8182981455949012,0.8183497611369543,0.8184013584228703,0.8184529374768733,0.8185044983231436,0.8185560418980495,0.8186075664009203,0.8186590736799703,0.8187105619356385,0.8187620330148555,0.8188134851191687,0.818864920094229,0.8189163361426883,0.81896773510892,0.8190191161062299,0.8190704782490688,0.8191218233798983,0.8191731506127867,0.81922445997131,0.8192757505709302,0.8193270242515717,0.8193782801283163,0.8194295173173841,0.8194807376568027,0.8195319393558167,0.8195831242511912,0.819634290553262,0.8196854391918205,0.8197365701900181,0.8197876835709651,0.8198387793577306,0.8198898575733417,0.819940918240784,0.8199919613830013,0.8200429861192226,0.8200939942799494,0.8201449840809434,0.8201959564486578,0.8202469114058302,0.8202978489751588,0.8203487691792997,0.8203996711392204,0.8204505557797203,0.8205014240244057,0.820552274093339,0.8206031069103319,0.8206539215975895,0.8207047199781892,0.820755500274331,0.8208062634085163,0.8208570094029974,0.8209077373812088,0.8210091429737197,0.8215151352863495
1070.0,0.7994310053030254,0.8000156861064992,0.8005978378307468,0.801177489686352,0.8017546691705183,0.8023294041262595,0.8029017237466791,0.8034716535493782,0.8040392204415416,0.8046044507126491,0.8051673710422859,0.8057280045571555,0.8062863777769865,0.80684251468786,0.8073964387442027,0.8079481748249532,0.8084977463109058,0.8090451751170084,0.8095904855628879,0.8101336976381646,0.8106748356608515,0.8112139206066373,0.8117509739563038,0.8122860158039126,0.8128190677023716,0.8133501488952989,0.8137736096041108,0.8138264543086735,0.813879281024566,0.8139320869787897,0.8139848749967487,0.8140376432393817,0.8140903926655243,0.8141431223697304,0.8141958323789377,0.8142485236508762,0.8143011962114285,0.814353849156227,0.8144064825120102,0.8144590981646108,0.8145116933510057,0.8145642699566125,0.8146168280070241,0.8146693656711741,0.8147218857604279,0.8147743864439366,0.8148268677480475,0.8148793306261064,0.8149317751034229,0.8149841993524131,0.8150366052523877,0.8150889919027168,0.8151413602549388,0.8151937103341256,0.8152460403155851,0.8152983520752599,0.81535064563808,0.8154029191810813,0.8154551745781938,0.8155074118542096,0.8155596291878845,0.8156118284511462,0.8156640096686465,0.8157161719429268,0.8157683152994735,0.8158204397637273,0.8158725462822227,0.8159246339585501,0.8159767028180094,0.8160287538060748,0.8160807851072054,0.8161327995063052,0.8161847942687471,0.8162367712585107,0.8162887286623193,0.816340668342839,0.8163925903240855,0.8164444927944772,0.8164963776147127,0.8165482438915055,0.8166000916496055,0.8166519209137166,0.8167037317084958,0.8167555249745152,0.8168072998197807,0.8168590562688153,0.8169107943460978,0.8169625149908136,0.8170142163975477,0.817065900419847,0.817117565253411,0.817169213664043,0.8172208429344084,0.8172724530895723,0.8173240468925086,0.8173756216284446,0.8174271782343665,0.8174787176460196,0.817530238063542,0.8175817413340517,0.817633226569653,0.8176846937941624,0.8177361430313523,0.8177875743049546,0.8178389867289749,0.817890382146711,0.8179417596717887,0.8180444611381524,0.8185569019717882
1080.0,0.7961777740791738,0.7967716113618102,0.7973628211910601,0.7979514364021368,0.7985374849180217,0.7991209959986533,0.7997020012385384,0.800280527421111,0.800856603700184,0.8014302565255064,0.8020015137153697,0.8025704014403803,0.8031369472475951,0.8037011760767837,0.8042631142661112,0.8048227855982277,0.8053802152732881,0.8059354279358518,0.8064884476906263,0.8070392971488434,0.8075879993904185,0.8081345789209444,0.8086790549436395,0.8092214529133781,0.8097617939652137,0.8103000978378669,0.8107292884832492,0.8107828479726686,0.8108363866788112,0.8108899055747546,0.8109434046884217,0.8109968840476837,0.8110503427372451,0.8111037817286435,0.811157201049588,0.8112106007277364,0.8112639807906941,0.8113173412660133,0.8113706812400573,0.811424001682066,0.811477302619435,0.8115305840795054,0.811583845149742,0.8116370867978637,0.8116903090510558,0.8117435119364549,0.8117966954811424,0.8118498578357549,0.811903002780716,0.81195612659081,0.8120092311693107,0.8120623165430432,0.812115382738784,0.8121684288470022,0.8122214558312725,0.812274462782609,0.8123274515991239,0.8123804204364438,0.8124333693220033,0.8124863001518369,0.8125392101493409,0.8125921012101279,0.8126449733604677,0.8126978266265824,0.812750661034643,0.8128034747459607,0.8128562696526958,0.8129090457808714,0.8129618031564618,0.8130145408742567,0.8130672598919026,0.8131199593047256,0.8131726391394536,0.8132253003526324,0.813277942969943,0.8133305670170179,0.8133831706615962,0.8134357557883177,0.8134883224226694,0.8135408696621118,0.8135933984606423,0.8136459079162521,0.8136983980551763,0.813750869830327,0.8138033232669035,0.8138557574639568,0.8139081724475276,0.8139605691690868,0.8140129467284765,0.8140653060764501,0.814117646313377,0.8141699674650574,0.8142222704811699,0.8142745544628723,0.8143268194358217,0.8143790672716258,0.8144312952259221,0.8144835042475325,0.814535695283999,0.8145878674380518,0.8146400216565228,0.8146921570426644,0.814744273621756,0.8147963714190293,0.8148484523001402,0.814900513528605,0.8149525560500582,0.8150565869100951,0.81557563913059
1090.0,0.7928934223736764,0.7934967133729957,0.7940972752939673,0.7946951396212864,0.7952903380603803,0.7958829025374643,0.7964728631336364,0.7970602522481314,0.7976450963573997,0.7982274283953418,0.7988072754296385,0.7993846658772277,0.7999596274684165,0.8005321872688296,0.8011023727008447,0.8016702105477754,0.8022357249887001,0.802798944576451,0.8033598932960391,0.8039185945826541,0.8044750732923467,0.805029355680467,0.8055814625896671,0.8061314182535788,0.8066792463864271,0.8072249692369209,0.8076600457541386,0.8077143366101873,0.8077686076183139,0.8078228578516287,0.8078770873399415,0.8079312961130068,0.8079854851552207,0.8080396535408352,0.8080938003454132,0.808147926553177,0.8082020341002648,0.8082561192020566,0.8083101857005687,0.8083642298137903,0.8084182553809041,0.8084722595741396,0.8085262433749376,0.8085802077633268,0.8086341508660561,0.8086880736633799,0.8087419771341458,0.8087958603565729,0.8088497224101718,0.8089035642736229,0.8089573869242077,0.8090111894412695,0.8090649709054366,0.8091187322938256,0.8091724745821571,0.8092261959039626,0.8092798972351868,0.8093335795503893,0.8093872409849353,0.8094408825136071,0.8094945041645315,0.809548105965781,0.809601687000765,0.8096552491869978,0.80970879160745,0.8097623133463596,0.809815815375809,0.8098692977235479,0.8099227613599038,0.8099762034846248,0.8100296269531974,0.8100830308505251,0.8101364142627743,0.8101897781593509,0.8102431225676325,0.8102964475149458,0.810349752088551,0.8104030381960227,0.8104563039848283,0.8105095504220993,0.8105627765961851,0.8106159844118526,0.8106691720189587,0.8107223403831275,0.8107754885937984,0.8108286185529388,0.8108817284127892,0.8109348182010206,0.810987889817512,0.8110409414162842,0.811093973960339,0.8111469865410109,0.8111999801205569,0.8112529547253778,0.8113059103818213,0.811358845248411,0.8114117621540171,0.8114646601906299,0.8115175384514671,0.811570396963581,0.81162323668627,0.8116760576455331,0.8117288598673191,0.8117816424461824,0.8118344054089227,0.811887149713004,0.811939875384177,0.812045269071026,0.81257110138686
1100.0,0.7895773431182301,0.7901904037202896,0.7908006254503068,0.7914080407569265,0.7920126854377552,0.7926145922485638,0.7932137930722492,0.793810323120287,0.7944042125516785,0.7949954907300738,0.7955841903724313,0.7961703413287542,0.7967539726958347,0.7973351138601771,0.7979137924734603,0.7984900375261991,0.7990638753063556,0.7996353334687304,0.8002044390200705,0.8007712183393085,0.8013356952165404,0.8018978978136204,0.8024578487609526,0.8030155740778412,0.8035710962874607,0.8041244403163313,0.8045655630110979,0.8046206076928567,0.8046756295822126,0.8047306316150798,0.8047856109193201,0.8048405704285881,0.8048955072727512,0.8049504234169866,0.8050053188918364,0.8050601917967489,0.8051150450597514,0.8051698767805224,0.8052246869904175,0.8052794757207297,0.8053342449301985,0.8053889917576744,0.8054437181614249,0.8054984232087408,0.8055531078929615,0.8056077703199537,0.8056624134065928,0.8057170342976692,0.8057716349468854,0.8058262144232682,0.8058807737177007,0.8059353109398708,0.8059898280404557,0.8060443240896353,0.8060988000766651,0.8061532550722984,0.8062076891067957,0.8062621022103593,0.8063164953706293,0.8063708676595028,0.8064252191070049,0.8064795497431001,0.8065338605538218,0.8065881496564238,0.8066424189926047,0.8066966676359703,0.806750895616196,0.806805103917312,0.8068592906597016,0.8069134577813584,0.8069676043573079,0.8070217294638766,0.8070758359895657,0.8071299211044709,0.807183985790863,0.8072380300778979,0.8072920549460403,0.8073460585212614,0.8074000427349429,0.8074540066646482,0.8075079493892285,0.8075618728378795,0.8076157760890036,0.8076696582222899,0.807723521164753,0.8077773639956358,0.8078311867434748,0.8078849894367522,0.8079387721038946,0.8079925347732729,0.8080462774732032,0.8081000002319472,0.808153702131691,0.8082073850929568,0.8082610472521323,0.8083146905283068,0.8083683140037801,0.8084219167621173,0.8084754997762257,0.8085290640176409,0.8085826076263848,0.8086361315742132,0.8086896358887921,0.8087431205977305,0.8087965847865144,0.8088500294253739,0.8089034554831762,0.8090102472574019,0.8095430337299336
1110.0,0.7862288996163528,0.7868520609679701,0.7874722656958778,0.7880895507126292,0.7887039529978491,0.7893155063893561,0.7899242480405801,0.7905302130540429,0.7911334324240292,0.7917339404847752,0.7923317706643854,0.7929269544731823,0.7935195215548777,0.7941095048975249,0.7946969325504823,0.7952818359269854,0.795864243628158,0.7964441855718252,0.7970216869080489,0.7975967781956884,0.7981694842681151,0.7987398333476311,0.7993078510144389,0.7998735642310328,0.8004369973712939,0.8009981762116997,0.8014455111858209,0.8015013285478408,0.8015571239893231,0.8016128975433036,0.8016686482632618,0.8017243771623244,0.8017800842733225,0.8018357696290219,0.8018914322841024,0.8019470742275998,0.8020026925591195,0.8020582902441182,0.8021138663373737,0.8021694198950603,0.8022249519263973,0.8022804624636176,0.8023359505637885,0.8023914172348374,0.8024468625088014,0.8025022854436369,0.8025576870459865,0.8026130683209809,0.8026684263805254,0.8027237632036324,0.8027790788219491,0.8028343722952073,0.8028896446274939,0.8029448958502635,0.8030001250241315,0.8030553321815007,0.8031105192948207,0.8031656844548178,0.8032208276937003,0.8032759500125968,0.8033310514425184,0.8033861310461354,0.8034411888553986,0.8034962258697617,0.8035512421199832,0.8036062366699033,0.8036612105177234,0.8037161627278651,0.8037710933318986,0.8038260042922271,0.8038808927428959,0.8039357606458314,0.8039906080313004,0.8040454330014225,0.8041002384795234,0.8041550216046074,0.8042097843347831,0.8042645267000132,0.8043192468056085,0.8043739475693463,0.8044286261351622,0.8044832844573729,0.8045379216047338,0.8045925385684478,0.8046471334576334,0.8047017091834524,0.8047562638552499,0.8048107975034285,0.8048653101583302,0.8049198018502373,0.8049742735675159,0.8050287243814969,0.805083154322283,0.8051375634199179,0.8051919526611595,0.805246321118474,0.8053006697778187,0.8053549967564803,0.8054093039960459,0.8054635905701172,0.8055178565083254,0.8055721018402453,0.8056263275494389,0.8056805317569286,0.8057347163998712,0.8057888805535603,0.8058430242472807,0.8059512513236818,0.8064911727621203
1120.0,0.7828474119655968,0.7834810235570674,0.7841115551974202,0.7847390453183798,0.7853635334580092,0.7859850569728664,0.7866036543262785,0.7872193607633287,0.7878322148092428,0.788442248612705,0.7890494987030691,0.7896539995664777,0.7902557826499667,0.7908548816727108,0.7914513284191298,0.7920451548678668,0.7926363921659013,0.7932250696284094,0.7938112168379867,0.794394864670649,0.7949760412134507,0.795554773855923,0.7961310913301323,0.7967050206791996,0.7972765892998126,0.7978458219529191,0.7982995446492595,0.7983561577336897,0.79841274677833,0.7984693128121317,0.7985258568624368,0.7985823779717384,0.7986388751839807,0.7986953505171495,0.7987518040051428,0.7988082337015839,0.7988646406322315,0.7989210258212511,0.7989773873243253,0.7990337271544414,0.7990900443568603,0.7991463379782828,0.7992026100292121,0.7992588595558271,0.7993150865924464,0.7993712911733157,0.79942747333261,0.799483632118855,0.7995397695376147,0.7995958856217292,0.7996519774505995,0.7997080480125376,0.7997640963564663,0.7998201225160674,0.7998761255419832,0.7999321074340662,0.7999880662602217,0.8000440040186796,0.8000999187786897,0.8001558115557441,0.8002116833637909,0.80026753227409,0.8003233583208078,0.8003791634973306,0.8004349468562013,0.8004907074513664,0.8005464462952591,0.8006021634206008,0.8006578588600461,0.8007135326461812,0.8007691838344425,0.800824813435097,0.8008804214805313,0.800936008003066,0.8009915720593236,0.8010471156331178,0.80110263680567,0.8011581356101223,0.8012136130537336,0.8012690701422522,0.8013245039860656,0.8013799175384395,0.8014353088845375,0.8014906780571015,0.8015460270328604,0.8016013538989378,0.8016566586878792,0.8017119433740705,0.8017672060465895,0.8018224467377874,0.801877667419714,0.8019328661833977,0.8019880430609946,0.8020431990534114,0.802098333223147,0.8021534465702719,0.8022085391256217,0.8022636099525672,0.8023186600499281,0.8023736884816561,0.8024286962457381,0.8024836824067056,0.8025386479617165,0.8025935919758799,0.8026485154455266,0.8027034174363434,0.8027582989438367,0.8028679977387796,0.8034152432067865
1130.0,0.7794321613580416,0.7800765943475226,0.7807178142730271,0.7813558647300102,0.7819907858963089,0.782622619006588,0.7832514041239906,0.7838771790716006,0.7844999838291671,0.7851198561605911,0.7857368327469517,0.7863509492190175,0.7869622412571703,0.7875707446013264,0.788176491890169,0.7887795180047832,0.7893798547927534,0.7899775353208689,0.790572589705662,0.7911650513969385,0.7917549488769491,0.7923423129586034,0.7929271726607817,0.793509557291216,0.7940894944231806,0.7946670119588212,0.7951273038796525,0.7951847331242755,0.7952421391367712,0.7952995209486918,0.7953568796028121,0.7954142151357783,0.795471526580092,0.7955288139734275,0.7955860783566537,0.795643318763218,0.7957005362330399,0.7957577308022905,0.7958149005036631,0.7958720483794538,0.7959291714616732,0.7959862727901078,0.7960433493989628,0.7961004033257764,0.7961574346061757,0.7962144412777852,0.7962714253755637,0.7963283869349115,0.7963853239955528,0.7964422395872942,0.7964991307530728,0.7965559995235795,0.7966128449375828,0.796669668027052,0.7967264678313749,0.7967832443865038,0.7968399977283139,0.7968967288869293,0.796953435909036,0.7970101208185519,0.7970667826567231,0.7971234224518439,0.7971800392457769,0.7972366330738718,0.7972932039714036,0.7973497519735723,0.7974062781063975,0.7974627804227657,0.7975192609390637,0.7975757186993031,0.7976321537383197,0.7976885660908718,0.7977449557916467,0.7978013238635058,0.7978576683641208,0.7979139913040801,0.7979702917295349,0.7980265686880669,0.7980828251741684,0.7981390572757876,0.7981952679861516,0.79825145635293,0.7983076224100932,0.79836376619154,0.7984198877311006,0.7984759870625326,0.7985320642195249,0.7985881182526726,0.7986441521445931,0.7987001629796983,0.7987561507925046,0.7988121175805507,0.7988680614136465,0.7989239842877187,0.798979884273912,0.7990357633665436,0.799091619638092,0.7991474541019279,0.7992032667909105,0.7992590577378319,0.7993148259971695,0.7993705735584392,0.7994262984980997,0.7994820018269198,0.7995376835773539,0.799593343781791,0.7996489814964834,0.7997601934913084,0.8003149560760325
1140.0,0.7759823845163465,0.7766380319150035,0.7772903245627684,0.7779393093505239,0.7785850307604241,0.7792275320174472,0.7798668550999299,0.7805030429724604,0.7811361351424153,0.781766174325421,0.7823931987232802,0.7830172453967964,0.7836383557113219,0.7842565655511939,0.7848719097465773,0.7854844242453213,0.7860941461017203,0.786701108175217,0.7873053445054515,0.7879068871537565,0.7885057693939462,0.7891020225798449,0.7896956782709985,0.7902867661781723,0.7908753172955206,0.7914613608164532,0.7919284101524732,0.7919866804264877,0.7920449262187973,0.7921031465505187,0.7921613445165506,0.7922195160832545,0.7922776643441184,0.7923357883203188,0.7923938870345898,0.792451961543222,0.7925100118851869,0.792568038099369,0.7926260402245675,0.7926840182994956,0.7927419723627815,0.7927999014394095,0.7928578065822071,0.7929156878295454,0.7929735452197118,0.7930313777789729,0.7930891865581915,0.7931469715954029,0.7932047329285568,0.7932624705955226,0.7933201826142378,0.7933778730629002,0.7934355379402382,0.793493179303634,0.7935507971905397,0.7936083916383282,0.7936659616767668,0.7937235083513849,0.7937810306925835,0.7938385297449297,0.7938960055453899,0.7939534571253115,0.7940108855278291,0.7940682897849215,0.7941256709387678,0.7941830290259329,0.7942403630793405,0.7942976741397456,0.7943549612407018,0.7944122244196333,0.7944694647158782,0.794526682165525,0.7945838758033806,0.7946410456665524,0.794698193792921,0.794755317216986,0.7948124179760816,0.7948694961058337,0.7949265496440476,0.794983580625491,0.7950405890855579,0.7950975740618574,0.795154535590793,0.7952114747056263,0.7952683904448977,0.7953252828447779,0.7953821529371438,0.7954389997614629,0.7954958243486919,0.7955526247442831,0.7956094029736751,0.7956661580775658,0.7957228910850807,0.7957796010375344,0.7958362879704166,0.7958929519191408,0.79594959391101,0.7960062119969807,0.796062809186998,0.7961193825414247,0.7961759330868876,0.7962324618484262,0.7962889678701104,0.796345450197444,0.7964019108441879,0.7964583498438891,0.7965147652536443,0.796627529395629,0.7971900115936958
1150.0,0.7724972700228843,0.7731645480253356,0.7738283211753278,0.7744886376647839,0.7751455478128468,0.7757990960072129,0.7764493287392498,0.7770962911472823,0.7777400259115623,0.7783805788757823,0.7790179900905901,0.7796523005758547,0.7802835533992363,0.780911785980885,0.7815370389424602,0.7821593495449494,0.7827787539365482,0.7833952904132742,0.784008994043004,0.78461989994566,0.7852280422490222,0.7858334551812137,0.7864361720342189,0.7870362241537033,0.7876336451596266,0.7882284646913197,0.7887024690753798,0.7887616037577946,0.7888207146986398,0.7888797988418169,0.7889388582943802,0.7889978920662809,0.7890569012306177,0.7891158837676652,0.7891748428105829,0.7892337753103935,0.7892926833684468,0.7893515659966814,0.7894104232368536,0.7894692561584176,0.7895280627469308,0.7895868450990289,0.7896456022282975,0.7897043352021272,0.7897630420090785,0.7898217237167752,0.7898803813910655,0.7899390140471793,0.7899976217259377,0.7900562044680688,0.790114763337382,0.7901732963276605,0.7902318055252873,0.7902902889255312,0.7903487486129286,0.7904071836053235,0.7904655929221284,0.7905239786451214,0.7905823397931216,0.7906406753865134,0.7906989875043252,0.7907572751663519,0.7908155373939451,0.7908737762633984,0.7909319907954777,0.7909901800125018,0.7910483459880403,0.7911064867276688,0.791164604303148,0.7912226967215135,0.7912807650377863,0.7913388092907384,0.7913968295190598,0.7914548247476341,0.7915127970428216,0.7915707444160225,0.7916286679193022,0.7916865675909225,0.7917444434690631,0.791802295591819,0.7918601229863051,0.7919179267021486,0.7919757067771923,0.7920334632491968,0.7920911951465477,0.7921489035169318,0.7922065873893676,0.7922642488186726,0.7923218858256034,0.7923794994559231,0.7924370887399089,0.7924946557288736,0.7925521974403124,0.7926097169306942,0.7926672122250494,0.7927246833613427,0.7927821323865254,0.7928395563236152,0.7928969582227542,0.7929543361125166,0.7930116900304611,0.7930690220192075,0.7931263291072674,0.7931836133367088,0.7932408747435985,0.7932981133639253,0.7933553272323596,0.7934696868651943,0.7940400983267669
1160.0,0.768975959231443,0.7696553073714109,0.7703309912035975,0.7710030615963648,0.7716715715896152,0.7723365693363944,0.7729981039248633,0.773656225309882,0.7743109785677096,0.7749624107880831,0.7756105676272582,0.7762554933342161,0.7768972307818397,0.7775358226120651,0.7781713112474389,0.7788037367071488,0.7794331388648095,0.7800595574663548,0.7806830299808931,0.7813035938286175,0.7819212853253406,0.7825361418645059,0.7831481976521569,0.7837574859153257,0.7843640431624245,0.784967900721151,0.7854490660034933,0.7855090921813218,0.7855690921907486,0.7856290660763907,0.7856890138827608,0.785748934609138,0.7858088293458387,0.7858686970928177,0.785928539983086,0.7859883559725924,0.7860481461494547,0.7861079105574499,0.786167648198219,0.7862273601582435,0.786287046480989,0.7863467061691056,0.7864063403074459,0.7864659478993307,0.7865255310679303,0.7865850867379989,0.7866446180705925,0.7867041219928818,0.7867636016631047,0.7868230550480634,0.7868824821915161,0.7869418841734738,0.7870012600002683,0.7870606107508467,0.7871199354322054,0.7871792361568595,0.7872385098627818,0.787297757628089,0.7873569815624191,0.7874161796402327,0.787475350871808,0.7875344983972604,0.7875936201933313,0.7876527163024901,0.787711786767108,0.7877708326598103,0.7878298529915733,0.7878888488339821,0.7879478191986728,0.7880067641275352,0.7880656836623676,0.7881245788726813,0.7881834487714281,0.7882422944270899,0.7883011138267253,0.7883599080390501,0.7884186781310047,0.7884774231171783,0.7885361440634902,0.7885948399851849,0.7886535098990856,0.7887121558944558,0.7887707769875173,0.7888293732188568,0.788887944628969,0.7889464922802173,0.7890050141685815,0.7890635123777903,0.7891219849052986,0.7891804338330018,0.7892388581797218,0.7892972579853241,0.7893556332895838,0.7894139841321881,0.7894723105527361,0.7895306125907385,0.7895888892681828,0.7896471426596812,0.7897053717866371,0.7897635766882123,0.789821756387674,0.7898799129560243,0.789938045415954,0.7899961527916877,0.7900542371515339,0.790112296505366,0.7901703319063257,0.7902863310034283,0.7908648912186254
1170.0,0.7654175355181149,0.7661094203372039,0.7667974722911575,0.767481743921498,0.7681622900541664,0.7688391641174477,0.7695124181001177,0.7701821048484385,0.7708482733640538,0.7715109734636552,0.7721702545812762,0.7728261634786137,0.7734787488299661,0.7741280532773137,0.774774123673786,0.7754170020557031,0.7760567324330943,0.7766933552275787,0.7773269139740268,0.7779574454095285,0.7785849905498714,0.7792095870157377,0.7798312723705008,0.7804500841415637,0.7810660566303176,0.7816792273963807,0.782167768482465,0.7822287118948774,0.7822896287176295,0.7823505179371624,0.7824113796015841,0.7824722148183538,0.782533021515946,0.7825938018605881,0.7826545548404522,0.7827152805030599,0.7827759788958161,0.7828366511227132,0.7828972961733052,0.7829579130388633,0.7830185038783662,0.7830790676823989,0.7831396044976776,0.7832001143708073,0.7832605973482778,0.7833210534764665,0.7833814828016391,0.7834418853699494,0.7835022622791374,0.7835626114712875,0.7836229329935765,0.7836832289937529,0.7837434995160678,0.7838037414563291,0.7838639580096017,0.7839241481712654,0.7839843109383854,0.7840444484526684,0.7841045586633077,0.7841646426632469,0.7842247004972211,0.7842847322098586,0.7843447378456831,0.7844047164041256,0.7844646689753698,0.7845245956036225,0.7845844963329852,0.7846443712074548,0.7847042192281466,0.7847640414825106,0.7848238369723318,0.7848836078254341,0.7849433520019349,0.785003070587113,0.7850627625840954,0.7851224290770791,0.7851820701091378,0.7852416846844014,0.7853012738854538,0.785360837755067,0.7854203752983709,0.785479886559238,0.7855393736547882,0.7855988345536108,0.7856582692992763,0.7857176789706343,0.785777062574811,0.7858364211895982,0.7858957538227844,0.785955062584772,0.7860143444162522,0.7860736014270046,0.7861328326261402,0.7861920390882956,0.7862512198232439,0.7863103748734684,0.7863695053120405,0.7864286101497184,0.7864876904585342,0.7865467452499046,0.7866057755948244,0.7866647805053674,0.7867237600233495,0.7867827141904882,0.7868416430484086,0.7869005486924135,0.786959428082021,0.7870771123708712,0.7876640494508562
1180.0,0.7618210275924359,0.7625259476063065,0.7632268513665719,0.7639237980864484,0.7646168433111752,0.765306046067058,0.7659914603337914,0.7666731433632916,0.7673511472812636,0.7680255273446985,0.7686963336644658,0.7693636182422596,0.7700274325896775,0.7706878231418081,0.7713448393495653,0.7719985279326272,0.7726489340783801,0.773296104854131,0.773940080239972,0.7745809055403627,0.7752186224264261,0.7758532712442446,0.7764848932584806,0.7771135262911067,0.7777392080796647,0.7783619773816934,0.778858121334663,0.7789200106551704,0.7789818718220671,0.7790437048861096,0.779105508823206,0.7791672847595318,0.7792290327454506,0.7792907517579266,0.7793524429212991,0.7794141052132324,0.7794757397568489,0.7795373466018699,0.7795989257978926,0.7796604763239843,0.7797219993008462,0.7797834937082446,0.7798449606656772,0.7799063980851048,0.7799678092223074,0.7800291930570288,0.7800905475036946,0.7801518747468431,0.7802131748348274,0.7802744467502049,0.7803356916077034,0.7803969083905753,0.7804580971480966,0.780519258993223,0.7805803929102494,0.7806415000109571,0.7807025782179309,0.7807636297051159,0.7808246545196674,0.780885650586603,0.780946621137272,0.7810075630368324,0.7810684784539974,0.7811293653170145,0.7811902257925141,0.7812510599268402,0.7813118656506538,0.7813726451274774,0.7814333973464458,0.7814941223548202,0.7815548201997492,0.7816154919837649,0.7816761356423325,0.7817367533328016,0.7817973440463669,0.781857907829609,0.7819184447289969,0.7819789547908862,0.782039438061523,0.7820998945870397,0.7821603244134595,0.782220728637667,0.7822811052030703,0.7823414552067843,0.7824017786943923,0.7824620757113689,0.7825223463030804,0.7825825905147842,0.782642808391631,0.782702999978664,0.7827631653208186,0.7828233034164186,0.7828834164036432,0.782943502234539,0.7830035620001237,0.7830635957448021,0.7831236035128745,0.7831835853485374,0.7832435402524685,0.7833034703559256,0.7833633736164024,0.7834232500789954,0.7834831018720186,0.7835429269552875,0.7836027274551602,0.783662500292645,0.7837222486333756,0.783841665757642,0.7844372161917225
1190.0,0.7581854049939172,0.7589038846253814,0.7596181550275957,0.7603282785407782,0.7610343139343477,0.761736324863014,0.7624343686975987,0.763128504992294,0.7638187917242318,0.764505285242417,0.765188043780055,0.7658671191078212,0.7665425660141122,0.7672144398594819,0.7678827872778031,0.76854766250441,0.769209113428326,0.7698671885915876,0.7705219337776124,0.7711733966040369,0.7718216208803054,0.7724666500712997,0.7731085273269415,0.7737472966192894,0.7743829950392175,0.7750156661350317,0.7755196478546745,0.7755825116398785,0.7756453466953028,0.7757081508936139,0.7757709275611236,0.7758336734812605,0.7758963908880817,0.7759590776576929,0.7760217360218558,0.7760843649458389,0.7761469644837186,0.7762095346894274,0.7762720767027134,0.776334588404813,0.7763970709356891,0.7764595254331784,0.7765219508650493,0.7765843462009083,0.7766467125781742,0.7767090511321554,0.7767713608320441,0.7768336406488615,0.7768958917175051,0.7769581151707733,0.7770203088992332,0.7770824740359016,0.7771446117117103,0.7772067187411648,0.7772687984130746,0.7773308496998256,0.7773928715756121,0.7774548651697284,0.7775168316093984,0.7775787677170617,0.7776406767720105,0.7777025577487511,0.7777644096235893,0.7778262335221343,0.7778880284213917,0.7779497965185538,0.7780115357175681,0.7780732460697692,0.7781349297690995,0.7781965847219906,0.778258212049812,0.7783198107320168,0.7783813818887696,0.7784429245002236,0.7785044396853433,0.7785659264249793,0.7786273869044849,0.7786888179697716,0.7787502228721177,0.7788115984600118,0.7788729469159649,0.778934268288147,0.7789955615598403,0.7790568278446773,0.7791180661266356,0.7791792764548037,0.7792404599410555,0.7793016155704057,0.7793627444535604,0.7794238455762268,0.779484918986896,0.7795459657945327,0.7796069849858769,0.7796679766090685,0.7797289417713364,0.7797898794604577,0.7798507897242191,0.7799116726102938,0.779972529223614,0.7800333585533309,0.7800941606467711,0.7801549355511477,0.7802156843691131,0.7802764060911899,0.7803371007642502,0.7803977684350555,0.780458409150252,0.7805796109526867,0.781184021458087
1200.0,0.7545095776298907,0.75524217163064,0.7559703520574761,0.7566941843104221,0.7574137316325097,0.7581290599300415,0.7588402301262621,0.7595473054825413,0.7602503477319048,0.7609494194109799,0.7616445777129256,0.7623358841078794,0.7630233946337258,0.7637071670783285,0.7643872561797652,0.7650637160133907,0.7657365999864627,0.7664059585283902,0.767071844921753,0.7677343060687642,0.768393390642392,0.7690491456549196,0.7697016187758146,0.7703508516013897,0.7709968910017478,0.7716397778994832,0.7721518466534361,0.7722157156136042,0.7722795551863662,0.7723433632160742,0.7724071408681275,0.7724708882005182,0.7725346041664548,0.772598289929276,0.7726619455464907,0.772725569972392,0.7727891643682714,0.7728527298931824,0.7729162632979408,0.7729797668443451,0.7730432405889581,0.7731066834882371,0.7731700955999814,0.7732334791796805,0.7732968320849193,0.7733601543730316,0.7734234471985793,0.7734867095201785,0.7735499424910611,0.7736131450705629,0.7736763184105921,0.773739461471203,0.7738025754029855,0.7738656580728913,0.773928712818344,0.7739917364136994,0.7740547311007444,0.7741176969334839,0.7741806317831853,0.774243537888169,0.7743064142117136,0.7743692618985419,0.7744320788233594,0.7744948672198889,0.7745576260528393,0.7746203564643593,0.774683056332578,0.7747457278866544,0.7748083700927265,0.7748709819187746,0.7749335666758687,0.7749961211600948,0.7750586465106274,0.7751211438645284,0.7751836121900716,0.7752460504573625,0.7753084598030485,0.7753708413616768,0.7754331941029421,0.775495518079253,0.775557812262479,0.775620077786137,0.7756823157816597,0.7757445252205145,0.7758067050759808,0.7758688564790923,0.7759309794813204,0.7759930741340065,0.7760551404883599,0.7761171785954607,0.7761791874306945,0.7762411691964888,0.7763031217928881,0.7763650463460168,0.7764269429063088,0.7764888104509019,0.7765506511767899,0.776612462988165,0.7766742470081219,0.7767360022151966,0.7767977297312776,0.776859429605915,0.7769211018885344,0.7769827455590675,0.7770443617370079,0.7771059494029844,0.7771675096752977,0.7772905471670373,0.7779040756390905
1210.0,0.7507923908556302,0.7515396861928335,0.7522823518018485,0.7530204572380467,0.7537540663244254,0.7544832497123374,0.7552080731735071,0.75592860377164,0.7566449046826369,0.7573570425222927,0.7580650821997138,0.7587690844033698,0.759469114073833,0.7601652293683177,0.7608574913401049,0.761545957853572,0.7622306859926034,0.7629117308750134,0.7635891480261972,0.7642629898696534,0.7649333081245556,0.7656001526810653,0.7662635750989846,0.7669236217465044,0.7675803407593987,0.768233776381049,0.7687541915732488,0.7688190987669862,0.7688839735787791,0.768948817194648,0.7690136285544594,0.7690784088427749,0.7691431558793972,0.7692078730895743,0.7692725571735879,0.7693372104338947,0.7694018306939355,0.7694664202536367,0.7695309780557925,0.7695955052791869,0.7696599997508838,0.7697244637657796,0.7697888951527447,0.769853296204172,0.7699176658650494,0.7699820041961141,0.7700463101446863,0.7701105871108989,0.7701748318152392,0.7702390454310081,0.7703032280180929,0.7703673796362106,0.770431500344913,0.7704955890940565,0.7705596481624437,0.7706236764990715,0.7706876730548812,0.7707516401050191,0.770815575492676,0.7708794803841978,0.7709433548378208,0.7710071978062929,0.7710710115587063,0.7711347939426814,0.7711985461211422,0.7712622681515241,0.7713259589883811,0.7713896197925983,0.7714532517228331,0.7715168515308176,0.771580421477624,0.7716439616197515,0.7717074709139129,0.7717709505169601,0.7718344004849321,0.7718978197756223,0.7719612084463008,0.7720245687482291,0.7720878985421852,0.7721511978849824,0.772214467928828,0.7722777076336714,0.7723409181504031,0.7724040984396893,0.7724672485575927,0.7725303696530432,0.7725934617802929,0.7726565239014411,0.772719556071962,0.7727825583471816,0.7728455318727856,0.772908476702309,0.7729713907101334,0.7730342761305197,0.7730971319280683,0.7731599581572431,0.7732227559598799,0.7732855243016497,0.7733482632365926,0.7734109728186078,0.7734736541869894,0.7735363063088351,0.7735989281530746,0.7736615219426459,0.7737240866457116,0.7737866223153393,0.7738491290044619,0.7739740567338462,0.7745969743378822
1220.0,0.7470326274068503,0.7477952396669032,0.7485529992386256,0.7493059716855671,0.7500542276056152,0.7507978383687257,0.7515368732944742,0.7522714020142063,0.7530014954927181,0.7537272207636098,0.7544486470794818,0.7551658431949102,0.7558788735377466,0.7565878018728358,0.7572926960722075,0.7579936170257118,0.7586906235749986,0.7593837796864493,0.7600731423818223,0.7607587678144667,0.7614407124547079,0.7621190330784049,0.7627937786213534,0.7634650042869295,0.7641327587376978,0.7647970934525061,0.7653261292898138,0.7653921069188719,0.7654580535651507,0.7655239647360785,0.7655898450571912,0.765655690040089,0.7657215031678243,0.7657872833686695,0.7658530295729751,0.7659187429847578,0.7659844236703334,0.766050071695817,0.766115687127128,0.766181270029989,0.7662468182039729,0.766312336247444,0.7663778196947529,0.7664432708767931,0.7665086898583134,0.7665740767038709,0.7666394303482135,0.7667047519862499,0.7667700405534604,0.766835297243259,0.7669005221192541,0.766965712991182,0.7670308733044671,0.7670960008690246,0.7671610968745612,0.7672261602591208,0.7672911910868503,0.7673561905452515,0.7674211586964581,0.7674860933575312,0.7675509968373219,0.7676158691974235,0.7676807093784406,0.7677455174432418,0.7678102934545166,0.7678750385939597,0.7679397518036367,0.7680044331457019,0.7680690837996998,0.768133702708791,0.7681982899346057,0.7682628455385984,0.7683273695820503,0.7683918632409491,0.7684563243459357,0.768520755187002,0.7685851547098635,0.7686495229749455,0.7687138600425043,0.7687781659726286,0.7688424408252371,0.768906684660084,0.7689708975367567,0.7690350795146751,0.7690992306530974,0.7691633521196346,0.7692274417556529,0.7692914996214928,0.7693555279912248,0.7694195258152974,0.7694834920460909,0.7695474278486737,0.7696113343858706,0.7696752095052423,0.7697390543698175,0.7698028679337806,0.7698666524615918,0.7699304058043347,0.7699941291223349,0.7700578224724594,0.770121484810694,0.7701851172953526,0.770248719982841,0.7703122918302245,0.7703758339938175,0.770439346529571,0.7705028283956296,0.7706297036371441,0.7712622894273331
1230.0,0.7432290047923052,0.7440075860869027,0.7447810756273212,0.7455495424358451,0.7463130596932767,0.7470717004388372,0.7478255373238129,0.7485746449483137,0.7493190944024757,0.7500589595057376,0.7507943126789638,0.7515252260279736,0.752251768649746,0.7529740115240313,0.7536920235909912,0.7544058716803119,0.755115620463427,0.7558213372885721,0.7565230823676271,0.7572209209436391,0.7579149087757697,0.7586051090185543,0.7592915754648429,0.759974365733339,0.760653534162073,0.7613291330779645,0.7618670766726408,0.7619341630594743,0.7620012140317157,0.7620682308201248,0.7621352134968689,0.7622021598231529,0.7622690733385872,0.7623359518045164,0.7624027952939889,0.762469606185806,0.7625363810918091,0.762603121237951,0.7626698278475946,0.7627365009908917,0.7628031395877343,0.7628697448590567,0.7629363145766226,0.7630028511097945,0.7630693533799394,0.7631358226047769,0.7632022565598799,0.7632686576090684,0.7633350246751863,0.7634013589727662,0.7634676582811794,0.7635339238151141,0.7636001567867338,0.7636663561207264,0.7637325218857817,0.7637986541503814,0.7638647529827987,0.7639308184511021,0.7639968506231531,0.7640628495666093,0.7641288164873972,0.764194749175254,0.7642606488362704,0.7643265155372964,0.7643923482087778,0.7644581491901336,0.764523917410847,0.7645896518024654,0.7646553535664801,0.7647210239019345,0.7647866594741451,0.7648522637485344,0.7649178356567994,0.7649833741326838,0.7650488803731442,0.7651143533126564,0.7651797941466779,0.765245202939334,0.7653105797545632,0.7653759235283046,0.7654412354530421,0.7655065144654474,0.7655717617565241,0.7656369762636752,0.7657021591764338,0.7657673105574438,0.765832429345207,0.7658975167270623,0.7659625716422434,0.7660275941543104,0.7660925854484205,0.7661575444649045,0.7662224723874748,0.7662873681571934,0.7663522329563343,0.766417065726692,0.7664818654120441,0.7665466354301212,0.7666113736047424,0.7666760799976936,0.7667407546705871,0.7668053988007113,0.7668700102171025,0.7669345912120191,0.7669991418447879,0.7670636599471408,0.7671281478076287,0.7672570285896673,0.7678995781840462
1240.0,0.7393801809224655,0.7401754107077968,0.7409652985690547,0.7417499194513896,0.7425293473656736,0.7433036539179049,0.7440729174564004,0.7448372133651538,0.7455966165095,0.7463512061739236,0.7471010566031941,0.7478462446006108,0.7485868453744573,0.749322931095471,0.7500545770822379,0.7507818552688665,0.7515048378847121,0.7522235911344886,0.7529381863302826,0.753648687439621,0.7543551597373875,0.7550576685148513,0.7557562742466186,0.7564510374888679,0.7571420153119927,0.757829268493613,0.7583764225840232,0.7584446544106008,0.758512848510965,0.7585810073155614,0.7586491285540143,0.758717214653746,0.7587852656916477,0.7588532794003242,0.7589212570312918,0.7589891998333265,0.7590571067121583,0.7591249765757466,0.7591928118410318,0.7592606114148542,0.759328375373962,0.7593961037948573,0.759463796753793,0.7595314543267804,0.7595990765895846,0.7596666636177283,0.7597342143224717,0.7598017311075034,0.75986921172019,0.7599366573991099,0.760004068218585,0.7600714442526999,0.760138784414918,0.7602060911002295,0.7602733620618448,0.7603405985332972,0.7604077994295196,0.7604749659823787,0.7605420982643287,0.7606091951914061,0.7606762579929935,0.7607432867408601,0.7608102803521484,0.7608772400537731,0.76094416476361,0.7610110557069403,0.7610779118023746,0.761144734273568,0.7612115220398681,0.7612782763233091,0.7613449960439767,0.7614116824222943,0.761478334379084,0.7615449519852271,0.7616115353113864,0.7616780855747862,0.7617446016977198,0.7618110837502072,0.7618775329470915,0.7619439482117734,0.7620103296136367,0.7620766772218556,0.7621429922481273,0.762209272475168,0.7622755202564186,0.7623417345174915,0.7624079153265244,0.7624740627514525,0.7625401768600056,0.7626062577197118,0.7626723065360612,0.7627383210992834,0.7628043026150368,0.7628702522865124,0.7629361667708426,0.763002050679094,0.7630679006696983,0.7631337179444975,0.7631995014355851,0.7632652534763803,0.7633309729980292,0.763396658933727,0.7634623124815425,0.7635279337062626,0.7635935226724847,0.7636590783148696,0.7637246018284983,0.7638555527254419,0.7645083741313871
1250.0,0.7354847458533825,0.7362973353344506,0.7371043252122873,0.7379057922530731,0.7387018082780744,0.7394924512180566,0.7402777966443421,0.7410579257147039,0.7418329167232603,0.742602847571777,0.743367799437314,0.7441278524441729,0.7448830854105726,0.7456335781972773,0.7463794075736024,0.7471206509055932,0.7478573833993608,0.7485896817622274,0.7493176177526627,0.7500412631741842,0.7507606873008128,0.7514759593287814,0.7521871458791185,0.7528943122474364,0.7535975212130924,0.7542968367044249,0.7548535226624556,0.7549229373547349,0.7549923154169277,0.7550616533533053,0.7551309560228596,0.7552002187394614,0.7552694451651427,0.7553386341918601,0.7554077847138945,0.755476899195409,0.755545975340929,0.755615014423564,0.7556840165263052,0.7557529805452662,0.7558219089367296,0.7558907994102964,0.7559596532344504,0.75602846930677,0.7560972488939046,0.7561659920769186,0.7562346965723726,0.7563033660090503,0.7563719992844536,0.7564405941181507,0.7565091529528195,0.7565776758679131,0.7566461629426222,0.7567146119005121,0.7567830251781343,0.7568514016774668,0.7569197426543373,0.7569880481866326,0.7570563160028875,0.7571245485320711,0.757192744678002,0.7572609045194105,0.7573290281347719,0.7573971179451844,0.7574651705124383,0.7575331859161049,0.7576011677442558,0.7576691125634937,0.7577370227893403,0.7578048961611826,0.757872735091588,0.7579405384884235,0.758008306427667,0.7580760389850537,0.758143735071385,0.7582113970918978,0.7582790227928287,0.7583466145765038,0.7584141713533752,0.7584816920360764,0.7585491778615342,0.7586166300640281,0.758684046395632,0.7587514269315064,0.7588187740638861,0.7588860855477518,0.7589533626150234,0.7590206041812695,0.7590878126330274,0.7591549857291395,0.7592221246982289,0.759289228457336,0.7593562982334443,0.7594233329443302,0.7594903349680694,0.7595573020692747,0.7596242343201378,0.759691131792626,0.7597579968592338,0.759824827288402,0.7598916231514439,0.7599583845194534,0.7600251126113481,0.7600918074960468,0.7601584680953778,0.76022509447958,0.7602916878643988,0.7604247724743001,0.7610881873602002
1260.0,0.7315412223281959,0.7323719177027694,0.7331967455951641,0.7340157794447671,0.7348290987666608,0.7356367793990345,0.7364388992231721,0.7372355393874827,0.7380267813000656,0.7388127077379139,0.7395933998365765,0.7403689435065658,0.7411394196896578,0.7419049134167759,0.7426655055335686,0.7434212803377107,0.7441723187608055,0.7449186969614503,0.7456604964482617,0.7463977948816748,0.7471306660437647,0.747859183581345,0.7485834209132392,0.7493034474622005,0.7500193311764389,0.7507311397616416,0.7512976960244018,0.7513683367625437,0.7514389382486774,0.7515094993627496,0.7515800214105083,0.7516505044836286,0.7517209486734684,0.7517913528614361,0.7518617171403016,0.7519320440190542,0.7520023311705634,0.7520725786866457,0.7521427878650337,0.7522129575893218,0.7522830891552627,0.7523531826513894,0.7524232369623945,0.7524932521782145,0.7525632283884773,0.752633166884026,0.7527030665510103,0.7527729286783276,0.7528427521528589,0.7529125370627049,0.7529822834956666,0.7530519927367764,0.7531216636743748,0.7531912963953654,0.7532608909863531,0.7533304475336481,0.7533999661232648,0.7534694468409255,0.7535388897720597,0.7536082950018054,0.7536776626150128,0.7537469938872184,0.7538162865200957,0.7538855417892599,0.7539547597784155,0.7540239405709849,0.7540930842501091,0.7541621897115519,0.754231259412728,0.7543002910623922,0.7543692859296628,0.7544382429117602,0.7545071644598557,0.7545760482867304,0.7546448956578422,0.7547137054718692,0.7547824801737945,0.7548512162997032,0.754919916293404,0.754988580234482,0.755057208202259,0.7551257979194191,0.7551943530012093,0.7552628699934836,0.7553313525071961,0.7553997982671226,0.7554682073528963,0.7555365798438917,0.7556049181668459,0.7556732188773151,0.7557414832283346,0.755809712470202,0.7558779055078212,0.7559460635897499,0.7560141844515267,0.7560822705113109,0.7561503206754782,0.7562183361891298,0.7562863147917329,0.756354258895547,0.7564221662419949,0.7564900392404049,0.7565578767993655,0.7566256778296541,0.7566934447362282,0.7567611764287803,0.7568288729819795,0.7569641609678044,0.7576385060546252
1270.0,0.7275480673505593,0.7283976484372756,0.7292410824029714,0.7300784435809383,0.7309098130802992,0.7317352649300232,0.7325548808399414,0.7333687458737486,0.734176938604512,0.7349795450351155,0.7357766526416077,0.7365683459745855,0.7373547105045,0.7381358362789406,0.7389118094429578,0.7396827160090137,0.7404486428590261,0.7412096722056774,0.7419658931391735,0.7427173831454353,0.7434642261776391,0.7442065008362412,0.7449442854435042,0.7456776541694671,0.7464066833079666,0.7471314437067277,0.7477082253526296,0.7477801366284605,0.7478520058198755,0.7479238342613334,0.7479956195891012,0.7480673655994886,0.7481390699287706,0.7482107326775991,0.7482823564038181,0.7483539375188939,0.7484254785792507,0.7484969784553477,0.7485684372460648,0.7486398562751481,0.7487112344141442,0.7487825717608865,0.7488538684128607,0.7489251256895979,0.748996342464095,0.7490675176118188,0.7491386536715546,0.7492097495173854,0.7492808052447409,0.7493518209487142,0.7494227967240611,0.7494937338820024,0.7495646300823271,0.7496354854208656,0.7497063024225649,0.7497770799644075,0.7498478169258042,0.7499185158265778,0.7499891743328209,0.7500597937496637,0.7501303741685652,0.7502009144707327,0.7502714159582704,0.7503418787216726,0.7504123016432241,0.7504826872292416,0.7505530331541647,0.7506233383033882,0.7506936063854341,0.7507638362823672,0.750834026878636,0.7509041782642373,0.7509742917313585,0.751044366165529,0.751114402856984,0.7511843994914716,0.751254359758957,0.7513242813452499,0.7513941643381918,0.7514640088253249,0.7515338148938866,0.751603583827353,0.7516733145145119,0.751743008236931,0.7518126626895617,0.751882279154036,0.7519518589090759,0.7520214008452878,0.7520909050475555,0.7521603704091651,0.7522297993976863,0.7522991909051828,0.7523685450153909,0.7524378618117614,0.7525071401893916,0.7525763826079628,0.7526455879613682,0.7527147563319397,0.7527838854307162,0.752852980082793,0.7529220356289156,0.7529910568885229,0.7530600392069191,0.7531289850332581,0.7531978944479601,0.7532667675311808,0.7533356031823787,0.7534731648728393,0.7541587958319386
1280.0,0.7235036558166619,0.7243729506610266,0.7252357965142147,0.7260922794254544,0.7269424754653157,0.7277864698439533,0.7286243415596272,0.7294561742316292,0.7302820519751362,0.7311020623124798,0.7319162918064758,0.7327248287094551,0.7335277640297129,0.7343251883920995,0.7351171930698939,0.7359038655643448,0.7366853014220223,0.7374615876654093,0.7382328159560001,0.7389990729608863,0.7397604454574965,0.7405170187976976,0.7412688767492057,0.7420161026521739,0.7427587742164539,0.7434969698955569,0.7440843557741527,0.7441575835983246,0.7442307675295783,0.7443039076786204,0.7443770054081333,0.7444500595741369,0.7445230715370098,0.7445960401534985,0.7446689655323299,0.744741847781836,0.7448146870099569,0.7448874845713535,0.7449602393245788,0.7450329501307846,0.7451056208332195,0.7451782478010184,0.7452508323854169,0.7453233759342988,0.745395874824547,0.7454683341297723,0.7455407502283099,0.7456131244657839,0.7456854569455252,0.7457577477704879,0.7458299958057347,0.7459022023924478,0.7459743676324575,0.7460464916272257,0.7461185744778442,0.7461906162850389,0.7462626146828355,0.7463345734728893,0.7464064902892134,0.7464783664642348,0.7465502008665643,0.7466219948264673,0.7466937484421252,0.746765459355064,0.7468371301219013,0.7469087608397479,0.746980350379344,0.7470518988392224,0.7471234087667706,0.7471948765838783,0.7472663036133314,0.7473376911747439,0.7474090381409921,0.7474803433874083,0.7475516106733525,0.7476228364312795,0.7476940231966742,0.7477651686258875,0.7478362752509383,0.7479073419471964,0.7479783688086971,0.7480493559291391,0.7481203021870364,0.7481912101058071,0.7482620785626128,0.7483329064370322,0.748403696247372,0.7484744456604465,0.7485451559804337,0.7486158285084562,0.7486864597050685,0.7487570532908758,0.7488276069378883,0.7488981219452677,0.748968598402478,0.7490390339866579,0.7491094324066736,0.7491797925443685,0.7492501132839616,0.7493203959186849,0.7493906393334756,0.7494608436176194,0.7495310112627408,0.7496011387515413,0.749671229774368,0.7497412808173005,0.7498112931687531,0.7499512069361596,0.7506484942824427
1290.0,0.7194062662590708,0.7202961506686344,0.7211792679928195,0.7220557056448949,0.7229255508966265,0.7237888915743486,0.7246458103023602,0.7254963917569895,0.7263407233905925,0.7271788915014845,0.728010987239715,0.7288370993864606,0.7296573213742437,0.730471745317993,0.7312804673117158,0.7320835814419823,0.7328811822196036,0.7336733655380111,0.7344602255584198,0.7352418544105913,0.736018348559193,0.7367897951755334,0.7375562878825388,0.7383179120025669,0.7390747562543045,0.739826900926617,0.7404252911471353,0.7404998845517519,0.7405744320455304,0.7406489337487759,0.7407233910552825,0.7407978040820952,0.7408721704011558,0.7409464914049582,0.741020768482387,0.7410950004788115,0.7411691875115027,0.7412433296973043,0.7413174271526305,0.7413914799934678,0.741465489601415,0.7415394535587447,0.74161337324699,0.7416872487804362,0.7417610802729488,0.7418348678379713,0.7419086103271465,0.7419823103766167,0.7420559655765756,0.7421295773001756,0.7422031456587725,0.7422766695057691,0.7423501502107651,0.7424235878838782,0.7424969813795634,0.7425703308094016,0.7426436387920285,0.7427169016747206,0.742790123326763,0.7428633000991591,0.742936434605135,0.7430095257015956,0.7430825747464788,0.743155580597389,0.7432285433622462,0.7433014643955441,0.7433743425559377,0.7434471779501508,0.7435199706845118,0.7435927221089624,0.7436654298402869,0.743738095228381,0.7438107196197998,0.7438833018756462,0.7439558420999064,0.7440283403961807,0.7441007956288184,0.7441732091409788,0.7442455822725234,0.744317913886659,0.7443902016131629,0.7444624504986443,0.7445346557016526,0.7446068210284674,0.7446789441109793,0.7447510262835301,0.7448230676455785,0.7448950670652963,0.744967025873764,0.7450389441693449,0.745110820821257,0.7451826571573487,0.7452544508201755,0.7453262055908739,0.7453979203379406,0.7454695927071051,0.7455412252475331,0.7456128168308953,0.745684368777591,0.7457558799599964,0.745827351696409,0.7458987816388749,0.7459701723260335,0.7460415226316699,0.7461128338699119,0.746184103697001,0.7462553346446372,0.7463976754048022,0.7471070110690007
1300.0,0.7152540442342288,0.716165478893728,0.7170697827572798,0.7179670656397434,0.7188574277914067,0.7197409607381301,0.7206177564245536,0.7214879047955547,0.7223514909825128,0.7232086098460028,0.7240593487881446,0.7249038015036975,0.7257420592880905,0.7265742239368977,0.7274003859781037,0.728220648684026,0.729035109156863,0.7298438637067618,0.7306470170782375,0.7314446654012776,0.7322369055693755,0.7330238375237444,0.7338055558055534,0.7345821560528304,0.7353537307464495,0.7361203703896676,0.7367301887931259,0.7368062001662994,0.7368821633794806,0.7369580785636071,0.7370339484418502,0.7371097692526246,0.7371855424226442,0.7372612693748061,0.7373369489421764,0.7374125812528679,0.7374881664345251,0.7375637046143217,0.7376391959189651,0.7377146404746954,0.7377900384072855,0.7378653898420446,0.7379406949038188,0.7380159537169888,0.7380911664054756,0.7381663330927378,0.738241452618626,0.7383165263904538,0.7383915532487709,0.7384665358790635,0.7385414718402484,0.7386163612554533,0.7386912068039533,0.7387660047706346,0.7388407578330566,0.7389154661101154,0.7389901284451514,0.7390647462328648,0.7391393183172897,0.7392138448179112,0.7392883271256979,0.73936276408572,0.7394371545457608,0.7395115024345826,0.7395858040583616,0.7396600620722585,0.7397342753230671,0.73980844392671,0.7398825679986692,0.7399566476539895,0.7400306830072775,0.7401046741727061,0.7401786212640139,0.7402525243945078,0.7403263824160412,0.7404001979638725,0.7404739698882314,0.7405476970419919,0.740621380796571,0.7406950212627142,0.7407686172943104,0.7408421715148897,0.7409156802669136,0.7409891474264689,0.7410625705931315,0.7411359498774047,0.7412092866412671,0.7412825809921302,0.7413558317866047,0.7414290403831826,0.741502205639155,0.7415753276625489,0.7416484078083917,0.7417214449349991,0.7417944391491824,0.7418673918025337,0.7419403017543955,0.7420131691103786,0.7420859939756955,0.7421587776974017,0.7422315178947071,0.7423042171553911,0.7423768743408566,0.742449488315043,0.7425220616601764,0.7425945932386957,0.7426670831526991,0.7428119371579608,0.7435337305093951
1310.0,0.7110449671273443,0.7119790099261836,0.7129055092148505,0.7138245992037312,0.7147364027803776,0.7156410262902999,0.7165385768674051,0.7174291458349757,0.7183128317653651,0.719189727092188,0.7200599228089565,0.7209235154483827,0.7217806016122162,0.7226312753920768,0.7234756415596848,0.7243137964373874,0.7251458450603759,0.7259718878308076,0.7267920315068424,0.727606376047738,0.7284150282189072,0.7292180913363326,0.7300156663403189,0.730807854194895,0.7315947528591651,0.7323764637337646,0.7329981591646536,0.7330756446057941,0.7331530793833924,0.7332304649606899,0.7333077988377219,0.7333850837964357,0.7334623199752978,0.7335395061952062,0.7336166425962692,0.7336937293180892,0.7337707664997616,0.7338477555934487,0.7339246941092193,0.7340015848109319,0.7340784252111292,0.7341552167590859,0.7342319609001106,0.7343086551504326,0.7343853009552217,0.7344618984490435,0.7345384464601636,0.7346149477346071,0.734691398490599,0.7347678027755464,0.7348441581141821,0.7349204672437167,0.7349967263905874,0.7350729382901626,0.7351491030725278,0.735225218270931,0.735301287911515,0.7353773095273799,0.735453283249156,0.735529209206976,0.7356050901184683,0.7356809209351347,0.7357567069599514,0.7358324444415885,0.7359081348008827,0.7359837794548771,0.7360593772387641,0.7361349282787579,0.7362104327005887,0.7362858906295009,0.736361302190259,0.7364366675071446,0.7365119854198252,0.7365872573373853,0.7366624846651847,0.7367376649597526,0.7368127996263111,0.7368878875061871,0.7369629312813338,0.7370379285128422,0.7371128793231294,0.7371877863879309,0.7372626459956414,0.7373374608202619,0.737412230979947,0.7374869565923918,0.7375616352289789,0.7376362695555032,0.737710859688284,0.7377854044726255,0.7378599040262996,0.7379343584666195,0.7380087691786614,0.7380831350090534,0.738157456073754,0.7382317324882706,0.7383059656327675,0.7383801530908719,0.7384542975061933,0.7385283977273557,0.7386024526056287,0.7386764647786684,0.7387504318356154,0.7388243564101817,0.7388982360937049,0.7389720722577777,0.7390458662705137,0.7391933207379584,0.7399280044370916
1320.0,0.706776753251078,0.7077346250674595,0.7086844502247936,0.7096264098770694,0.7105606642531761,0.7114873482709485,0.7124065836633148,0.7133184830838865,0.7142231514967807,0.7151206897545499,0.716011194218232,0.7168947648718847,0.7177715004916887,0.7186414981001915,0.7195048609456167,0.7203616911657186,0.7212120941998762,0.7220561770557766,0.722894045104761,0.7237258074406396,0.7245515734960761,0.7253714497849076,0.726185546477403,0.7269939685669788,0.7277968251903792,0.7285942182459888,0.7292282671318973,0.7293072854752073,0.7293862503747202,0.7294651633308622,0.7295440231516073,0.7296228299912897,0.7297015853459271,0.7297802880246956,0.7298589395206849,0.7299375386438613,0.7300160855458758,0.7300945803778397,0.7301730232903252,0.7302514157691304,0.7303297566261556,0.7304080446764264,0.7304862827371497,0.7305644696213609,0.7306426041451981,0.7307206877884903,0.7307987220269071,0.7308767043464721,0.7309546362226845,0.7310325164734972,0.7311103478973383,0.7311881279852762,0.7312658582070649,0.7313435373820835,0.731421166977223,0.7314987444912078,0.731576275352158,0.7316537544167755,0.7317311831489082,0.7318085630083371,0.7318858928168827,0.7319631740315024,0.7320404054747061,0.7321175872862997,0.7321947196055559,0.7322718025712118,0.7323488376332069,0.73242582230488,0.7325027593459814,0.7325796462722454,0.7326564858389157,0.7327332755641138,0.7328100181985935,0.7328867112628537,0.7329633561983091,0.7330399531384192,0.7331165022161235,0.7331930022615157,0.7332694547105137,0.733345859694499,0.733422216044539,0.7334985238935069,0.7335747859699882,0.7336509998062275,0.7337271655335459,0.7338032845783594,0.7338793557736767,0.7339553805432286,0.7340313577206702,0.7341072874347608,0.7341831711052226,0.7342590062760281,0.7343347956565407,0.7344105393710347,0.7344862349669069,0.7345618838597217,0.7346374861747158,0.734713043322376,0.7347885541395759,0.7348640174659481,0.7349394347104996,0.7350148059960013,0.7350901327264421,0.7351654124594073,0.7352406453186237,0.7353158339859216,0.7353909773007542,0.7355411257982399,0.7362891532567877
1330.0,0.7024467700817039,0.7034299128155823,0.7044043759517699,0.7053704157959249,0.7063282469618604,0.7072780529989038,0.7082199884581769,0.7091541891898615,0.7100807808567771,0.7109998780093616,0.7119115869718107,0.712816010848646,0.7137132566222824,0.7146034230015537,0.7154866155658289,0.7163629397542416,0.7172325027728834,0.7180954121887725,0.718951778755328,0.7198017160442263,0.7206453342389222,0.7214827455359962,0.7223140692456602,0.7231394128013557,0.7239588912073498,0.7247726152381364,0.7254195256037118,0.7255001373279832,0.7255806952739903,0.7256611968639535,0.7257416436360542,0.7258220343868792,0.7259023706515222,0.725982652594007,0.7260628776466068,0.7261430500719739,0.7262231673022418,0.7263032295021373,0.7263832381975225,0.7264631921883482,0.7265430916376425,0.7266229380666722,0.7267027289187556,0.7267824670718671,0.7268621513279605,0.7269417818472247,0.7270213587892778,0.7271008809601026,0.7271803512252568,0.7272597683886305,0.7273391312573373,0.7274184413402522,0.7274977001419041,0.7275769051202942,0.7276560564332886,0.727735155583699,0.7278142013808333,0.727893195324481,0.7279721389101351,0.7280510269199716,0.7281298648774742,0.7282086502509937,0.728287383193773,0.7283660651965952,0.72844469507159,0.7285232743065594,0.7286018003789497,0.7286802747763242,0.7287586989820226,0.7288370718098844,0.7289153934085523,0.7289936625952553,0.7290718821800706,0.7291500496491431,0.7292281678078028,0.729306235471898,0.7293842514602956,0.7294622172457838,0.7295401316478709,0.7296179974601019,0.7296958121771725,0.7297735772660371,0.7298512915474904,0.7299289564855851,0.7300065722210205,0.7300841375755472,0.7301616526913781,0.7302391190268017,0.7303165354045159,0.7303939019650464,0.7304712201623912,0.7305484888201915,0.7306257080773004,0.7307028780720161,0.7307799989420809,0.7308570721344056,0.7309340964741939,0.7310110720975412,0.7310879991399943,0.7311648764302537,0.7312417067162278,0.7313184875200761,0.7313952215852231,0.7314719064361432,0.7315485435097309,0.731625132937743,0.7317016748514039,0.731854612761788,0.7326164671247247
1340.0,0.6980518860146161,0.6990620590056276,0.7000627307714336,0.7010542691126977,0.7020369747459145,0.7030110999615677,0.703976856128023,0.7049344208429728,0.7058839513897409,0.7068255847396099,0.7077594443846673,0.7086856473015175,0.7096043048654379,0.7105155260175273,0.7114194195569495,0.7123160911235193,0.7132056534941162,0.7140882163805552,0.714963892823555,0.7158327976056896,0.7166950455433231,0.717550756982924,0.7184000470622274,0.7192430368811074,0.7200798442338553,0.7209105860329522,0.7215708917667804,0.7216531647620715,0.7217353806296796,0.7218175367529449,0.7218996361075336,0.7219816760798577,0.7220636582462311,0.7221455827852308,0.7222274498748665,0.7223092596925796,0.7223910110253372,0.7224727040525265,0.7225543417286359,0.722635921452088,0.7227174434005142,0.722798910520518,0.7228803188311574,0.7229616712768439,0.7230429666480735,0.7231242065002523,0.7232053882450067,0.7232865148162706,0.7233675850062153,0.7234485989871394,0.7235295569307404,0.7236104590081156,0.7236913053897627,0.7237720962455775,0.7238528317448536,0.7239335120562825,0.7240141373479534,0.724094706418575,0.7241752208057685,0.7242556806758056,0.724336083462675,0.7244164347967487,0.7244967293810681,0.7245769701111553,0.7246571557882937,0.7247372879390033,0.7248173653652837,0.7248973882314382,0.7249773580592598,0.7250572736517993,0.7251371351715201,0.725216942780267,0.7252966966392712,0.7253763982624858,0.7254560451022912,0.7255356386723604,0.7256151804819719,0.7256946679873398,0.7257741040460847,0.7258534861169605,0.7259328143591056,0.7260120916226763,0.726091315370206,0.726170487102942,0.7262496056317406,0.7263286724547661,0.7264076877246903,0.7264866502533142,0.7265655615342056,0.7266444203797902,0.7267232269430683,0.7268019813764268,0.7268806865030314,0.7269593384642455,0.7270379387472418,0.7271164888349534,0.72719498754196,0.7272734350170211,0.7273518314082943,0.7274301768633376,0.7275084715291102,0.7275867155519729,0.727664909077693,0.727743052251441,0.7278211452177975,0.727899186796725,0.7279771784574186,0.7281330125947462,0.7289091980953473
1350.0,0.6935882822971361,0.6946276838502085,0.6956564963396742,0.6966752475875561,0.69768436520424,0.6986842061069313,0.6996750634736002,0.700657181725206,0.7016307672186635,0.7025959967112324,0.7035530222134154,0.7045019839967257,0.7054430087399285,0.706376214711077,0.7073017204648367,0.7082196365751567,0.7091300773177027,0.7100331557447632,0.7109289876888435,0.7118176936453168,0.7126993882566094,0.713574196823198,0.7144422383878032,0.7153036372833366,0.7161585166343892,0.7170070021816792,0.7176812707026741,0.7177652751465214,0.7178492173444216,0.7179330989177438,0.7180169186349376,0.7181006766911822,0.7181843761245889,0.7182680114399924,0.7183515870961188,0.7184351018641153,0.7185185573536677,0.7186019509206941,0.718685284174811,0.7187685573065912,0.71885177050602,0.7189349225505551,0.7190180164539607,0.7191010495816416,0.719184022124434,0.7192669370878553,0.7193497918419531,0.7194325879812536,0.7195153228820576,0.719597999542113,0.7196806181454054,0.7197631774740286,0.7198456777139096,0.7199281190503505,0.7200105030661592,0.7200928285451647,0.7201750942747488,0.720257304625849,0.72033945419853,0.7204215473593468,0.7205035828942015,0.7205855595924965,0.7206674790267972,0.7207493413761011,0.7208311468187694,0.7209128941457572,0.7209945849229613,0.7210762193268262,0.7211577947657135,0.7212393155689921,0.7213207791447472,0.7214021856698822,0.7214835367003369,0.721564831030013,0.7216460688338621,0.7217272502861783,0.7218083769362978,0.7218894462048294,0.7219704610145041,0.722051418788597,0.7221323224445669,0.7222131707790866,0.7222939639618827,0.7223746994244583,0.7224553828123341,0.7225360088200835,0.7226165830841004,0.722697100305462,0.722777563383635,0.7228579711208237,0.7229383250464116,0.7230186239632249,0.7230988693974096,0.7231790615115125,0.723259199109289,0.7233392823548567,0.7234193114116788,0.7234992877978509,0.7235792103183374,0.7236590791346416,0.7237388944076135,0.723818657648962,0.7238983663142764,0.7239780219149066,0.7240576259578007,0.7241371745544746,0.7242166732548075,0.7243755108089722,0.7251665648557871
1360.0,0.6890512232439151,0.6901226403101713,0.6911820228904012,0.6922301119419497,0.6932675193453176,0.6942947452568753,0.6953122085594129,0.6963202490770908,0.6973191537839973,0.6983091556466122,0.6992904612716491,0.7002632418060238,0.7012276527242911,0.7021838297961817,0.7031319068030027,0.7040720022627066,0.7050042409797199,0.7059287373486465,0.7068456132417404,0.7077549896032859,0.7086569856941364,0.7095517286218804,0.7104393409968975,0.7113199513806588,0.7121936892320503,0.7130606858596918,0.7137495115014217,0.713835321447496,0.713921066518763,0.7140067454699187,0.7140923599660666,0.7141779087631639,0.714263394973635,0.7143488173511693,0.7144341732051327,0.7145194656427676,0.7146046963153296,0.7146898610890072,0.7147749630623654,0.7148599995534997,0.7149449736551898,0.7150298855697037,0.7151147340595005,0.7151995178910184,0.7152842415824682,0.7153689010229022,0.7154534964184486,0.7155380308417414,0.7156225016260311,0.7157069118382199,0.7157912588148351,0.715875544187977,0.7159597667287287,0.7160439280657008,0.7161280298224293,0.7162120664942169,0.716296043981677,0.7163799596325389,0.7164638136453699,0.716547607638324,0.7166313403862464,0.7167150120857584,0.7167986229328289,0.7168821745386459,0.7169656628502292,0.7170490937229229,0.717132463105674,0.7172157726059479,0.717299023826241,0.7173822127264294,0.717465342320305,0.7175484142051518,0.7176314243484477,0.7177143771607091,0.7177972700185382,0.7178801045154697,0.7179628794361467,0.7180455935687411,0.7181282527044143,0.71821085142608,0.7182933899239301,0.7183758725777558,0.7184582953798035,0.718540662702251,0.7186229691485451,0.7187052190863712,0.7187874113039469,0.7188695445929153,0.718951621916974,0.7190336406768263,0.719115603830687,0.7191975087819579,0.7192793557124363,0.7193611475721412,0.7194428817684855,0.7195245584811583,0.7196061792705861,0.7196877429315983,0.7197692510212148,0.7198507023348741,0.7199320984261988,0.7200134380912314,0.7200947215047517,0.7201759488408355,0.720257121646339,0.7203382373459916,0.7204192988577496,0.7205812545120195,0.7213877444642322
1370.0,0.6844347719739071,0.68554176414213,0.6866348071008564,0.6877149153388503,0.688782949326644,0.6898396168861237,0.6908855026509869,0.6919210939791895,0.6929467856451088,0.6939629105448121,0.6949697422191952,0.6959675091869384,0.6969564100467696,0.6979366176319185,0.6989082847745233,0.6998715533289117,0.7008265516896277,0.7017734123850671,0.7027122589752288,0.7036432134970559,0.7045664028220252,0.7054819563435665,0.7063900002647107,0.7072906640329629,0.7081840861491883,0.7090703939831946,0.7097744126832539,0.7098621032940602,0.7099497260842952,0.7100372812758595,0.710124769090149,0.710212186783125,0.7102995375450648,0.710386820115831,0.7104740332397137,0.7105611815754399,0.7106482609087243,0.7107352729397114,0.7108222193630781,0.7109090974502368,0.7109959074245846,0.7110826524492836,0.7111693298013679,0.7112559426380043,0.7113424867733831,0.7114289653622933,0.7115153786210188,0.711601723839364,0.7116880056248673,0.7117742212673343,0.7118603709842481,0.7119464549924788,0.7120324735082745,0.712118426747266,0.7122043149244569,0.712290138254227,0.7123758969503208,0.7124615912258538,0.7125472212933027,0.7126327873645063,0.7127182882030073,0.712803725469324,0.7128890979280077,0.7129744072359495,0.7130596536017357,0.7131448343494922,0.7132299525748629,0.7133150084844435,0.7134000008456824,0.7134849298672502,0.7135697957571325,0.7136545987226294,0.7137393404043185,0.7138240181390699,0.7139086335672054,0.713993186893262,0.7140776783210822,0.71416210805381,0.714246474866624,0.7143307818169123,0.714415024827224,0.7144992083763777,0.7145833283921216,0.7146673893452374,0.7147513871686368,0.7148353249055148,0.714919202752641,0.7150030180712659,0.715086773895875,0.715170469005845,0.7152541050124742,0.7153376778696822,0.7154211934276428,0.7155046476420389,0.7155880421201667,0.7156713770555031,0.7157546526407902,0.7158378676613504,0.7159210251228897,0.716004122403627,0.7160871596965245,0.7161701399987371,0.7162530592911724,0.7163359205684479,0.7164187240174058,0.7165014684258587,0.7165841553795473,0.716749352079666,0.7175718757936851
1380.0,0.6797314816108261,0.6808785983722534,0.6820092311146542,0.6831247717429905,0.6842263901908301,0.6853150710526926,0.6863916325552489,0.6874567528359662,0.6885109968075692,0.6895548233241376,0.6905886169341101,0.6916126926517246,0.6926273177798234,0.6936327132223862,0.6946290734949355,0.6956165686532442,0.6965953530015864,0.6975655702880433,0.6985273541358121,0.699480838764511,0.7004261537387506,0.7013634325681861,0.7022928044271035,0.7032144045299143,0.7041283695893912,0.7050348393118887,0.7057547078690141,0.7058443644676542,0.7059339499595677,0.7060234615454185,0.7061128994676978,0.706202268511912,0.7062915643680733,0.706380788789029,0.7064699420112931,0.7065590242708734,0.7066480342953386,0.70673697383022,0.7068258431099799,0.7069146408645332,0.7070033673311837,0.7070920242481323,0.7071806103475653,0.7072691273640149,0.7073575740311512,0.707445950583525,0.7075342572551201,0.7076224942793509,0.7077106618890591,0.707798760316506,0.707886788303405,0.7079747475733378,0.708062639844258,0.708150460883703,0.7082382153833474,0.7083258991170257,0.7084135167676942,0.708501065596658,0.7085885458345,0.7086759577111684,0.7087633044110286,0.7088505817264887,0.7089377898892637,0.7090249320781131,0.7091120085161087,0.7091990164828391,0.7092859562073709,0.7093728308560943,0.7094596391816791,0.7095463799409581,0.7096330548256795,0.7097196625937162,0.7098062063960513,0.7098926820643741,0.7099790927470938,0.7100654372040931,0.7101517171158144,0.7102379312431093,0.7103240798067457,0.7104101630267768,0.7104961811225372,0.7105821357650388,0.7106680242662161,0.7107538482968008,0.7108396095221473,0.710925303811225,0.7110109357257559,0.7110965040310714,0.7111820074963735,0.7112674463378678,0.711352822213025,0.7114381353331206,0.7115233844689371,0.7116085698336604,0.7116936930771982,0.711778752971468,0.7118637497273703,0.7119486849891477,0.712033556096823,0.7121183661260979,0.7122031124199312,0.712287798048014,0.7123724203562156,0.7124569809807988,0.7125414815528236,0.7126259194224763,0.7127102947962344,0.7128788631438393,0.7137180565324047
1390.0,0.6749320962749595,0.6761250702623532,0.6772982899411465,0.6784535915795274,0.6795925500523246,0.6807164943304641,0.6818265553219147,0.6829236707006636,0.6840086235138344,0.6850820640345163,0.6861445250888535,0.6871964510492221,0.6882382014244663,0.6892700842897086,0.6902923522150106,0.6913052244247323,0.6923088903306196,0.6933035214305155,0.6942892692398065,0.6952662803257316,0.6962346960959586,0.6971946548474955,0.698146294433683,0.699089749244129,0.7000251625547984,0.7009526741717701,0.7016890906373127,0.7017807969573465,0.7018724269880179,0.7019639825328886,0.7020554607405841,0.7021468618669681,0.7022381892609868,0.7023294400783369,0.7024206176613985,0.7025117176279508,0.7026027417768085,0.702693693440516,0.7027845697863476,0.7028753695292064,0.7029660975316495,0.7030567494334732,0.7031473270221247,0.703237832079043,0.7033282617891231,0.7034186179341215,0.7035089007623454,0.7035991105215684,0.7036892459342545,0.703779308774563,0.7038692992886352,0.7039592146805641,0.704049058242226,0.7041388302180818,0.7042285308520326,0.7043181573565535,0.7044077114964474,0.7044971950306333,0.7045866051777409,0.7046759436968085,0.7047652108321578,0.704854406827503,0.7049435334322,0.7050325878749196,0.7051215704014125,0.7052104812567852,0.7052993236876729,0.705388094930564,0.7054767952286232,0.705565424824353,0.7056539854555682,0.7057424758649206,0.7058308977863555,0.7059192469793851,0.7060075296543885,0.7060957415733048,0.7061838844660862,0.7062719585698162,0.7063599641208854,0.706447899870324,0.7065357675402623,0.7066235673649747,0.7067112980970782,0.7067989614528348,0.7068865561858833,0.7069740840085681,0.7070615421994884,0.7071489339455461,0.7072362580023409,0.7073235160743726,0.7074107054470079,0.7074978278244499,0.70758488343654,0.7076718725123587,0.7077587967465914,0.7078456519676776,0.7079324428015064,0.7080191650821273,0.7081058234267121,0.7081924151353031,0.7082789418943516,0.7083654024686693,0.7084517985407686,0.7085381288762269,0.7086243936990639,0.7087105932324915,0.7087967276989147,0.7089688037662175,0.7098253387217327
1400.0,0.6700252940979076,0.6712712290938728,0.6724932805892787,0.673693801272184,0.6748748424759455,0.6760381719301041,0.6771853001065274,0.6783175082406895,0.6794358664857698,0.6805412745874713,0.6816344744873425,0.6827160854914189,0.6837866150716073,0.6848464800135335,0.6858960296050707,0.6869355563645588,0.6879653041413238,0.6889854860412503,0.6899962908168272,0.6909978855488812,0.6919904285201999,0.6929740682977696,0.6939489532994937,0.6949152234325038,0.695873025674014,0.6968225039660383,0.6975761921736146,0.6976700395362113,0.6977638065771554,0.697857491976482,0.69795109917524,0.6980446252673703,0.6981380721048108,0.6982314383717252,0.6983247259160967,0.6984179334241243,0.6985110627398574,0.6986041125515137,0.6986970831259819,0.6987899747296626,0.6988827876284609,0.6989755220877909,0.6990681799399432,0.6991607583131366,0.6992532574756619,0.699345680821323,0.6994380270471208,0.6995302932952009,0.6996224829534862,0.6997145962833516,0.6998066335456605,0.6998985918919273,0.6999904746964936,0.7000822791154865,0.7001740085164709,0.7002656600601413,0.700357237107306,0.7004487383691321,0.7005401625618383,0.7006315114929698,0.7007227869639151,0.7008139846084296,0.700905107771288,0.7009961567103725,0.7010871286104977,0.7011780283412127,0.7012688500204998,0.701359600044696,0.7014502756030391,0.7015408769538782,0.7016314043549345,0.7017218565365753,0.7018122352846511,0.7019025423789753,0.7019927750252998,0.7020829350034782,0.7021730210473267,0.7022630349326865,0.702352975394691,0.7024428442051688,0.7025326401005385,0.7026223633352068,0.7027120156749721,0.7028015943473328,0.7028911026274635,0.7029805377466688,0.7030699029734692,0.7031591955429325,0.7032484187169377,0.7033375682312627,0.7034266488467336,0.7035156578058053,0.7036045968579298,0.703693464750913,0.7037822632301356,0.7038709910444269,0.7039596499350965,0.7040482386519701,0.7041367559491452,0.704225206546205,0.7043135847234672,0.70440189668298,0.7044901367134838,0.704578311005443,0.7046664138559531,0.7047544484782295,0.7048424151115393,0.7050181453642628,0.7058927315301466
1410.0,0.66499756902247,0.6663050543203622,0.6675835804644552,0.6688360710226829,0.6700651217266096,0.6712730076479256,0.6724617048728521,0.6736329059130853,0.6747880555800891,0.6759283713019761,0.6770548774032508,0.6781684217004927,0.6792697133589193,0.6803593304076846,0.6814377586949376,0.6825053949731905,0.6835625696420977,0.6846095605419447,0.6856466091833303,0.6866739182740949,0.6876916788609845,0.6887000547088532,0.6896992120105627,0.6906893023453473,0.691670475455419,0.6926428837004264,0.6934146026346399,0.693510685590151,0.6936066805494632,0.6937025926770897,0.6937984206272052,0.6938941630599035,0.6939898218799506,0.694085395749572,0.6941808881854877,0.69427629623267,0.6943716185613155,0.6944668602932841,0.694562018481521,0.6946570917993866,0.6947520821395033,0.6948469913877139,0.6949418182158302,0.6950365629034823,0.6951312225286992,0.6952258037753671,0.6953203005224764,0.6954147162486968,0.695509051231102,0.6956033025605105,0.6956974737048224,0.6957915649395663,0.6958855733631313,0.6959795024327147,0.6960733492516915,0.6961671172701569,0.6962608035964382,0.6963544100927398,0.6964479370354175,0.6965413847002898,0.6966347502099133,0.6967280385725231,0.6968212469110376,0.6969143755034827,0.6970074246273013,0.6971003961283772,0.6971932887110596,0.6972861010849503,0.6973788382234846,0.6974714941396504,0.6975640722395756,0.6976565743569061,0.6977489976422455,0.697841342371991,0.6979336119340018,0.6980258019309897,0.6981179157481276,0.6982099536550163,0.6983019128198562,0.6983937966173814,0.6984856022201158,0.6985773329958429,0.6986689876661474,0.6987605665009172,0.6988520697693641,0.6989434961993951,0.6990348476022361,0.6991261242450263,0.6992173248577168,0.6993084497101595,0.6993995006052401,0.6994904778072687,0.6995813800488008,0.6996722075967763,0.6997629607173939,0.6998536412030935,0.6999442447375976,0.7000347776901297,0.700125235746921,0.7002156206960356,0.7003059312788047,0.7003961692790593,0.7004863349568811,0.7005764285715682,0.7006664473515735,0.7007563961036428,0.7008462705435297,0.701025806600524,0.7019191974253762
1420.0,0.6598333497117456,0.6612124106681383,0.6625565100969023,0.6638691350225066,0.6651534533080935,0.6664122972047982,0.6676481653764162,0.6688632509202098,0.6700594432839123,0.6712383583797724,0.6724013710126981,0.6735496395873767,0.6746841303099153,0.675805643633245,0.6769148533527216,0.6780123017371877,0.679098445762454,0.6801736648227297,0.6812382714087294,0.6822925334354806,0.6833366841666867,0.6843709225855346,0.6853954381066931,0.6864104028445975,0.6874159765921718,0.6884123220105313,0.689202860881495,0.6893012741305456,0.6893995961253119,0.6894978321628411,0.6895959775460541,0.6896940342394294,0.6897920025411745,0.689889882748822,0.6899876751592334,0.6900853767614094,0.690182992816796,0.690280520314789,0.6903779595547348,0.690475312482217,0.6905725777451084,0.6906697539973543,0.6907668464664459,0.6908638488778341,0.6909607664528393,0.691057597844697,0.6911543417126644,0.6912509999892625,0.6913475713358799,0.6914440576806138,0.6915404576869832,0.6916367716515679,0.6917330014959022,0.6918291458866912,0.6919252034965254,0.6920211778659566,0.6921170660457457,0.6922128715689274,0.6923085914915429,0.6924042277248095,0.6924997789475199,0.6925952470666005,0.6926906323725,0.692785933547063,0.6928811492778288,0.6929762846777494,0.6930713336168345,0.6931663028040528,0.6932611877209787,0.6933559902621536,0.6934507091209351,0.6935453477832914,0.6936399049398795,0.6937343776942437,0.6938287695259802,0.6939230791331041,0.6940173083952764,0.6941114575989212,0.6942055238596792,0.6942995106389483,0.6943934150571172,0.6944872389877186,0.6945809842976867,0.6946746465367941,0.6947682307289509,0.6948617340061974,0.6949551598046219,0.6950485036890797,0.6951417690928524,0.6952349562991544,0.6953280624557345,0.6954210894191061,0.6955140406037893,0.6956069100336765,0.6956997042480183,0.695792417280808,0.6958850525408339,0.6959776118673727,0.6960700924255193,0.6961624960545164,0.6962548214810036,0.6963470705398844,0.6964392419591149,0.6965313360203802,0.6966233545520689,0.696715296284035,0.6968071614956274,0.696990663471102,0.6979036515785645
1430.0,0.6545154497365027,0.6559773201693834,0.6573974275447462,0.6587797428013101,0.6601279740310735,0.6614455140938222,0.6627354229390667,0.6640004373820046,0.6652429605944156,0.666465082804633,0.6676686095347697,0.6688550775032593,0.6700257941585476,0.6711818442474866,0.6723241446085538,0.6734534514614462,0.6745703895179203,0.6756754736441986,0.6767691365270474,0.6778517319713999,0.6789235615641677,0.6799848811281725,0.6810359190641754,0.6820768739244594,0.6831079331435419,0.6841292699777658,0.6849394535874447,0.6850403007207188,0.685141052926321,0.6852417139391574,0.6853422789590007,0.6854427517167767,0.6855431291269004,0.6856434149109092,0.6857436076850975,0.6858437077668368,0.685943715472564,0.6860436294266677,0.6861434499491833,0.6862431807343693,0.686342818718243,0.6864423659022544,0.6865418192332741,0.6866411807128912,0.6867404523348184,0.6868396327311054,0.6869387222152681,0.6870377211000792,0.687136626354243,0.6872354449792623,0.6873341706025495,0.6874328068773717,0.6875313541129849,0.6876298092919321,0.6877281760550694,0.6878264547096721,0.687924642246595,0.6880227406382649,0.6881207501951533,0.6882186712271026,0.6883165040433284,0.6884142473029824,0.6885119013190788,0.6886094696962027,0.6887069478027993,0.6888043392405626,0.6889016426739271,0.6889988600522851,0.6890959884043669,0.6891930296799958,0.6892899841872744,0.6893868522337013,0.6894836341261743,0.6895803269116784,0.6896769374177877,0.6897734594341947,0.6898698965247013,0.689966245746776,0.6900625106565352,0.6901586915566538,0.6902547855123599,0.6903507960683289,0.6904467202949075,0.6905425601154958,0.690638315834442,0.6907339861449324,0.69082957296372,0.6909250765932454,0.6910204957294613,0.6911158306781886,0.6912110817445818,0.6913062508343375,0.6914013366469764,0.6914963394856442,0.6915912596528075,0.6916860958551616,0.691780849991931,0.6918755223635061,0.6919701132695837,0.6920646230091617,0.6921590487054816,0.6922533938371804,0.6923476587011071,0.6924418404273169,0.692535942483248,0.692629965163562,0.6927239056050113,0.6929115441299959,0.6938449634743749
1440.0,0.6490259615718432,0.6505825769331716,0.6520901180047735,0.6535528760586372,0.6549749650465078,0.6563602790261824,0.6577124171852202,0.6590346716638587,0.6603299985242581,0.6616010194759542,0.6628500341033784,0.66407903846713,0.6652897423870855,0.6664836039178198,0.66766184626718,0.6688255037623482,0.6699754269035735,0.6711123280055044,0.6722367911820112,0.6733493029689852,0.6744502636845507,0.6755400126765342,0.676618838620351,0.6776869888545679,0.6787446832666398,0.6797921236012355,0.6806228201235864,0.680726208089372,0.6808294969437619,0.680932688785884,0.6810357804612465,0.6811387740675893,0.6812416682049892,0.6813444667061939,0.6814471646858662,0.6815497659717842,0.6816522674294874,0.6817546746105022,0.6818569826470838,0.6819591936154247,0.6820613095827397,0.6821633274271675,0.682265247490527,0.6823670718363575,0.6824688007984109,0.6825704329901467,0.6826719704660362,0.6827734101257071,0.6828747540233576,0.6829760042046766,0.6830771592872524,0.683178217895115,0.6832791820710237,0.6833800521451054,0.6834808284465862,0.6835815079025014,0.683682095947749,0.6837825878124427,0.6838829872236485,0.6839832928129345,0.6840835049098727,0.6841836238432377,0.6842836482530097,0.6843835818442116,0.6844834215690626,0.6845831677586068,0.6846828224240348,0.6847823842104553,0.6848818551240693,0.684981233812083,0.6850805206018985,0.685179715820209,0.6852788197930173,0.6853778311769719,0.6854767519688313,0.6855755841577614,0.685674323071411,0.6857729740280532,0.6858715323643061,0.6859700033868376,0.6860683824411956,0.686166671512564,0.6862648725786769,0.6863629810034455,0.6864610037198039,0.686558936095403,0.6866567801036774,0.686754534420877,0.6868522010157737,0.6869497785666238,0.6870472690375576,0.6871446711088192,0.6872419851032436,0.6873392113429927,0.6874363517829634,0.6875334034755172,0.6876303700059967,0.6877272468033606,0.6878240390768812,0.6879207438891586,0.6880173631861383,0.6881138956624021,0.6882103416387532,0.6883067046731705,0.6884029802234205,0.6884991686129065,0.6885952733926965,0.6887872301501978,0.6897419578623036
1450.0,0.6433476402143802,0.6450108256779542,0.6466176022238124,0.6481722812314987,0.6496791787697416,0.6511425155786613,0.6525663332911273,0.6539544287917332,0.6553102914362195,0.6566370964810854,0.657937682652197,0.6592145611945059,0.660469920602323,0.6617056485663539,0.6629233684044674,0.6641244504892356,0.6653100447432436,0.6664811140364694,0.6676384592000976,0.6687827395084253,0.6699145077781189,0.6710342123026014,0.6721422364180102,0.67323889939171,0.6743244772782997,0.6753992092702422,0.6762513333528388,0.6763573775763212,0.6764633160320793,0.676569149113877,0.6766748790075019,0.6767805043023302,0.6768860271747168,0.6769914462132003,0.6770967617986525,0.6772019743095913,0.677307084122251,0.6774120916106399,0.6775169953685082,0.67762179754785,0.6777264967423826,0.6778310950959643,0.6779355912025135,0.6780399854301151,0.678144278145034,0.6782484697117588,0.6783525622549035,0.6784565526098816,0.6785604411421952,0.6786642282157357,0.6787679177005721,0.678871506441877,0.6789749947990419,0.679078383130033,0.6791816717914325,0.6792848611384719,0.6793879515250817,0.6794909433039162,0.6795938368264038,0.6796966289702481,0.6797993235647332,0.67990192095775,0.6800044214960851,0.6801068220682759,0.6802091230304107,0.6803113299118598,0.680413437880849,0.6805154490113542,0.6806173619305554,0.680719180423948,0.68082089968418,0.6809225234930033,0.6810240504813564,0.681125482706345,0.6812268170929074,0.6813280556982558,0.6814292005713809,0.6815302503482017,0.6816312036711535,0.6817320625867813,0.6818328240425476,0.6819334934755741,0.6820340695269633,0.6821345474611024,0.6822349343917474,0.6823352255871505,0.6824354247674108,0.6825355288998209,0.6826355416958803,0.6827354601285296,0.682835286221579,0.6829350186362702,0.6830346577157941,0.6831342054765124,0.6832336605827716,0.6833330250460268,0.6834322958639952,0.6835314750484348,0.6836305646034828,0.6837295598715454,0.6838284678476948,0.6839272822179377,0.6840260066454092,0.6841246398087166,0.6842231837026194,0.6843216370076861,0.6844200000621855,0.684616456768896,0.6855934148223832
1460.0,0.6374656286297704,0.6392460694028262,0.6409633587483353,0.642621455749915,0.6442245422959808,0.6457769270085146,0.647282880494016,0.6487465564100602,0.6501719066882269,0.6515626111595733,0.6529220492510457,0.6542532641752147,0.6555589764753903,0.6568415720028713,0.6581031291091036,0.6593454315292208,0.6605699981369568,0.6617781189897325,0.6629708683143999,0.664149146193084,0.6653136907072672,0.6664651238647287,0.6676039514659992,0.668730603496275,0.6698454332922149,0.670948748364559,0.6718232882646845,0.6719321062892998,0.672040812737905,0.6721494099090207,0.6722578982433968,0.6723662744934201,0.6724745427850816,0.6725827017095238,0.6726907516984879,0.6727986931800316,0.6729065247477057,0.6730142504865657,0.6731218653281004,0.6732293715241737,0.6733367731366442,0.6734440651072764,0.6735512496719003,0.6736583290546477,0.6737653000280469,0.673872164812764,0.6739789220000357,0.6740855738008483,0.6741921188055687,0.6742985592158378,0.6744048936214257,0.6745111206182719,0.6746172441971879,0.6747232611533782,0.6748291736728089,0.674934982141013,0.6750406851536849,0.675146284884371,0.6752517781453752,0.6753571706717006,0.6754624574945225,0.6755676407779134,0.6756727209005573,0.6757776982394665,0.6758825713986951,0.6759873425274732,0.6760920119980758,0.6761965766507732,0.6763010403935024,0.676405401832942,0.6765096613416627,0.6766138192908787,0.6767178760504893,0.6768218302358306,0.6769256857228079,0.677029439372988,0.6771330915572468,0.6772366426452695,0.6773400930055904,0.6774434464886402,0.6775466964908075,0.6776498486018807,0.6777529014445679,0.677855853648273,0.6779587073128118,0.6780614610694319,0.6781641170121538,0.6782666737741223,0.678369131719411,0.6784714929335319,0.6785737543320862,0.6786759180006686,0.6787779842997399,0.6788799535888959,0.6789818245138602,0.6790836008604463,0.6791852795615423,0.6792868592714757,0.6793883437680197,0.679489733405823,0.679591025134779,0.6796922210190749,0.6797933214164634,0.6798943266839107,0.6799952371776057,0.6800960498670852,0.6801967701912085,0.6803979250111944,0.6813980735253575
1470.0,0.6313693900573853,0.6332754811570598,0.6351129478463009,0.6368849950645057,0.6385952899163332,0.6402478564779825,0.6418469054491365,0.6433967102574186,0.6449014981630361,0.6463653362878795,0.6477920700076822,0.6491852554050801,0.6505481478065078,0.6518836588906947,0.6531943725919896,0.6544825566519604,0.6557501655361385,0.6569988786049547,0.6582301196620177,0.6594450873909552,0.6606447832988658,0.6618300401138107,0.6630015475080737,0.664159878595162,0.6653055087710044,0.6664388349838339,0.6673368672105214,0.667448589570773,0.6675601970892204,0.6676716864902295,0.6677830602029712,0.6678943168510663,0.6680054588464055,0.6681164848054426,0.6682273952360056,0.6683381887552051,0.6684488677495812,0.6685594345906891,0.6686698860017082,0.6687802224708308,0.6688904444812612,0.6690005562529359,0.6691105507717361,0.6692204341191186,0.66933020488902,0.6694398616804088,0.6695494049564438,0.6696588388897238,0.6697681565035614,0.6698773656716456,0.6699864631278447,0.6700954493159129,0.6702043228307161,0.6703130859588622,0.6704217391337147,0.6705302827853812,0.6706387136681916,0.6707470358875888,0.6708552480325939,0.6709633486982352,0.6710713419677568,0.6711792264283606,0.6712870006734127,0.6713946669440638,0.6715022238329252,0.6716096717553206,0.6717170147526796,0.671824245974199,0.6719313712709849,0.6720383892348926,0.6721452984642652,0.6722521011709306,0.6723587977547663,0.672465385015206,0.6725718687523812,0.6726782439690622,0.672784514656103,0.6728906776225008,0.6729967368472038,0.6731026891442241,0.6732085366962928,0.6733142781112716,0.6734199155646071,0.6735254476652525,0.6736308765815552,0.6737361991494403,0.6738414175364719,0.6739465339006818,0.6740515450861597,0.6741564532503582,0.6742612570130997,0.6743659585252822,0.6744705564083034,0.6745750528066561,0.6746794463434055,0.6747837356484455,0.6748879246150301,0.6749920101186411,0.6750959960424691,0.6751998792677731,0.6753036601791312,0.6754073409024882,0.675510920074098,0.6756143998140399,0.6757177787605069,0.675821057293135,0.6759242340578575,0.6761302907324153,0.6771546295487746
1480.0,0.6250544366404435,0.6270912022477888,0.6290558022906,0.6309502881331216,0.6327774140959656,0.6345405166157201,0.6362433844651283,0.6378900758230219,0.6394848197062378,0.6410318485320391,0.6425353187114837,0.6439991971749307,0.6454272140674459,0.6468227905525883,0.6481890448237579,0.6495287471513401,0.6508443538621567,0.652137995413738,0.6534115106918698,0.6546664686692324,0.6559041959084994,0.6571258008336444,0.6583322162768148,0.6595242100491863,0.6607024202731132,0.661867378487373,0.6627901025469305,0.662904876627368,0.6630195251871153,0.6631340508394434,0.6632484522705575,0.663362730118874,0.6634768850137741,0.6635909175758391,0.6637048245311269,0.6638186103795961,0.6639322757166366,0.6640458172593452,0.6641592394680546,0.6642725390547989,0.664385718527111,0.6644987765252233,0.664611715537258,0.6647245341946039,0.6648372330494079,0.6649498126472642,0.6650622735274058,0.6651746124032057,0.665286837445949,0.665398941542384,0.6655109271251374,0.6656227966113359,0.6657345486078744,0.6658461817261665,0.6659576983674295,0.6660690971377361,0.6661803804235034,0.6662915487113638,0.6664026006003753,0.6665135346946962,0.6666243533600014,0.6667350589481598,0.6668456481770646,0.6669561233927846,0.6670664831905384,0.6671767280375207,0.6672868602612559,0.6673968765911236,0.6675067812092601,0.667616570847409,0.6677262478168984,0.6678358107115768,0.6679452618317772,0.6680545997697442,0.6681638268152116,0.6682729415591527,0.6683819425988049,0.6684908322154657,0.6685996108421185,0.668708278909183,0.6688168350123967,0.668925281413897,0.6690336148813345,0.6691418394999007,0.6692499538648754,0.6693579565781758,0.6694658517052281,0.6695736360247934,0.6696813117749015,0.6697888775580416,0.6698963356040407,0.6700036845159767,0.6701109229037424,0.6702180547955813,0.6703250769940438,0.6704319935154623,0.6705388011676344,0.6706455021598379,0.670752095104825,0.6708585804134375,0.6709649602841138,0.6710712315445061,0.671177398177234,0.6712834570155063,0.6713894120309366,0.6714952582836405,0.6716010015172599,0.6718121698658464,0.6728617466683144
1490.0,0.6185235190121802,0.6206918921878583,0.6227869143743459,0.6248092271054027,0.6267603460109449,0.6286425504745425,0.6304587771209867,0.632212512948049,0.6339076166015337,0.6355481962948977,0.6371384557690671,0.6386825855863375,0.6401846490081653,0.6416485042746343,0.6430777401194442,0.6444756483468996,0.6458451932029724,0.6471890046061474,0.6485093936501364,0.6498083640651809,0.6510876306854317,0.6523486544325607,0.6535926594703879,0.6548206791521936,0.6560335636167278,0.6572320298284815,0.6581808151156872,0.6582988048618303,0.6584166599084061,0.6585343831009126,0.6586519732323001,0.658769429093844,0.6588867534912424,0.659003947200948,0.6591210069824821,0.6592379376037082,0.6593547398047684,0.6594714103266249,0.6595879499034192,0.6597043632346735,0.6598206470449921,0.659936802036043,0.6600528269192057,0.6601687243611731,0.6602844970078369,0.660400139597534,0.660515656737123,0.6606310490699081,0.6607463133029556,0.6608614540000682,0.6609764678618328,0.6610913555131904,0.6612061214770146,0.661320758544803,0.661435275124589,0.661549667904005,0.6616639335843363,0.6617780805201441,0.6618921015187148,0.6620060010305691,0.6621197757501727,0.6622334320342598,0.662346964640079,0.6624603760475607,0.6625736648764619,0.6626868355093135,0.6627998846349474,0.6629128127857536,0.6630256204887462,0.6631383082657047,0.6632508747263332,0.6633633222943279,0.6634756533786883,0.6635878627754845,0.6636999547914831,0.6638119280252556,0.6639237848654194,0.6640355201271898,0.6641471399754946,0.6642586411170419,0.6643700278045622,0.6644812948665209,0.6645924465458486,0.664703479560772,0.6648143981376688,0.6649252008682439,0.6650358882188305,0.6651464587864676,0.6652569149020408,0.6653672551611715,0.6654774800249992,0.6655875918086618,0.6656975872516941,0.6658074686660835,0.6659172365020574,0.6660268912073196,0.6661364313816989,0.6662458593180043,0.6663551736158614,0.6664643747203176,0.6665734630741788,0.6666824409522908,0.6667913032906863,0.6669000560284435,0.6670086977659535,0.6671172252852284,0.667225642676497,0.667442145151549,0.6685180451195618
1500.0,0.6117870543667584,0.6140835262742708,0.6163080377712145,0.6184597170098746,0.6205386024813235,0.6225456304222858,0.6244825697132931,0.626351930659749,0.6281568386813586,0.6299008846965671,0.6315880065138173,0.633222321973615,0.6348080093107976,0.6363491887669446,0.6378498167898666,0.6393136219590847,0.6407440577097568,0.6421442599815175,0.643517041674414,0.6448648830457187,0.6461899482850101,0.6474941103535649,0.648778960229148,0.6500458524257166,0.6512959157077686,0.6525300989796582,0.6535065452327201,0.6536279383708885,0.6537491865601018,0.6538702929425555,0.6539912523153824,0.6541120719467105,0.6542327445440157,0.6543532793991852,0.65447366920969,0.6545939211453803,0.6547140320237053,0.6548340027838392,0.6549538343489668,0.6550735255761085,0.6551930773666536,0.6553124946961785,0.6554317743352788,0.6555509130642256,0.6556699198868753,0.6557887874844699,0.6559075207505661,0.6560261184616292,0.6561445814169371,0.6562629104032102,0.6563811061949508,0.6564991655242812,0.6566170951962905,0.6567348899133915,0.6568525524276152,0.6569700834648716,0.657087481739462,0.657204749962843,0.6573218868343678,0.6574388950397687,0.657555771274647,0.6576725162213594,0.6577891345214354,0.6579056228594159,0.6580219818905385,0.6581382122614352,0.658254314610344,0.6583702895673398,0.6584861377545413,0.6586018597862979,0.6587174523443785,0.6588329199639638,0.6589482593228986,0.6590634749314519,0.6591785634642531,0.6592935255089079,0.6594083655398504,0.6595230782839825,0.6596376662591715,0.6597521319668594,0.6598664740197258,0.6599806910351195,0.6600947854974119,0.6602087560181323,0.6603226031398102,0.6604363293233704,0.6605499312516733,0.66066341329681,0.6607767702262181,0.6608900083136214,0.6610031242434046,0.6611161185325466,0.6612289935998116,0.6613417480428617,0.6614543804652413,0.6615668932737073,0.6616792869652276,0.6617915620331034,0.6619037151843704,0.6620157506977152,0.6621276690560476,0.6622394669707533,0.6623511449326878,0.6624627071883002,0.6625741504539996,0.6626854770861408,0.6627966856842243,0.663018750679763,0.6641221141917674
1510.0,0.6048625636783984,0.6072794589074871,0.6096282273752353,0.6119065544898313,0.614112978096891,0.616246951904501,0.6183088344173225,0.6202998620821207,0.6222220584238589,0.6240781553108378,0.6258714271896847,0.6276055816013785,0.6292845983355829,0.6309125989450366,0.6324937041979284,0.6340319472657134,0.6355311644442846,0.6369949424275385,0.6384265860413774,0.6398290662441697,0.6412050342870392,0.6425568257531827,0.6438864555976382,0.645195659101682,0.6464859098238701,0.6477584544995834,0.6487644440605251,0.6488894659196985,0.6490143306359322,0.6491390352737213,0.6492635833447693,0.6493879740324732,0.6495122107922386,0.6496362949038608,0.6497602212202102,0.6498839952673903,0.650007618266256,0.6501310871667288,0.6502544052868598,0.6503775716745289,0.6505005895986998,0.6506234580723731,0.6507461761015704,0.6508687468947563,0.650991169425343,0.6511134468569152,0.6512355760369372,0.6513575600953962,0.6514793979546454,0.6516010927028787,0.6517226432342218,0.6518440484386732,0.6519653113540981,0.652086432917005,0.6522074119785494,0.6523282473869004,0.6524489421144417,0.6525694970460538,0.6526899130522199,0.6528101868806627,0.6529303234948165,0.6530503196272185,0.6531701802025034,0.6532898998968505,0.6534094836063519,0.6535289280454337,0.6536482380738764,0.6537674124245973,0.6538864478032347,0.6540053490261485,0.6541241168319064,0.6542427479106333,0.6543612470290555,0.6544796088550306,0.6545978401424367,0.6547159355565686,0.6548338978057212,0.6549517315792898,0.6550694295413536,0.6551869963690683,0.6553044327217855,0.6554217352692909,0.6555389086466622,0.6556559534886965,0.6557728664578003,0.6558896481899223,0.6560062993135432,0.6561228243981712,0.656239220098855,0.6563554870229344,0.6564716238049986,0.6565876330105964,0.6567035152275104,0.656819269079292,0.6569348971049288,0.6570503979214264,0.6571657701506456,0.6572810182619385,0.6573961389186528,0.6575111346267113,0.6576260039970399,0.6577407495202464,0.6578553678680434,0.6579698615240118,0.6580842329568726,0.6581984788399479,0.658312601635726,0.6585404743082832,0.6596724934499083
1520.0,0.5977734772243735,0.6002995738935936,0.6027634757693113,0.6051616263166629,0.607491194227583,0.6097501785135246,0.6119374606258647,0.6140528378013581,0.6160969855049704,0.6180714267505636,0.6199784490697448,0.6218209727294759,0.6236024268594479,0.6253265990843128,0.6269974967325314,0.6286192127975427,0.6301958019383082,0.6317311792375463,0.6332290515301248,0.6346928581953512,0.6361257336116145,0.6375304819856571,0.6389095991247443,0.6402652513504611,0.6415993165322021,0.6429133963957561,0.6439511868513311,0.6440801036405032,0.644208845881924,0.6443374108972386,0.6444658049019152,0.6445940229471199,0.6447220711797026,0.6448499468341345,0.6449776537706118,0.6451051935986793,0.6452325634953247,0.6453597672307257,0.6454868019494592,0.6456136735581409,0.6457403835328713,0.645866924590477,0.6459933069137677,0.6461195275466369,0.6462455835357842,0.6463714806054605,0.6464972200961646,0.6466227990007009,0.646748220790131,0.646873484588579,0.6469985916620329,0.6471235432536262,0.6472483384398812,0.6473729805707736,0.6474974665487838,0.6476218018186947,0.6477459832548026,0.6478700119927401,0.6479938891482325,0.6481176158175231,0.648241193077738,0.6483646219873703,0.6484878993649593,0.6486110304675172,0.6487340120911399,0.6488568452428394,0.6489795351084903,0.6491020742637514,0.6492244699597258,0.64934672104019,0.6494688263462006,0.6495907867983066,0.6497126053811326,0.6498342767492142,0.6499558080163131,0.650077195897186,0.6501984453838072,0.6503195490497267,0.6504405118668424,0.6505613346552416,0.6506820182226623,0.6508025613134872,0.6509229667689602,0.651043229225541,0.6511633555982644,0.6512833425585852,0.6514031929002003,0.6515229053275345,0.6516424805771244,0.6517619193754791,0.6518812204146353,0.6520003864323669,0.6521194181266534,0.6522383121542589,0.6523570732389538,0.6524756980315108,0.6525941912272228,0.6527125494716765,0.6528307734288685,0.6529488637549955,0.6530668210986165,0.6531846461008972,0.6533023374050534,0.6534198976342761,0.6535373274086492,0.6536546233766584,0.6537717921009192,0.6540057324132948,0.6551676693278878
1530.0,0.5905473982099624,0.5931688591524853,0.5957356328096814,0.5982432112364485,0.6006876707322621,0.6030657214069498,0.6053748516012767,0.6076134195226727,0.609780637605998,0.6118766505510244,0.613902458125191,0.6158598747828977,0.6177514231154988,0.6195802110964004,0.6213497811910298,0.6230639881414537,0.6247268462510955,0.6263423895317218,0.6279145806139735,0.6294472203042288,0.6309438579213051,0.6324077691080571,0.6338419116608219,0.635248930732902,0.6366311407820017,0.637990560380746,0.639062855908092,0.6391959849714639,0.6393289154531137,0.6394616519696078,0.639594194464471,0.6397265428570973,0.639858699341323,0.6399906660707032,0.6401224428693069,0.6402540318245793,0.6403854327039874,0.6405166520857135,0.6406476828382567,0.6407785314739931,0.6409091976410937,0.6410396832294885,0.6411699900940715,0.6413001155492101,0.6414300636545324,0.6415598361752759,0.64168943036139,0.6418188524113596,0.6419480995268598,0.642077173368663,0.6422060755668962,0.6423348054995457,0.6424633669666553,0.6425917570807073,0.6427199817985373,0.642848035984113,0.6429759233316129,0.6431036452936214,0.643231203296204,0.6433585965470817,0.6434858264315904,0.6436128943099086,0.64373979715473,0.6438665428323721,0.6439931239226108,0.6441195460631957,0.6442458105062017,0.6443719163176279,0.6444978625555219,0.6446236547404663,0.6447492897310563,0.6448747665426543,0.645000088476838,0.6451252566585203,0.6452502721931495,0.6453751318945742,0.645499841116464,0.6456243966490769,0.6457488016701238,0.6458730550806043,0.6459971557775277,0.6461211090031825,0.6462449136179316,0.6463685663692957,0.6464920724412442,0.6466154306663403,0.646738639874945,0.646861700992345,0.6469846191168317,0.6471073888542234,0.6472300131842325,0.6473524929760874,0.6474748290858403,0.6475970182005397,0.6477190653192422,0.6478409691882935,0.6479627285543731,0.6480843462960609,0.6482058211428672,0.648327155944505,0.6484483494144021,0.6485694002674098,0.6486903113210832,0.6488110812755993,0.6489317129223284,0.6490522029061095,0.6491725560407613,0.64941284442746,0.6506060585328144
1540.0,0.5832142250365714,0.5859156333078979,0.5885708517603332,0.5911747693287094,0.5937226697849409,0.5962102675780276,0.5986338988616209,0.6009905795490862,0.6032781645380524,0.6054953371741578,0.6076416919347962,0.6097177111043511,0.611724727973036,0.6136648214987396,0.6155407359326236,0.6173557456172106,0.6191134906405109,0.6208178560675756,0.6224728323583746,0.6240823851977232,0.6256503703331856,0.6271804316694392,0.6286759664253665,0.6301400695538965,0.6315755284985669,0.632984799333753,0.634094823036929,0.6342325452738387,0.6343700415631205,0.6345073172419967,0.6346443751784917,0.6347812134038493,0.6349178347138374,0.6350542418544544,0.6351904351438755,0.635326417244708,0.635462190771721,0.6355977535631635,0.6357331081678922,0.635868259444273,0.6360032051341317,0.6361379476639512,0.6362724917579954,0.6364068327292213,0.6365409752335291,0.6366749215381267,0.6368086715443285,0.6369422251299984,0.6370755890968915,0.6372087586157064,0.6373417357907674,0.6374745249905666,0.6376071259314084,0.6377395383090901,0.6378717640896323,0.6380038029165868,0.6381356612604897,0.6382673364121456,0.6383988279345446,0.6385301353729027,0.6386612673183202,0.6387922187100123,0.6389229935342695,0.6390535912219469,0.639184008938564,0.6393142573266075,0.6394443289986276,0.6395742255529957,0.6397039507933153,0.6398335040179276,0.6399628889660847,0.640092100442105,0.6402211465842607,0.64035002216587,0.6404787308263379,0.6406072717482922,0.640735650717265,0.6408638602602251,0.640991906121154,0.6411197896040822,0.6412475076100778,0.6413750657912433,0.6415024610178395,0.641629698883214,0.6417567718773486,0.6418836855580028,0.6420104432654156,0.6421370396454253,0.6422634801737046,0.6423897616462291,0.6425158894861908,0.6426418604656751,0.6427676735137471,0.6428933339883701,0.6430188407796974,0.6431441906366213,0.6432693888553738,0.6433944342959524,0.6435193300709663,0.6436440728909827,0.6437686637197411,0.6438931035058786,0.6440173931832948,0.6441415336714514,0.6442655258757535,0.6443893664781967,0.6445130605795437,0.6447600043454468,0.6459859764334757
1550.0,0.5758044468707996,0.5785697683445693,0.5812978246710163,0.5839832668611464,0.5866208669946895,0.5892056974167031,0.5917332242007791,0.5941994151251431,0.5966009140654844,0.5989350706050313,0.6012000866452671,0.6033950337727654,0.605519869902211,0.6075754261138502,0.6095633416514024,0.6114859564892622,0.6133462217637382,0.6151475368158917,0.6168936169520416,0.6185883580479682,0.620235694261057,0.6218395016254435,0.6234035020454249,0.6249311815132256,0.6264257621040803,0.6278901547096323,0.6290416920474661,0.6291844522067442,0.6293269599188548,0.62946921379744,0.6296112174367496,0.6297529718774502,0.6298944806098152,0.6300357445826552,0.6301767647076916,0.630317544331543,0.6304580867433689,0.6305983927145415,0.6307384629813252,0.6308783031465972,0.6310179089555895,0.6311572834821421,0.6312964346169512,0.6314353604360422,0.6315740590034756,0.6317125356325098,0.6318507907345224,0.6319888295113082,0.6321266498782186,0.6322642521412154,0.6324016413692155,0.6325388201727075,0.632675783955103,0.6328125424216514,0.6329490885342439,0.6330854271473524,0.6332215630521197,0.6333574938867488,0.6334932196415961,0.6336287473456083,0.633764074549583,0.633899201144213,0.634034131679124,0.6341688636358154,0.6343034014881226,0.6344377449972666,0.6345718985506085,0.6347058572029325,0.6348396275985865,0.6349732070675451,0.6351065998574679,0.6352398055586443,0.6353728237431112,0.6355056585533093,0.635638307211223,0.6357707760819942,0.6359030623379862,0.6360351631519301,0.6361670893396025,0.6362988334633436,0.636430401713501,0.6365617911713379,0.636693003435962,0.6368240445852238,0.6369549071370617,0.6370855971206569,0.6372161115374496,0.6373464563464655,0.6374766307456894,0.6376066339224175,0.6377364650536106,0.6378661321993563,0.6379956278133303,0.6381249532482125,0.638254114257161,0.6383831121236385,0.6385119414941888,0.6386406058414855,0.6387691086016821,0.6388974443995439,0.6390256188335175,0.6391536330792816,0.6392814839261439,0.6394091725313172,0.6395367043847207,0.6396640740663838,0.63979128485618,0.6400452340706643,0.6413056060875819
1560.0,0.5683477716746121,0.5711611190018555,0.5739461409587957,0.5766974540887878,0.5794096880340535,0.5820775531748082,0.5846959758648976,0.5872601901666611,0.5897658897792476,0.5922093464036747,0.5945874935004734,0.5968980710789576,0.5991396492132787,0.6013116762029579,0.6034144914104486,0.6054492631730852,0.6074179200670695,0.6093230534588363,0.6111677785847933,0.6129556083755985,0.6146902933704288,0.6163757039701837,0.618015710706073,0.6196140675469372,0.6211743379325937,0.6226998460588031,0.6238972718684944,0.6240455949894946,0.6241936218831995,0.6243413622440123,0.6244888152023573,0.6246359850800233,0.6247828709337293,0.624929476986658,0.6250758048085204,0.6252218585067194,0.6253676395485503,0.6255131493597301,0.6256583918867873,0.6258033684556168,0.6259480829019028,0.6260925339090205,0.6262367302988849,0.6263806655869216,0.6265243484826466,0.6266677775020038,0.626810956177953,0.6269538829621903,0.6270965663121472,0.6272390045837487,0.6273812011074237,0.6275231566672741,0.6276648720122399,0.627806352813095,0.6279475947718248,0.6280886059377946,0.6282293844138342,0.6283699332057547,0.6285102552665017,0.6286503486021474,0.6287902160922716,0.6289298654399856,0.6290692896643281,0.6292084939510968,0.629347478572211,0.6294862486059963,0.6296248042380496,0.6297631432183907,0.6299012729016292,0.6300391885661749,0.630176895077041,0.6303143948466954,0.6304516878593246,0.6305887740744225,0.630725658177658,0.6308623376823532,0.6309988171951848,0.6311350941790943,0.6312711731641188,0.6314070539174479,0.6315427385332856,0.6316782290674487,0.6318135228591196,0.6319486242504716,0.632083535198854,0.6322182529726863,0.6323527818059078,0.6324871189265212,0.6326212708171413,0.632755236964218,0.6328890168379226,0.6330226098924748,0.6331560201607963,0.6332892493347233,0.6334222944974135,0.6335551595887383,0.6336878439408283,0.633820346872546,0.6339526767811001,0.6340848238369545,0.6342167963811418,0.6343485936361296,0.6344802148133811,0.6346116613667816,0.634742934724375,0.6348740340434199,0.6350049629548993,0.6352663060093161,0.6365629407544198
1570.0,0.5608720218963852,0.5637182996133802,0.566544811869305,0.56934638735791,0.5721177249106784,0.5748534626275411,0.5775482798299574,0.5801969977620521,0.5827946828548289,0.5853367967712447,0.587819287484974,0.5902387379368015,0.5925924492927033,0.5948785150216703,0.597095921728714,0.5992444997762545,0.6013249586554003,0.603338779347477,0.6052881881303945,0.6071759763044732,0.6090054038791483,0.6107800578928646,0.6125037058400673,0.6141801614646447,0.6158131976158685,0.6174064230527229,0.6186546390975173,0.6188091124527646,0.6189632490378386,0.6191170486246761,0.619270524653023,0.6194236712941742,0.6195764936506526,0.619728996751053,0.6198811828423608,0.620033051425447,0.6201846100672034,0.6203358581719645,0.6204868004883093,0.6206374363453526,0.6207877730564575,0.620937809855673,0.6210875512677605,0.6212369964524943,0.621386155116382,0.6215350210375552,0.6216836037977537,0.6218319023719769,0.6219799183339766,0.622127658434219,0.6222751189189444,0.6224223064307948,0.6225692197492961,0.622715867977761,0.6228622472117334,0.6230083612742805,0.6231542139252112,0.6232998037389352,0.6234451343857778,0.6235902120245075,0.6237350325534138,0.6238795994946812,0.6240239188436659,0.624167986405001,0.6243118080790743,0.6244553871699842,0.6245987219031859,0.6247418180076121,0.6248846736345887,0.6250272919126664,0.6251696759158076,0.6253118236958107,0.6254537407299923,0.6255954274746016,0.6257368843547337,0.6258781191550118,0.6260191248184613,0.6261599041325738,0.6263004647317559,0.6264408043883631,0.6265809257433028,0.6267208265231244,0.6268605117324038,0.626999981462495,0.6271392406163256,0.6272782867904491,0.6274171199847873,0.6275557473882281,0.6276941665093284,0.6278323772470721,0.6279703842584207,0.6281081849826678,0.6282457816181704,0.6283831810768966,0.6285203759613002,0.6286573731143694,0.6287941745782074,0.6289307776397709,0.6290671842935536,0.6292033964976693,0.6293394114830402,0.629475238186982,0.6296108714380119,0.6297463154133719,0.6298815695827731,0.6300166310758956,0.6301515109438486,0.6304207047889068,0.6317557244804257
1580.0,0.5534025899943952,0.5562678230261309,0.5591212846419373,0.5619581312902128,0.5647733120482252,0.5675615904811437,0.5703176781884816,0.5730362416084853,0.5757120344085856,0.5783400199515859,0.5809154581570469,0.5834340488112724,0.5858920279947837,0.5882863364925777,0.5906146279877448,0.5928754240743199,0.5950680884074181,0.5971928480989258,0.5992507663577492,0.6012436486627932,0.6031739559742344,0.6050446637760913,0.6068591547150463,0.608621053425799,0.6103340958525657,0.6120020283318175,0.6133063458630111,0.6134676084982289,0.6136284909965928,0.6137889906865347,0.6139491164377235,0.6141088655301592,0.6142682467163108,0.614427260079045,0.6145859113825904,0.6147442006407823,0.6149021335155991,0.6150597127719132,0.6152169411310231,0.6153738212705339,0.615530355823839,0.6156865529616931,0.6158424096171319,0.6159979282908055,0.6161531169751294,0.6163079752761815,0.6164625055386833,0.6166167128091136,0.6167705965824443,0.6169241672657089,0.6170774187871569,0.6172303587050765,0.617382989055717,0.617535309127403,0.6176873262838654,0.6178390424096213,0.6179904593460305,0.618141576214245,0.6182924028007943,0.6184429327869095,0.618593175834269,0.6187431308805514,0.6188928021364464,0.6190421937455286,0.6191913045210465,0.6193401332605866,0.6194886892234941,0.6196369763279285,0.6197849879990603,0.6199327333024587,0.620080210811358,0.6202274242625269,0.620374377330533,0.620521068473613,0.6206675012790721,0.6208136792736544,0.6209596008043087,0.6211052744218732,0.6212506932812337,0.6213958658279205,0.6215407953301764,0.6216854748721136,0.6218299177815577,0.621974117075327,0.6221180758649494,0.6222617972076333,0.622405284107002,0.6225485395137655,0.6226915563496631,0.6228343474808825,0.6229769107361274,0.6231192439355493,0.6232613498378968,0.6234032336211073,0.623544895467706,0.6236863330744651,0.623827553944537,0.6239685532528041,0.624109335961557,0.6242499045296377,0.6243902589376474,0.6245303991417923,0.6246703299224039,0.6248100463208316,0.6249495578807844,0.625088859588759,0.6252279560676575,0.6255055299732959,0.626881408609619
1590.0,0.5459619657057229,0.548833621683729,0.5517007380408134,0.554558894467998,0.5574034353144612,0.5602294104310059,0.5630317368110757,0.565805160857576,0.5685443883354248,0.5712441651211442,0.5738993482264055,0.576505052882261,0.5790567888277309,0.5815505018774043,0.5839827857126584,0.5863509176034577,0.5886529777056281,0.5908878822951948,0.5930553989031971,0.5951561513198085,0.5971915315782718,0.5991636322058709,0.6010751327912498,0.6029291685498577,0.6047291908996693,0.6064788290353086,0.6078447361958706,0.6080134716072002,0.6081817652424593,0.6083496329576543,0.6085170721890101,0.6086840895078159,0.6088506853760934,0.6090168662819316,0.6091826326408598,0.6093479938459124,0.6095129442705399,0.6096774932278023,0.6098416439933779,0.6100053998060639,0.6101687668131379,0.6103317393395826,0.6104943293478841,0.6106565369769864,0.6108183652720935,0.6109798172380257,0.6111408987330185,0.6113016097687873,0.6114619589819981,0.6116219405540787,0.6117815630293917,0.6119408319911888,0.6120997472577028,0.6122583114736463,0.6124165272406539,0.61257439993867,0.6127319292452228,0.6128891260505338,0.6130459843172498,0.6132025092204408,0.6133587058612573,0.6135145737146304,0.6136701205485615,0.6138253429817057,0.6139802514202841,0.6141348424034284,0.6142891207052752,0.6144430855615969,0.6145967498250046,0.6147501017185343,0.61490315668691,0.6150559083485364,0.6152083611574181,0.615360524882996,0.6155123930582921,0.6156639699711071,0.6158152598412913,0.6159662668215287,0.6161169870187074,0.61626742716406,0.6164175912504517,0.6165674779242556,0.6167170910867028,0.6168664345748974,0.6170155042959238,0.6171643092482677,0.617312847878911,0.6174611238297345,0.617609138083367,0.6177568941779544,0.6179043904189456,0.6180516328410514,0.6181986222474205,0.6183453594062202,0.6184918476145229,0.6186380875548114,0.6187840824281284,0.618929830286857,0.6190753393369447,0.619220607543849,0.6193656328633613,0.6195104233403274,0.619654979366077,0.6197993013018323,0.6199433894791665,0.6200872442003226,0.6202308732330662,0.6205174475346719,0.6219370485836744
1600.0,0.5385698057964334,0.541436759688106,0.5443056305865244,0.5471724727071452,0.5500330437763841,0.55288280582017,0.5557169894171212,0.5585306008172223,0.5613185131087535,0.5640754658655434,0.56679620897824,0.5694755684369035,0.5721085671712968,0.5746905097507017,0.5772171463863304,0.5796847406341169,0.5820902527078909,0.5844313473137746,0.5867065136664406,0.5889150918252406,0.5910572468378981,0.5931339710578951,0.595146971667513,0.5970986079992434,0.5989917418073167,0.6008296181021533,0.6022624740726487,0.6024393472979699,0.6026157263874482,0.6027916313502537,0.6029670561997953,0.6031420014921017,0.6033164806053584,0.6034904940245965,0.6036640422639395,0.6038371321942253,0.6040097643163953,0.604181939154428,0.6043536697865137,0.6045249566514918,0.604695800206875,0.6048662009267515,0.6050361716692131,0.6052057097328272,0.6053748186134305,0.605543504840425,0.6057117687683008,0.6058796198895351,0.6060470493858519,0.6062140757770045,0.6063806932414711,0.606546902047427,0.6067127144502926,0.6068781306105372,0.6070431536673212,0.6072077867230407,0.607372032842706,0.6075358921017049,0.6076993734002466,0.6078624767273028,0.6080252079180666,0.6081875639824258,0.6083495594096981,0.608511182411168,0.6086724502442942,0.6088333568890559,0.6089939078852238,0.6091541086980661,0.6093139589993796,0.6094734641541951,0.6096326266096761,0.6097914487705423,0.60994993299898,0.610108081614426,0.6102658997066943,0.6104233866811681,0.610580547526902,0.6107373871601933,0.6108939048583514,0.6110501054377356,0.6112059936430423,0.6113615631006597,0.6115168240084828,0.6116717809415471,0.61182643018289,0.6119807789646429,0.6121348235142189,0.6122885763929086,0.6124420310186394,0.6125951916760164,0.6127480625818356,0.6129006478858575,0.6130529462978435,0.6132049591941735,0.613356693259302,0.6135081444169822,0.6136593245700296,0.613810226897364,0.6139608578584147,0.6141112185399588,0.6142613099913756,0.6144111358551295,0.6145606970885974,0.6147099946128911,0.6148590345374305,0.6150078150701241,0.6151563396082917,0.6154526262348375,0.6169192841394079
